id,manufacturer,ordering_code_or_descriptor,quantity_for_four_petals,status,source_ids,conditions
COVER,Palram,PALSUN clear smooth both sides 2.5 mm,4 cut shapes,selected-for-unpowered-process-coupon,PALRAM_GUIDE,Nominal solid sheet; order descriptor only; numeric regional SKU and tolerance TBD; require measured 160x55 mm upper / 110x50 mm lower blanks or larger.
SKIN_CAST,Smooth-On,Clear Flex 30 / 1 Gallon Unit,4 custom molded skins,selected-for-unpowered-process-coupon,CLEARFLEX_TDS;CLEARFLEX_PACK,"7.08 kg verified package is much larger than four skins; mold and thickness capability not qualified. 0.4 mm flange / 1.5 mm face are custom target, not stock tolerances."
SKIN_FLAT_ALT,Rogers,"BISCO HT-6240 transparent 0.063 in, no adhesive",coupon only,alternative-contact-comparison,HT6240_TDS;HT6240_AVAILABILITY,1.600 +/-0.152 mm TDS; cannot directly replace FORM01 stepped skin; roll or converter cut/MOQ TBD.
RETAINER_SCREW,Accu,SIK-M2-12-A2,16 pieces,conditional-head-profile-check,ACCU_M2,4 per petal; PH0; no complete vendor head model; <=Z9 not established.
RETAINER_NUT,NBK,SHNS-M2,16 pieces,selected-nominal-isolated-petal-stack,NBK_M2_NUT,20 per pack; full back-side access required; torque/locking not selected.
RETAINER_WASHER,Wurth,51492,16 pieces,selected-nominal-isolated-petal-stack,WURTH_M2_WASHER,2.2x5x0.3 mm; complete bearing annulus confirmed in frozen STEP.
ROOT_BOLT,NBK,SSHS-M3-16-FT,16 pieces,selected-for-bench-root-only,NBK_M3,4 per petal; requires proposed 3 mm backing plate; actual robot hub unknown.
ROOT_NUT,Wurth,031093,16 pieces,selected-for-bench-root-only,WURTH_M3_NUT,"M3 steel class 6, AF5.5, H2.4; not proof of structural preload."
ROOT_WASHER,Wurth,51493,16 pieces,selected-for-bench-root-only,WURTH_M3_WASHER,3.2x7x0.5 mm behind 3 mm backing plate.
BENCH_BACKING,custom,"24x18x3 mm plate; 4x3.2 mm through, x7/17 y+/-4.5",4 pieces,proposed-fixture-requirement-not-CAD,FORM01,No new CAD in HW01; flat rear face with access below; not a robot hub or qualified load path.
FRAME_RETAINER,custom,Frozen FORM01 frame + front retainer,4 pairs,existing-geometric-study-not-manufacturing-release,FORM01,Aluminum grade/temper/manufacturing details remain outside this selection. M2 seat and skin clamp require FORM02 closure.
