kind,hand,contacts,assumed_mu,contact_x_mm,mass_rotor_known_kg,normal_N,friction_N,cam_N,hinge_torque_Nm,bearing_near_N,bearing_far_N,SKF607_8_static_ratio,CFS4_static_ratio,CFS4_structural_limit_ratio,catalogue_flat40HRC_track_ratio,planar4mm_width_track_proxy_ratio,force_residual_N,moment_residual_Nm
upper,left,2,0.2,35.0,0.12520182836667648,98.06649999999999,19.6133,586.1196488136371,3.3155934261024047,870.0035822578222,307.27958799865144,1.0919495268451334,1.9108726388323414,1.567939245613323,1.363202891452715,1.090562313162172,5.684341886080802e-14,8.881784197001252e-16
upper,left,4,0.2,35.0,0.12520182836667648,49.033249999999995,9.80665,293.14341557433806,1.6582695761024049,434.7515301908975,153.9158715549673,2.185156196190636,3.8206554897562754,3.134984281326801,2.7256283359957716,2.1805026687966174,2.842170943040401e-14,1.3322676295501878e-15
upper,left,2,0.2,65.0,0.12520182836667648,98.06649999999999,19.6133,1106.1958024928663,6.257588426102404,1649.4639224445368,565.5100239586047,0.5759446975912526,1.0124789819994122,0.8307751646941605,0.7222952737656521,0.5778362190125217,1.1368683772161603e-13,1.7763568394002505e-15
upper,left,4,0.2,65.0,0.12520182836667648,49.033249999999995,9.80665,553.1814924139526,3.1292670761024044,824.4814124465411,283.03361431936645,1.1522394388261572,2.024651972922279,1.6612992527817632,1.4443722556829475,1.155497804546358,0.0,8.881784197001252e-16
upper,left,2,0.2,95.0,0.12520182836667648,98.06649999999999,19.6133,1626.2719561720953,9.199583426102404,2429.3440791840926,824.8769799234266,0.39105205727756037,0.6886917011323531,0.565096136911279,0.4913077403613841,0.3930461922891073,0.0,1.119980844177526e-16
upper,left,4,0.2,95.0,0.12520182836667648,49.033249999999995,9.80665,813.2195692535671,4.600264576102404,1214.421431079575,412.7176502841442,0.7822655098860415,1.3772418204692474,1.1300761009028915,0.9825144772811863,0.7860115818249491,5.684341886080802e-14,8.881784197001252e-16
upper,left,2,0.3,35.0,0.12520182836667648,65.37766666666667,19.6133,383.8678112717147,2.171484259435738,566.18740691192,204.8413558874095,1.6778896676304715,2.9176710500668315,2.3940532991173376,2.081445686610177,1.6651565492881417,8.526512829121202e-14,2.220446049250313e-15
upper,left,4,0.3,35.0,0.12520182836667648,32.688833333333335,9.80665,192.01749680337682,1.0862149927690716,282.84346235509753,102.69675831474673,3.358748305829027,5.832801794863851,4.786022187035606,4.161079137585908,3.3288633100687264,0.0,2.220446049250313e-16
upper,left,2,0.3,65.0,0.12520182836667648,65.37766666666667,19.6133,730.5852470578674,4.1328142594357375,1085.8112954096237,376.9948725963448,0.8749218248292502,1.533017542457011,1.2578956442124938,1.0936437646635284,0.8749150117308228,5.684341886080802e-14,1.7763568394002505e-15
upper,left,4,0.3,65.0,0.12520182836667648,32.688833333333335,9.80665,365.37621469645313,2.066879992769071,542.6551017886851,188.7760390908371,1.7506515591001275,3.065333634074874,2.515215722959651,2.1867871193087716,1.7494296954470174,5.684341886080802e-14,8.881784197001252e-16
upper,left,2,0.3,95.0,0.12520182836667648,65.37766666666667,19.6133,1077.3026828440202,6.094144259435738,1605.72804982169,549.906152888962,0.5916319392349744,1.0396335383137274,0.8530564479556388,0.741667140279168,0.5933337122233345,1.1368683772161603e-13,1.119980844177526e-16
upper,left,4,0.3,95.0,0.12520182836667648,32.688833333333335,9.80665,538.7349325895295,3.047544992769071,802.6134172878295,275.2322369128635,1.1836333402078119,2.0789444534745725,1.705848172092082,1.4831041235055207,1.1864832988044167,0.0,1.7763568394002505e-15
upper,left,2,0.4,35.0,0.12520182836667648,49.033249999999995,19.6133,282.7418925007534,1.5994296761024047,414.2801652070182,153.622239844892,2.293134163266734,3.961209957583543,3.250314241981496,2.8258988893832595,2.260719111506608,5.684341886080802e-14,8.881784197001252e-16
upper,left,4,0.4,35.0,0.12520182836667648,24.516624999999998,9.80665,141.45453741789615,0.8001877011024047,206.8898628568308,77.08720310414394,4.591815117869775,7.917738239044306,6.496787001501533,5.648457904461072,4.518766323568858,0.0,6.661338147750939e-16
upper,left,2,0.4,65.0,0.12520182836667648,49.033249999999995,19.6133,542.779969340368,3.0704271761024047,803.985101782335,282.73729691731666,1.1816139352507504,2.063451238558266,1.6931354359241486,1.4720513746500488,1.177641099720039,5.684341886080802e-14,1.7763568394002505e-15
upper,left,4,0.4,65.0,0.12520182836667648,24.516624999999998,9.80665,271.4735758377035,1.5356864511024049,401.7420079467563,141.64725170350505,2.3647016772164524,4.125631736142068,3.385228183495143,2.943196211765636,2.354556969412509,2.842170943040401e-14,4.440892098500626e-16
upper,left,2,0.4,95.0,0.12520182836667648,49.033249999999995,19.6133,802.8180461799824,4.5414246761024035,1193.920072207915,412.42073937240707,0.7956981561112095,1.3950857299848354,1.144717665942914,0.9952441948731102,0.7961953558984882,5.684341886080802e-14,3.552713678800501e-15
upper,left,4,0.4,95.0,0.12520182836667648,24.516624999999998,9.80665,401.49261425751064,2.271185201102404,596.7094293938345,206.4895303004448,1.592064668669732,2.7895905434555535,2.2889586691389763,1.9900739680544528,1.5920591744435624,5.684341886080802e-14,1.119980844177526e-16
upper,left,2,0.6,35.0,0.12520182836667648,32.688833333333335,19.6133,181.6159737297922,1.0273750927690715,262.3747935931938,102.40312382858752,3.620774644507024,6.1668584376082105,5.060127593001737,4.399392760400857,3.519514208320686,0.0,1.100465205072787e-16
upper,left,4,0.6,35.0,0.12520182836667648,16.344416666666667,9.80665,90.89157803241552,0.514160409435738,130.9372249649377,51.4776507031174,7.255385168384242,12.322373802340232,10.110947789598816,8.790693453633791,7.032554762907033,1.4210854715202004e-14,3.3306690738754696e-16
upper,left,2,0.6,65.0,0.12520182836667648,32.688833333333335,19.6133,354.9746916228686,2.0080400927690714,522.1591606381403,188.47972124249316,1.8193686362583155,3.1551545122262064,2.5889169613713245,2.2508646922042312,1.800691753763385,8.526512829121202e-14,8.881784197001252e-16
upper,left,4,0.6,65.0,0.12520182836667648,16.344416666666667,9.80665,177.57093697895377,1.0044929094357382,260.82904367857896,94.51846476920284,3.642232423973038,6.307338458954833,5.17539646766026,4.499610204200814,3.5996881633606512,0.0,4.440892098500626e-16
upper,left,2,0.6,95.0,0.12520182836667648,32.688833333333335,19.6133,528.333409515945,2.9887050927690715,782.1121713517022,274.93532585720686,1.2146595268529603,2.1198735113611975,1.7394319258401256,1.5123026210514259,1.2098420968411407,0.0,8.881784197001252e-16
upper,left,4,0.6,95.0,0.12520182836667648,16.344416666666667,9.80665,264.25029592549197,1.4948254094357383,390.80548086518445,137.74682383428416,2.430876859497577,4.238405849565426,3.4777633712059166,3.023648458752478,2.4189187670019825,2.842170943040401e-14,8.881784197001252e-16
upper,right,2,0.2,35.0,0.12520182836667648,98.06649999999999,19.6133,586.1196488136371,3.3155934261024047,870.037540226149,307.31316425344204,1.0919069075491459,1.9108726388323414,1.567939245613323,1.363202891452715,1.090562313162172,5.684341886080802e-14,1.7763568394002505e-15
upper,right,4,0.2,35.0,0.12520182836667648,49.033249999999995,9.80665,293.14341557433806,1.6582695761024049,434.7854880990356,153.94944942931278,2.1849855296541283,3.8206554897562754,3.134984281326801,2.7256283359957716,2.1805026687966174,8.526512829121202e-14,4.440892098500626e-16
upper,right,2,0.2,65.0,0.12520182836667648,98.06649999999999,19.6133,1106.1958024928663,6.257588426102404,1649.4979194412178,565.5439079019347,0.5759328270761451,1.0124789819994122,0.8307751646941605,0.7222952737656521,0.5778362190125217,1.1368683772161603e-13,1.119980844177526e-16
upper,right,4,0.2,65.0,0.12520182836667648,49.033249999999995,9.80665,553.1814924139526,3.1292670761024044,824.5154094343934,283.0674985228635,1.1521919288951645,2.024651972922279,1.6612992527817632,1.4443722556829475,1.155497804546358,0.0,1.7763568394002505e-15
upper,right,2,0.2,95.0,0.12520182836667648,98.06649999999999,19.6133,1626.2719561720953,9.199583426102404,2429.378084283107,824.9109318098601,0.3910465835458208,0.6886917011323531,0.565096136911279,0.4913077403613841,0.3930461922891073,2.2737367544323206e-13,8.881784197001252e-15
upper,right,4,0.2,95.0,0.12520182836667648,49.033249999999995,9.80665,813.2195692535671,4.600264576102404,1214.455436175827,412.7516022544512,0.7822436062301594,1.3772418204692474,1.1300761009028915,0.9825144772811863,0.7860115818249491,5.684341886080802e-14,1.7763568394002505e-15
upper,right,2,0.3,35.0,0.12520182836667648,65.37766666666667,19.6133,383.8678112717147,2.171484259435738,566.2213622089265,204.87493211604897,1.67778904754474,2.9176710500668315,2.3940532991173376,2.081445686610177,1.6651565492881417,2.842170943040401e-14,4.440892098500626e-16
upper,right,4,0.3,35.0,0.12520182836667648,32.688833333333335,9.80665,192.01749680337682,1.0862149927690716,282.87741755500946,102.73033696957025,3.3583451383681386,5.832801794863851,4.786022187035606,4.161079137585908,3.3288633100687264,2.842170943040401e-14,2.220446049250313e-16
upper,right,2,0.3,65.0,0.12520182836667648,65.37766666666667,19.6133,730.5852470578674,4.1328142594357375,1085.8452920210086,377.02875653547915,0.8748944319976106,1.533017542457011,1.2578956442124938,1.0936437646635284,0.8749150117308228,5.684341886080802e-14,1.7763568394002505e-15
upper,right,4,0.3,65.0,0.12520182836667648,32.688833333333335,9.80665,365.37621469645313,2.066879992769071,542.6890983863119,188.80992341994448,1.7505418900523866,3.065333634074874,2.515215722959651,2.1867871193087716,1.7494296954470174,0.0,8.881784197001252e-16
upper,right,2,0.3,95.0,0.12520182836667648,65.37766666666667,19.6133,1077.3026828440202,6.094144259435738,1605.7620548008383,549.9401047740438,0.5916194103352553,1.0396335383137274,0.8530564479556388,0.741667140279168,0.5933337122233345,1.1368683772161603e-13,7.105427357601002e-15
upper,right,4,0.3,95.0,0.12520182836667648,32.688833333333335,9.80665,538.7349325895295,3.047544992769071,802.647422262724,275.26618892369385,1.183583194376776,2.0789444534745725,1.705848172092082,1.4831041235055207,1.1864832988044167,0.0,8.881784197001252e-16
upper,right,2,0.4,35.0,0.12520182836667648,49.033249999999995,19.6133,282.7418925007534,1.5994296761024047,414.31411762987807,153.65581604737736,2.2929462443485202,3.961209957583543,3.250314241981496,2.8258988893832595,2.260719111506608,5.684341886080802e-14,8.881784197001252e-16
upper,right,4,0.4,35.0,0.12520182836667648,24.516624999999998,9.80665,141.45453741789615,0.8001877011024047,206.92381514021258,77.12078253735369,4.591061687879065,7.917738239044306,6.496787001501533,5.648457904461072,4.518766323568858,0.0,6.661338147750939e-16
upper,right,2,0.4,65.0,0.12520182836667648,49.033249999999995,19.6133,542.779969340368,3.0704271761024047,804.0190979934208,282.7711808522554,1.181563973257478,2.063451238558266,1.6931354359241486,1.4720513746500488,1.177641099720039,5.684341886080802e-14,8.881784197001252e-16
upper,right,4,0.4,65.0,0.12520182836667648,24.516624999999998,9.80665,271.4735758377035,1.5356864511024049,401.7760041387743,141.6811361580378,2.364501588481795,4.125631736142068,3.385228183495143,2.943196211765636,2.354556969412509,8.526512829121202e-14,4.440892098500626e-16
upper,right,2,0.4,95.0,0.12520182836667648,49.033249999999995,19.6133,802.8180461799824,4.5414246761024035,1193.954077064058,412.4546912561366,0.7956754939319417,1.3950857299848354,1.144717665942914,0.9952441948731102,0.7961953558984882,5.684341886080802e-14,2.6645352591003757e-15
upper,right,4,0.4,95.0,0.12520182836667648,24.516624999999998,9.80665,401.49261425751064,2.271185201102404,596.743434244157,206.52348235175754,1.5919739463967162,2.7895905434555535,2.2889586691389763,1.9900739680544528,1.5920591744435624,1.1368683772161603e-13,1.7763568394002505e-15
upper,right,2,0.6,35.0,0.12520182836667648,32.688833333333335,19.6133,181.6159737297922,1.0273750927690715,262.40873957229985,102.4366999787556,3.620306250273545,6.1668584376082105,5.060127593001737,4.399392760400857,3.519514208320686,2.842170943040401e-14,4.440892098500626e-16
upper,right,4,0.6,35.0,0.12520182836667648,16.344416666666667,9.80665,90.89157803241552,0.514160409435738,130.97117069978512,51.51123168685382,7.25350468293217,12.322373802340232,10.110947789598816,8.790693453633791,7.032554762907033,1.4210854715202004e-14,1.1102230246251565e-16
upper,right,2,0.6,65.0,0.12520182836667648,32.688833333333335,19.6133,354.9746916228686,2.0080400927690714,522.1931560004091,188.51360516903966,1.8192501933121004,3.1551545122262064,2.5889169613713245,2.2508646922042312,1.800691753763385,2.842170943040401e-14,8.881784197001252e-16
upper,right,4,0.6,65.0,0.12520182836667648,16.344416666666667,9.80665,177.57093697895377,1.0044929094357382,260.86303900989833,94.55234947403288,3.641757772989652,6.307338458954833,5.17539646766026,4.499610204200814,3.5996881633606512,2.842170943040401e-14,1.100465205072787e-16
upper,right,2,0.6,95.0,0.12520182836667648,32.688833333333335,19.6133,528.333409515945,2.9887050927690715,782.1461759519781,274.96927773823234,1.2146067182949798,2.1198735113611975,1.7394319258401256,1.5123026210514259,1.2098420968411407,0.0,2.6645352591003757e-15
upper,right,4,0.6,95.0,0.12520182836667648,16.344416666666667,9.80665,264.25029592549197,1.4948254094357383,390.8394854562546,137.78077596643868,2.4306653635340805,4.238405849565426,3.4777633712059166,3.023648458752478,2.4189187670019825,2.842170943040401e-14,8.881784197001252e-16
lower,left,2,0.2,35.0,0.10023978763490897,98.06649999999999,19.6133,586.1526620108476,3.3157801769473343,870.2034537183592,307.20296520935403,1.091698723948603,1.9107650149668223,1.5678509363879551,1.3631261133557955,1.0905008906846365,5.684341886080802e-14,8.881784197001252e-16
lower,left,4,0.2,35.0,0.10023978763490897,49.033249999999995,9.80665,293.1764287715485,1.6584563269473342,434.95140135806406,153.839245425032,2.184152061664318,3.8202252639919294,3.1346312657219495,2.725321416008528,2.180257132806823,2.842170943040401e-14,8.881784197001252e-16
lower,left,2,0.2,65.0,0.10023978763490897,98.06649999999999,19.6133,1106.2288156900768,6.257775176947334,1649.664023568185,565.4326987030474,0.5758748365895572,1.0124487665793922,0.830750371862912,0.7222737183008342,0.5778189746406674,0.0,1.7763568394002505e-15
lower,left,4,0.2,65.0,0.10023978763490897,49.033249999999995,9.80665,553.2145056111631,3.129453826947334,824.681513527149,282.95628852735774,1.1519598589482938,2.0245311513708075,1.661200114383725,1.4442860624511384,1.1554288499609109,0.0,1.7763568394002505e-15
lower,left,2,0.2,95.0,0.10023978763490897,98.06649999999999,19.6133,1626.304969369306,9.199770176947334,2429.544227990715,824.7994995783482,0.39101984193375655,0.6886777210269147,0.5650846657354773,0.49129776705402217,0.3930382136432178,0.0,1.7763568394002505e-15
lower,left,4,0.2,95.0,0.10023978763490897,49.033249999999995,9.80665,813.2525824507776,4.600451326947334,1214.6215798727267,412.6401697661462,0.7821366059538849,1.3771859126777362,1.1300302265632496,0.9824745930620635,0.7859796744496509,5.684341886080802e-14,8.881784197001252e-16
lower,left,2,0.3,35.0,0.10023978763490897,65.37766666666667,19.6133,383.9008244689252,2.171671010280668,566.3872626866485,204.76473333744417,1.6772976064004175,2.9174201476367454,2.393847424712651,2.081266694608714,1.6650133556869713,5.684341886080802e-14,8.881784197001252e-16
lower,left,4,0.3,35.0,0.10023978763490897,32.688833333333335,9.80665,192.05051000058728,1.086401743614001,283.0433176566671,102.62013075833302,3.356376712459096,5.831799144905031,4.7851994769354675,4.160363854267072,3.328291083413657,0.0,2.220446049250313e-16
lower,left,2,0.3,65.0,0.10023978763490897,65.37766666666667,19.6133,730.6182602550779,4.133001010280667,1086.0113942704504,376.91754737917194,0.8747606194667794,1.5329482726163712,1.2578388058343262,1.0935943480540005,0.8748754784432006,5.684341886080802e-14,8.881784197001252e-16
lower,left,4,0.3,65.0,0.10023978763490897,32.688833333333335,9.80665,365.4092278936636,2.0670667436140007,542.8552005824462,188.69871306938492,1.7500062613026743,3.0650566939867403,2.51498848372662,2.1865895522280407,1.7492716417824326,2.842170943040401e-14,4.440892098500626e-16
lower,left,2,0.3,95.0,0.10023978763490897,65.37766666666667,19.6133,1077.3356960412307,6.094331010280667,1605.9281979242978,549.8286725562505,0.5915582036780341,1.0396016804377162,0.8530303074305903,0.7416444130979779,0.5933155304783824,0.0,3.552713678800501e-15
lower,left,4,0.3,95.0,0.10023978763490897,32.688833333333335,9.80665,538.76794578674,3.047731743614001,802.8135653697024,275.15475632086094,1.1833382505968457,2.078817065414891,1.70574364563954,1.483013245773659,1.1864105966189271,0.0,1.7763568394002505e-15
lower,left,2,0.4,35.0,0.10023978763490897,49.033249999999995,19.6133,282.7749056979639,1.599616426947334,414.4800041076059,153.54561753435223,2.29202854319931,3.960747497149866,3.2499347766792206,2.8255689734131635,2.260455178730531,2.842170943040401e-14,4.440892098500626e-16
lower,left,4,0.4,35.0,0.10023978763490897,24.516624999999998,9.80665,141.48755061510664,0.8003744519473343,207.08970107786627,77.01057412433894,4.587384090350285,7.9158907983839075,6.495271110459653,5.6471399534899485,4.517711962791958,1.4210854715202004e-14,4.440892098500626e-16
lower,left,2,0.4,65.0,0.10023978763490897,49.033249999999995,19.6133,542.8129825375786,3.0706139269473343,804.1851982924131,282.6599717385367,1.1813199273217243,2.063325742070775,1.6930324615741448,1.4719618463522761,1.177569477081821,0.0,8.881784197001252e-16
lower,left,4,0.4,65.0,0.10023978763490897,24.516624999999998,9.80665,271.50658903491393,1.5358732019473342,401.942104363897,141.56992545288196,2.363524472021773,4.125130089774637,3.3848165647347246,2.942838340830299,2.3542706726642395,2.842170943040401e-14,4.440892098500626e-16
lower,left,2,0.4,95.0,0.10023978763490897,49.033249999999995,19.6133,802.851059377193,4.541611426947333,1194.120219588119,412.34325905206424,0.7955647885500825,1.3950283641262595,1.1446705952071718,0.9952032704793584,0.7961626163834867,1.1368683772161603e-13,1.7763568394002505e-15
lower,left,4,0.4,95.0,0.10023978763490897,24.516624999999998,9.80665,401.52562745472113,2.2713719519473337,596.909576745663,206.41204963449798,1.5915308398625094,2.7893611849876234,2.288770472324666,1.9899103453617064,1.5919282762893652,2.842170943040401e-14,4.440892098500626e-16
lower,left,2,0.6,35.0,0.10023978763490897,32.688833333333335,19.6133,181.64898692700265,1.0275618436140008,262.57459467209355,102.32650199717993,3.6180194858012515,6.165737662220392,5.05920795676834,4.398593207244726,3.5188745657957816,1.4210854715202004e-14,2.220446049250313e-16
lower,left,4,0.6,35.0,0.10023978763490897,16.344416666666667,9.80665,90.92459122962603,0.5143471602806676,131.1370248543434,51.40101888575579,7.244330890190506,12.317899754660315,10.107276673690027,8.787501699976422,7.030001359981138,1.4210854715202004e-14,1.1102230246251565e-16
lower,left,2,0.6,65.0,0.10023978763490897,32.688833333333335,19.6133,355.0077048200791,2.008226843614001,522.3592521641754,188.40239614052334,1.8186717207823457,3.1548611052473507,2.588676210466353,2.2506553777612797,1.800524302209024,0.0,8.881784197001252e-16
lower,left,4,0.6,65.0,0.10023978763490897,16.344416666666667,9.80665,177.60395017616423,1.0046796602806676,261.0291350538002,94.44113806105452,3.639440477800294,6.306166044668934,5.174434459866741,4.498773812223641,3.599019049778913,0.0,2.220446049250313e-16
lower,left,2,0.6,95.0,0.10023978763490897,32.688833333333335,19.6133,528.3664227131555,2.988891843614001,782.3123172293209,274.85784556160695,1.2143487697657258,2.119741058201263,1.739323243291929,1.5122081299132222,1.2097665039305778,0.0,1.0928757898653885e-16
lower,left,4,0.6,95.0,0.10023978763490897,16.344416666666667,9.80665,264.28330912270246,1.4950121602806676,391.005626697934,137.6693430206301,2.4296325554770326,4.237876405127053,3.4773289431355017,3.023270756871889,2.4186166054975113,0.0,8.881784197001252e-16
lower,right,2,0.2,35.0,0.10023978763490897,98.06649999999999,19.6133,586.1526620108476,3.3157801769473343,870.1809559666352,307.18072056134156,1.0917269488444483,1.9107650149668223,1.5678509363879551,1.3631261133557955,1.0905008906846365,5.684341886080802e-14,1.7763568394002505e-15
lower,right,4,0.2,35.0,0.10023978763490897,49.033249999999995,9.80665,293.1764287715485,1.6584563269473342,434.9289036320383,153.81699989984182,2.1842650420946175,3.8202252639919294,3.1346312657219495,2.725321416008528,2.180257132806823,2.842170943040401e-14,1.3322676295501878e-15
lower,right,2,0.2,65.0,0.10023978763490897,98.06649999999999,19.6133,1106.2288156900768,6.257775176947334,1649.6414999715694,565.4102500400217,0.5758826993721804,1.0124487665793922,0.830750371862912,0.7222737183008342,0.5778189746406674,0.0,1.0928757898653885e-16
lower,right,4,0.2,65.0,0.10023978763490897,49.033249999999995,9.80665,553.2145056111631,3.129453826947334,824.6589899343045,282.9338397235184,1.1519913219835034,2.0245311513708075,1.661200114383725,1.4442860624511384,1.1554288499609109,0.0,1.7763568394002505e-15
lower,right,2,0.2,95.0,0.10023978763490897,98.06649999999999,19.6133,1626.304969369306,9.199770176947334,2429.52169902759,824.7770058803443,0.39102346786210435,0.6886777210269147,0.5650846657354773,0.49129776705402217,0.3930382136432178,0.0,3.552713678800501e-15
lower,right,4,0.2,95.0,0.10023978763490897,49.033249999999995,9.80665,813.2525824507776,4.600451326947334,1214.5990509107814,412.61767602275825,0.7821511133963355,1.3771859126777362,1.1300302265632496,0.9824745930620635,0.7859796744496509,5.684341886080802e-14,8.881784197001252e-16
lower,right,2,0.3,35.0,0.10023978763490897,65.37766666666667,19.6133,383.9008244689252,2.171671010280668,566.3647666960641,204.7424888057567,1.6773642286081882,2.9174201476367454,2.393847424712651,2.081266694608714,1.6650133556869713,5.684341886080802e-14,1.3322676295501878e-15
lower,right,4,0.3,35.0,0.10023978763490897,32.688833333333335,9.80665,192.05051000058728,1.086401743614001,283.020821707519,102.59788491157994,3.3566434945261885,5.831799144905031,4.7851994769354675,4.160363854267072,3.328291083413657,0.0,1.0928757898653885e-16
lower,right,2,0.3,65.0,0.10023978763490897,65.37766666666667,19.6133,730.6182602550779,4.133001010280667,1085.988870927942,376.8950987347981,0.874778761948321,1.5329482726163712,1.2578388058343262,1.0935943480540005,0.8748754784432006,5.684341886080802e-14,2.6645352591003757e-15
lower,right,4,0.3,65.0,0.10023978763490897,32.688833333333335,9.80665,365.4092278936636,2.0670667436140007,542.8326772458132,188.67626421385268,1.750078872959609,3.0650566939867403,2.51498848372662,2.1865895522280407,1.7492716417824326,2.842170943040401e-14,1.0928757898653885e-16
lower,right,2,0.3,95.0,0.10023978763490897,65.37766666666667,19.6133,1077.3356960412307,6.094331010280667,1605.905669040236,549.8061788642553,0.5915665025130425,1.0396016804377162,0.8530303074305903,0.7416444130979779,0.5933155304783824,0.0,3.552713678800501e-15
lower,right,4,0.3,95.0,0.10023978763490897,32.688833333333335,9.80665,538.76794578674,3.047731743614001,802.7910364874573,275.1322625608035,1.183371458850167,2.078817065414891,1.70574364563954,1.483013245773659,1.1864105966189271,0.0,8.881784197001252e-16
lower,right,2,0.4,35.0,0.10023978763490897,49.033249999999995,19.6133,282.7749056979639,1.599616426947334,414.4575100112639,153.52337311905993,2.292152939813255,3.960747497149866,3.2499347766792206,2.8255689734131635,2.260455178730531,2.842170943040401e-14,8.881784197001252e-16
lower,right,4,0.4,35.0,0.10023978763490897,24.516624999999998,9.80665,141.48755061510664,0.8003744519473343,207.06720704101815,76.98832795655844,4.587882425109513,7.9158907983839075,6.495271110459653,5.6471399534899485,4.517711962791958,1.4210854715202004e-14,2.220446049250313e-16
lower,right,2,0.4,65.0,0.10023978763490897,49.033249999999995,19.6133,542.8129825375786,3.0706139269473343,804.162675213864,282.63752311282104,1.1813530138629615,2.063325742070775,1.6930324615741448,1.4719618463522761,1.177569477081821,0.0,3.3480163086352377e-16
lower,right,4,0.4,65.0,0.10023978763490897,24.516624999999998,9.80665,271.50658903491393,1.5358732019473342,401.9195812934884,141.5474765457041,2.363656920975677,4.125130089774637,3.3848165647347246,2.942838340830299,2.3542706726642395,2.842170943040401e-14,3.3133218391157016e-16
lower,right,2,0.4,95.0,0.10023978763490897,49.033249999999995,19.6133,802.851059377193,4.541611426947333,1194.0976907851816,412.3207653660793,0.7955797983122515,1.3950283641262595,1.1446705952071718,0.9952032704793584,0.7961626163834867,0.0,1.0928757898653885e-16
lower,right,4,0.4,95.0,0.10023978763490897,24.516624999999998,9.80665,401.52562745472113,2.2713719519473337,596.8870479452114,206.38955585778157,1.5915909103244623,2.7893611849876234,2.288770472324666,1.9899103453617064,1.5919282762893652,2.842170943040401e-14,8.881784197001252e-16
lower,right,2,0.6,35.0,0.10023978763490897,32.688833333333335,19.6133,181.64898692700265,1.0275618436140008,262.55210482034465,102.30425781488815,3.618329400368175,6.165737662220392,5.05920795676834,4.398593207244726,3.5188745657957816,1.4210854715202004e-14,1.0928757898653885e-16
lower,right,4,0.6,35.0,0.10023978763490897,16.344416666666667,9.80665,90.92459122962603,0.5143471602806676,131.11453510666976,51.37877207752226,7.245573492116007,12.317899754660315,10.107276673690027,8.787501699976422,7.030001359981138,0.0,1.1102230246251565e-16
lower,right,2,0.6,65.0,0.10023978763490897,32.688833333333335,19.6133,355.0077048200791,2.008226843614001,522.3367296451961,188.37994755214257,1.8187501396757981,3.1548611052473507,2.588676210466353,2.2506553777612797,1.800524302209024,5.684341886080802e-14,4.440892098500626e-16
lower,right,4,0.6,65.0,0.10023978763490897,16.344416666666667,9.80665,177.60395017616423,1.0046796602806676,261.00661254802736,94.41868905072681,3.6397545285378246,6.306166044668934,5.174434459866741,4.498773812223641,3.599019049778913,0.0,6.661338147750939e-16
lower,right,2,0.6,95.0,0.10023978763490897,32.688833333333335,19.6133,528.3664227131555,2.988891843614001,782.2897885951056,274.8353518876466,1.2143837409741483,2.119741058201263,1.739323243291929,1.5122081299132222,1.2097665039305778,0.0,1.0928757898653885e-16
lower,right,4,0.6,95.0,0.10023978763490897,16.344416666666667,9.80665,264.28330912270246,1.4950121602806676,390.9830980676489,137.64684921062712,2.429772552049369,4.237876405127053,3.4773289431355017,3.023270756871889,2.4186166054975113,0.0,4.440892098500626e-16
