model,TCP_offset_mm,axis,sampled_abs_max_gravity_Nm,triangle_upper_bound_Nm
RH_frozen,150.0,J1,0.0,0.0
RH_frozen,150.0,J2,44.8850149312335,52.556943418542694
RH_frozen,150.0,J3,21.499337402539737,43.03303143856983
RH_frozen,150.0,J4,19.208349398443488,23.038180007974418
RH_frozen,150.0,J5,7.480239196905266,17.229519785372375
RH_frozen,150.0,J6,5.586449497090541,7.1708288279083385
RH_frozen,150.0,J7,7.105427357601002e-15,0.0
eRob_mass_only_frozen_COM,150.0,J1,0.0,0.0
eRob_mass_only_frozen_COM,150.0,J2,41.7059097347723,48.87387347146464
eRob_mass_only_frozen_COM,150.0,J3,20.7311738211853,40.24821017341918
eRob_mass_only_frozen_COM,150.0,J4,18.645906027950588,22.32404984965756
eRob_mass_only_frozen_COM,150.0,J5,7.535167718252085,16.836548619176853
eRob_mass_only_frozen_COM,150.0,J6,5.58267401343027,7.224897386035331
eRob_mass_only_frozen_COM,150.0,J7,7.105427357601002e-15,0.0
RH_frozen,200.0,J1,0.0,0.0
RH_frozen,200.0,J2,45.804789249257844,53.537608418542696
RH_frozen,200.0,J3,22.455029432400227,44.01369643856982
RH_frozen,200.0,J4,20.149850815342766,24.018845007974416
RH_frozen,200.0,J5,8.243643958027612,18.21018478537237
RH_frozen,200.0,J6,6.567094603654256,8.151493827908338
RH_frozen,200.0,J7,6.661338147750939e-15,0.0
eRob_mass_only_frozen_COM,200.0,J1,0.0,0.0
eRob_mass_only_frozen_COM,200.0,J2,42.63964824666471,49.85453847146464
eRob_mass_only_frozen_COM,200.0,J3,21.691002999643974,41.22887517341918
eRob_mass_only_frozen_COM,200.0,J4,19.58740744484987,23.304714849657557
eRob_mass_only_frozen_COM,200.0,J5,8.293824454792267,17.817213619176854
eRob_mass_only_frozen_COM,200.0,J6,6.563319119993985,8.20556238603533
eRob_mass_only_frozen_COM,200.0,J7,6.661338147750939e-15,0.0
