ref,quantity,manufacturer_part_number,value,footprint,side,x_mm,y_mm,selection_status,source_url,notes
U1,1,LP5860RKPR,11x18 driver,TI_RKP0040B,B,43,0,circuit-prototype-candidate,https://www.ti.com/lit/ds/symlink/lp5860.pdf,
D1,1,150060YS75000,Yellow 590nm,WE_150060YS75000,F,24,-8,circuit-prototype-candidate,https://www.we-online.com/components/products/datasheet/150060YS75000.pdf,SW0/CS0; no change from HLIO-01
D2,1,150060YS75000,Yellow 590nm,WE_150060YS75000,F,24,-4,circuit-prototype-candidate,https://www.we-online.com/components/products/datasheet/150060YS75000.pdf,SW1/CS0; no change from HLIO-01
D3,1,150060YS75000,Yellow 590nm,WE_150060YS75000,F,24,0,circuit-prototype-candidate,https://www.we-online.com/components/products/datasheet/150060YS75000.pdf,SW2/CS0; no change from HLIO-01
D4,1,150060YS75000,Yellow 590nm,WE_150060YS75000,F,24,4,circuit-prototype-candidate,https://www.we-online.com/components/products/datasheet/150060YS75000.pdf,SW3/CS0; no change from HLIO-01
D5,1,150060YS75000,Yellow 590nm,WE_150060YS75000,F,24,8,circuit-prototype-candidate,https://www.we-online.com/components/products/datasheet/150060YS75000.pdf,SW4/CS0; no change from HLIO-01
D6,1,150060YS75000,Yellow 590nm,WE_150060YS75000,F,28,-12,circuit-prototype-candidate,https://www.we-online.com/components/products/datasheet/150060YS75000.pdf,SW5/CS0; no change from HLIO-01
D7,1,150060YS75000,Yellow 590nm,WE_150060YS75000,F,28,-8,circuit-prototype-candidate,https://www.we-online.com/components/products/datasheet/150060YS75000.pdf,SW6/CS0; no change from HLIO-01
D8,1,150060YS75000,Yellow 590nm,WE_150060YS75000,F,28,-4,circuit-prototype-candidate,https://www.we-online.com/components/products/datasheet/150060YS75000.pdf,SW7/CS0; no change from HLIO-01
D9,1,150060YS75000,Yellow 590nm,WE_150060YS75000,F,28,0,circuit-prototype-candidate,https://www.we-online.com/components/products/datasheet/150060YS75000.pdf,SW8/CS0; no change from HLIO-01
D10,1,150060YS75000,Yellow 590nm,WE_150060YS75000,F,28,4,circuit-prototype-candidate,https://www.we-online.com/components/products/datasheet/150060YS75000.pdf,SW9/CS0; no change from HLIO-01
D11,1,150060YS75000,Yellow 590nm,WE_150060YS75000,F,28,8,circuit-prototype-candidate,https://www.we-online.com/components/products/datasheet/150060YS75000.pdf,SW10/CS0; no change from HLIO-01
D12,1,150060YS75000,Yellow 590nm,WE_150060YS75000,F,28,12,circuit-prototype-candidate,https://www.we-online.com/components/products/datasheet/150060YS75000.pdf,SW0/CS1; no change from HLIO-01
D13,1,150060YS75000,Yellow 590nm,WE_150060YS75000,F,32,-12,circuit-prototype-candidate,https://www.we-online.com/components/products/datasheet/150060YS75000.pdf,SW1/CS1; no change from HLIO-01
D14,1,150060YS75000,Yellow 590nm,WE_150060YS75000,F,32,-8,circuit-prototype-candidate,https://www.we-online.com/components/products/datasheet/150060YS75000.pdf,SW2/CS1; no change from HLIO-01
D15,1,150060YS75000,Yellow 590nm,WE_150060YS75000,F,32,-4,circuit-prototype-candidate,https://www.we-online.com/components/products/datasheet/150060YS75000.pdf,SW3/CS1; no change from HLIO-01
D16,1,150060YS75000,Yellow 590nm,WE_150060YS75000,F,32,0,circuit-prototype-candidate,https://www.we-online.com/components/products/datasheet/150060YS75000.pdf,SW4/CS1; no change from HLIO-01
D17,1,150060YS75000,Yellow 590nm,WE_150060YS75000,F,32,4,circuit-prototype-candidate,https://www.we-online.com/components/products/datasheet/150060YS75000.pdf,SW5/CS1; no change from HLIO-01
D18,1,150060YS75000,Yellow 590nm,WE_150060YS75000,F,32,8,circuit-prototype-candidate,https://www.we-online.com/components/products/datasheet/150060YS75000.pdf,SW6/CS1; no change from HLIO-01
D19,1,150060YS75000,Yellow 590nm,WE_150060YS75000,F,32,12,circuit-prototype-candidate,https://www.we-online.com/components/products/datasheet/150060YS75000.pdf,SW7/CS1; no change from HLIO-01
D20,1,150060YS75000,Yellow 590nm,WE_150060YS75000,F,36,-12,circuit-prototype-candidate,https://www.we-online.com/components/products/datasheet/150060YS75000.pdf,SW8/CS1; no change from HLIO-01
D21,1,150060YS75000,Yellow 590nm,WE_150060YS75000,F,36,-8,circuit-prototype-candidate,https://www.we-online.com/components/products/datasheet/150060YS75000.pdf,SW9/CS1; no change from HLIO-01
D22,1,150060YS75000,Yellow 590nm,WE_150060YS75000,F,36,-4,circuit-prototype-candidate,https://www.we-online.com/components/products/datasheet/150060YS75000.pdf,SW10/CS1; no change from HLIO-01
D23,1,150060YS75000,Yellow 590nm,WE_150060YS75000,F,36,0,circuit-prototype-candidate,https://www.we-online.com/components/products/datasheet/150060YS75000.pdf,SW0/CS2; no change from HLIO-01
D24,1,150060YS75000,Yellow 590nm,WE_150060YS75000,F,36,4,circuit-prototype-candidate,https://www.we-online.com/components/products/datasheet/150060YS75000.pdf,SW1/CS2; no change from HLIO-01
D25,1,150060YS75000,Yellow 590nm,WE_150060YS75000,F,36,8,circuit-prototype-candidate,https://www.we-online.com/components/products/datasheet/150060YS75000.pdf,SW2/CS2; no change from HLIO-01
D26,1,150060YS75000,Yellow 590nm,WE_150060YS75000,F,36,12,circuit-prototype-candidate,https://www.we-online.com/components/products/datasheet/150060YS75000.pdf,SW3/CS2; no change from HLIO-01
D27,1,150060YS75000,Yellow 590nm,WE_150060YS75000,F,40,-12,circuit-prototype-candidate,https://www.we-online.com/components/products/datasheet/150060YS75000.pdf,SW4/CS2; no change from HLIO-01
D28,1,150060YS75000,Yellow 590nm,WE_150060YS75000,F,40,-8,circuit-prototype-candidate,https://www.we-online.com/components/products/datasheet/150060YS75000.pdf,SW5/CS2; no change from HLIO-01
D29,1,150060YS75000,Yellow 590nm,WE_150060YS75000,F,40,-4,circuit-prototype-candidate,https://www.we-online.com/components/products/datasheet/150060YS75000.pdf,SW6/CS2; no change from HLIO-01
D30,1,150060YS75000,Yellow 590nm,WE_150060YS75000,F,40,0,circuit-prototype-candidate,https://www.we-online.com/components/products/datasheet/150060YS75000.pdf,SW7/CS2; no change from HLIO-01
D31,1,150060YS75000,Yellow 590nm,WE_150060YS75000,F,40,4,circuit-prototype-candidate,https://www.we-online.com/components/products/datasheet/150060YS75000.pdf,SW8/CS2; no change from HLIO-01
D32,1,150060YS75000,Yellow 590nm,WE_150060YS75000,F,40,8,circuit-prototype-candidate,https://www.we-online.com/components/products/datasheet/150060YS75000.pdf,SW9/CS2; no change from HLIO-01
D33,1,150060YS75000,Yellow 590nm,WE_150060YS75000,F,40,12,circuit-prototype-candidate,https://www.we-online.com/components/products/datasheet/150060YS75000.pdf,SW10/CS2; no change from HLIO-01
D34,1,150060YS75000,Yellow 590nm,WE_150060YS75000,F,44,-12,circuit-prototype-candidate,https://www.we-online.com/components/products/datasheet/150060YS75000.pdf,SW0/CS3; no change from HLIO-01
D35,1,150060YS75000,Yellow 590nm,WE_150060YS75000,F,44,-8,circuit-prototype-candidate,https://www.we-online.com/components/products/datasheet/150060YS75000.pdf,SW1/CS3; no change from HLIO-01
D36,1,150060YS75000,Yellow 590nm,WE_150060YS75000,F,44,-4,circuit-prototype-candidate,https://www.we-online.com/components/products/datasheet/150060YS75000.pdf,SW2/CS3; no change from HLIO-01
D37,1,150060YS75000,Yellow 590nm,WE_150060YS75000,F,44,0,circuit-prototype-candidate,https://www.we-online.com/components/products/datasheet/150060YS75000.pdf,SW3/CS3; no change from HLIO-01
D38,1,150060YS75000,Yellow 590nm,WE_150060YS75000,F,44,4,circuit-prototype-candidate,https://www.we-online.com/components/products/datasheet/150060YS75000.pdf,SW4/CS3; no change from HLIO-01
D39,1,150060YS75000,Yellow 590nm,WE_150060YS75000,F,44,8,circuit-prototype-candidate,https://www.we-online.com/components/products/datasheet/150060YS75000.pdf,SW5/CS3; no change from HLIO-01
D40,1,150060YS75000,Yellow 590nm,WE_150060YS75000,F,44,12,circuit-prototype-candidate,https://www.we-online.com/components/products/datasheet/150060YS75000.pdf,SW6/CS3; no change from HLIO-01
D41,1,150060YS75000,Yellow 590nm,WE_150060YS75000,F,48,-12,circuit-prototype-candidate,https://www.we-online.com/components/products/datasheet/150060YS75000.pdf,SW7/CS3; no change from HLIO-01
D42,1,150060YS75000,Yellow 590nm,WE_150060YS75000,F,48,-8,circuit-prototype-candidate,https://www.we-online.com/components/products/datasheet/150060YS75000.pdf,SW8/CS3; no change from HLIO-01
D43,1,150060YS75000,Yellow 590nm,WE_150060YS75000,F,48,-4,circuit-prototype-candidate,https://www.we-online.com/components/products/datasheet/150060YS75000.pdf,SW9/CS3; no change from HLIO-01
D44,1,150060YS75000,Yellow 590nm,WE_150060YS75000,F,48,0,circuit-prototype-candidate,https://www.we-online.com/components/products/datasheet/150060YS75000.pdf,SW10/CS3; no change from HLIO-01
D45,1,150060YS75000,Yellow 590nm,WE_150060YS75000,F,48,4,circuit-prototype-candidate,https://www.we-online.com/components/products/datasheet/150060YS75000.pdf,SW0/CS4; no change from HLIO-01
D46,1,150060YS75000,Yellow 590nm,WE_150060YS75000,F,48,8,circuit-prototype-candidate,https://www.we-online.com/components/products/datasheet/150060YS75000.pdf,SW1/CS4; no change from HLIO-01
D47,1,150060YS75000,Yellow 590nm,WE_150060YS75000,F,48,12,circuit-prototype-candidate,https://www.we-online.com/components/products/datasheet/150060YS75000.pdf,SW2/CS4; no change from HLIO-01
D48,1,150060YS75000,Yellow 590nm,WE_150060YS75000,F,52,-12,circuit-prototype-candidate,https://www.we-online.com/components/products/datasheet/150060YS75000.pdf,SW3/CS4; no change from HLIO-01
D49,1,150060YS75000,Yellow 590nm,WE_150060YS75000,F,52,-8,circuit-prototype-candidate,https://www.we-online.com/components/products/datasheet/150060YS75000.pdf,SW4/CS4; no change from HLIO-01
D50,1,150060YS75000,Yellow 590nm,WE_150060YS75000,F,52,-4,circuit-prototype-candidate,https://www.we-online.com/components/products/datasheet/150060YS75000.pdf,SW5/CS4; no change from HLIO-01
D51,1,150060YS75000,Yellow 590nm,WE_150060YS75000,F,52,0,circuit-prototype-candidate,https://www.we-online.com/components/products/datasheet/150060YS75000.pdf,SW6/CS4; no change from HLIO-01
D52,1,150060YS75000,Yellow 590nm,WE_150060YS75000,F,52,4,circuit-prototype-candidate,https://www.we-online.com/components/products/datasheet/150060YS75000.pdf,SW7/CS4; no change from HLIO-01
D53,1,150060YS75000,Yellow 590nm,WE_150060YS75000,F,52,8,circuit-prototype-candidate,https://www.we-online.com/components/products/datasheet/150060YS75000.pdf,SW8/CS4; no change from HLIO-01
D54,1,150060YS75000,Yellow 590nm,WE_150060YS75000,F,52,12,circuit-prototype-candidate,https://www.we-online.com/components/products/datasheet/150060YS75000.pdf,SW9/CS4; no change from HLIO-01
D55,1,150060YS75000,Yellow 590nm,WE_150060YS75000,F,56,-12,circuit-prototype-candidate,https://www.we-online.com/components/products/datasheet/150060YS75000.pdf,SW10/CS4; no change from HLIO-01
D56,1,150060YS75000,Yellow 590nm,WE_150060YS75000,F,56,-8,circuit-prototype-candidate,https://www.we-online.com/components/products/datasheet/150060YS75000.pdf,SW0/CS5; no change from HLIO-01
D57,1,150060YS75000,Yellow 590nm,WE_150060YS75000,F,56,-4,circuit-prototype-candidate,https://www.we-online.com/components/products/datasheet/150060YS75000.pdf,SW1/CS5; no change from HLIO-01
D58,1,150060YS75000,Yellow 590nm,WE_150060YS75000,F,56,0,circuit-prototype-candidate,https://www.we-online.com/components/products/datasheet/150060YS75000.pdf,SW2/CS5; no change from HLIO-01
D59,1,150060YS75000,Yellow 590nm,WE_150060YS75000,F,56,4,circuit-prototype-candidate,https://www.we-online.com/components/products/datasheet/150060YS75000.pdf,SW3/CS5; no change from HLIO-01
D60,1,150060YS75000,Yellow 590nm,WE_150060YS75000,F,56,8,circuit-prototype-candidate,https://www.we-online.com/components/products/datasheet/150060YS75000.pdf,SW4/CS5; no change from HLIO-01
D61,1,150060YS75000,Yellow 590nm,WE_150060YS75000,F,56,12,circuit-prototype-candidate,https://www.we-online.com/components/products/datasheet/150060YS75000.pdf,SW5/CS5; no change from HLIO-01
D62,1,150060YS75000,Yellow 590nm,WE_150060YS75000,F,60,-8,circuit-prototype-candidate,https://www.we-online.com/components/products/datasheet/150060YS75000.pdf,SW6/CS5; no change from HLIO-01
D63,1,150060YS75000,Yellow 590nm,WE_150060YS75000,F,60,-4,circuit-prototype-candidate,https://www.we-online.com/components/products/datasheet/150060YS75000.pdf,SW7/CS5; no change from HLIO-01
D64,1,150060YS75000,Yellow 590nm,WE_150060YS75000,F,60,0,circuit-prototype-candidate,https://www.we-online.com/components/products/datasheet/150060YS75000.pdf,SW8/CS5; no change from HLIO-01
D65,1,150060YS75000,Yellow 590nm,WE_150060YS75000,F,60,4,circuit-prototype-candidate,https://www.we-online.com/components/products/datasheet/150060YS75000.pdf,SW9/CS5; no change from HLIO-01
D66,1,150060YS75000,Yellow 590nm,WE_150060YS75000,F,60,8,circuit-prototype-candidate,https://www.we-online.com/components/products/datasheet/150060YS75000.pdf,SW10/CS5; no change from HLIO-01
D67,1,150060YS75000,Yellow 590nm,WE_150060YS75000,F,64,-8,circuit-prototype-candidate,https://www.we-online.com/components/products/datasheet/150060YS75000.pdf,SW0/CS6; no change from HLIO-01
D68,1,150060YS75000,Yellow 590nm,WE_150060YS75000,F,64,-4,circuit-prototype-candidate,https://www.we-online.com/components/products/datasheet/150060YS75000.pdf,SW1/CS6; no change from HLIO-01
D69,1,150060YS75000,Yellow 590nm,WE_150060YS75000,F,64,0,circuit-prototype-candidate,https://www.we-online.com/components/products/datasheet/150060YS75000.pdf,SW2/CS6; no change from HLIO-01
D70,1,150060YS75000,Yellow 590nm,WE_150060YS75000,F,64,4,circuit-prototype-candidate,https://www.we-online.com/components/products/datasheet/150060YS75000.pdf,SW3/CS6; no change from HLIO-01
D71,1,150060YS75000,Yellow 590nm,WE_150060YS75000,F,64,8,circuit-prototype-candidate,https://www.we-online.com/components/products/datasheet/150060YS75000.pdf,SW4/CS6; no change from HLIO-01
D72,1,150060YS75000,Yellow 590nm,WE_150060YS75000,F,68,-8,circuit-prototype-candidate,https://www.we-online.com/components/products/datasheet/150060YS75000.pdf,SW5/CS6; no change from HLIO-01
D73,1,150060YS75000,Yellow 590nm,WE_150060YS75000,F,68,-4,circuit-prototype-candidate,https://www.we-online.com/components/products/datasheet/150060YS75000.pdf,SW6/CS6; no change from HLIO-01
D74,1,150060YS75000,Yellow 590nm,WE_150060YS75000,F,68,0,circuit-prototype-candidate,https://www.we-online.com/components/products/datasheet/150060YS75000.pdf,SW7/CS6; no change from HLIO-01
D75,1,150060YS75000,Yellow 590nm,WE_150060YS75000,F,68,4,circuit-prototype-candidate,https://www.we-online.com/components/products/datasheet/150060YS75000.pdf,SW8/CS6; no change from HLIO-01
D76,1,150060YS75000,Yellow 590nm,WE_150060YS75000,F,68,8,circuit-prototype-candidate,https://www.we-online.com/components/products/datasheet/150060YS75000.pdf,SW9/CS6; no change from HLIO-01
D77,1,150060YS75000,Yellow 590nm,WE_150060YS75000,F,72,-8,circuit-prototype-candidate,https://www.we-online.com/components/products/datasheet/150060YS75000.pdf,SW10/CS6; no change from HLIO-01
D78,1,150060YS75000,Yellow 590nm,WE_150060YS75000,F,72,-4,circuit-prototype-candidate,https://www.we-online.com/components/products/datasheet/150060YS75000.pdf,SW0/CS7; no change from HLIO-01
D79,1,150060YS75000,Yellow 590nm,WE_150060YS75000,F,72,0,circuit-prototype-candidate,https://www.we-online.com/components/products/datasheet/150060YS75000.pdf,SW1/CS7; no change from HLIO-01
D80,1,150060YS75000,Yellow 590nm,WE_150060YS75000,F,72,4,circuit-prototype-candidate,https://www.we-online.com/components/products/datasheet/150060YS75000.pdf,SW2/CS7; no change from HLIO-01
D81,1,150060YS75000,Yellow 590nm,WE_150060YS75000,F,72,8,circuit-prototype-candidate,https://www.we-online.com/components/products/datasheet/150060YS75000.pdf,SW3/CS7; no change from HLIO-01
D82,1,150060YS75000,Yellow 590nm,WE_150060YS75000,F,76,-8,circuit-prototype-candidate,https://www.we-online.com/components/products/datasheet/150060YS75000.pdf,SW4/CS7; no change from HLIO-01
D83,1,150060YS75000,Yellow 590nm,WE_150060YS75000,F,76,-4,circuit-prototype-candidate,https://www.we-online.com/components/products/datasheet/150060YS75000.pdf,SW5/CS7; no change from HLIO-01
D84,1,150060YS75000,Yellow 590nm,WE_150060YS75000,F,76,0,circuit-prototype-candidate,https://www.we-online.com/components/products/datasheet/150060YS75000.pdf,SW6/CS7; no change from HLIO-01
D85,1,150060YS75000,Yellow 590nm,WE_150060YS75000,F,76,4,circuit-prototype-candidate,https://www.we-online.com/components/products/datasheet/150060YS75000.pdf,SW7/CS7; no change from HLIO-01
D86,1,150060YS75000,Yellow 590nm,WE_150060YS75000,F,76,8,circuit-prototype-candidate,https://www.we-online.com/components/products/datasheet/150060YS75000.pdf,SW8/CS7; no change from HLIO-01
D87,1,150060YS75000,Yellow 590nm,WE_150060YS75000,F,80,-8,circuit-prototype-candidate,https://www.we-online.com/components/products/datasheet/150060YS75000.pdf,SW9/CS7; no change from HLIO-01
D88,1,150060YS75000,Yellow 590nm,WE_150060YS75000,F,80,-4,circuit-prototype-candidate,https://www.we-online.com/components/products/datasheet/150060YS75000.pdf,SW10/CS7; no change from HLIO-01
D89,1,150060YS75000,Yellow 590nm,WE_150060YS75000,F,80,0,circuit-prototype-candidate,https://www.we-online.com/components/products/datasheet/150060YS75000.pdf,SW0/CS8; no change from HLIO-01
D90,1,150060YS75000,Yellow 590nm,WE_150060YS75000,F,80,4,circuit-prototype-candidate,https://www.we-online.com/components/products/datasheet/150060YS75000.pdf,SW1/CS8; no change from HLIO-01
D91,1,150060YS75000,Yellow 590nm,WE_150060YS75000,F,80,8,circuit-prototype-candidate,https://www.we-online.com/components/products/datasheet/150060YS75000.pdf,SW2/CS8; no change from HLIO-01
D92,1,150060YS75000,Yellow 590nm,WE_150060YS75000,F,84,-8,circuit-prototype-candidate,https://www.we-online.com/components/products/datasheet/150060YS75000.pdf,SW3/CS8; no change from HLIO-01
D93,1,150060YS75000,Yellow 590nm,WE_150060YS75000,F,84,-4,circuit-prototype-candidate,https://www.we-online.com/components/products/datasheet/150060YS75000.pdf,SW4/CS8; no change from HLIO-01
D94,1,150060YS75000,Yellow 590nm,WE_150060YS75000,F,84,0,circuit-prototype-candidate,https://www.we-online.com/components/products/datasheet/150060YS75000.pdf,SW5/CS8; no change from HLIO-01
D95,1,150060YS75000,Yellow 590nm,WE_150060YS75000,F,84,4,circuit-prototype-candidate,https://www.we-online.com/components/products/datasheet/150060YS75000.pdf,SW6/CS8; no change from HLIO-01
D96,1,150060YS75000,Yellow 590nm,WE_150060YS75000,F,84,8,circuit-prototype-candidate,https://www.we-online.com/components/products/datasheet/150060YS75000.pdf,SW7/CS8; no change from HLIO-01
D97,1,150060YS75000,Yellow 590nm,WE_150060YS75000,F,88,-8,circuit-prototype-candidate,https://www.we-online.com/components/products/datasheet/150060YS75000.pdf,SW8/CS8; no change from HLIO-01
D98,1,150060YS75000,Yellow 590nm,WE_150060YS75000,F,88,-4,circuit-prototype-candidate,https://www.we-online.com/components/products/datasheet/150060YS75000.pdf,SW9/CS8; no change from HLIO-01
D99,1,150060YS75000,Yellow 590nm,WE_150060YS75000,F,88,0,circuit-prototype-candidate,https://www.we-online.com/components/products/datasheet/150060YS75000.pdf,SW10/CS8; no change from HLIO-01
D100,1,150060YS75000,Yellow 590nm,WE_150060YS75000,F,88,4,circuit-prototype-candidate,https://www.we-online.com/components/products/datasheet/150060YS75000.pdf,SW0/CS9; no change from HLIO-01
D101,1,150060YS75000,Yellow 590nm,WE_150060YS75000,F,88,8,circuit-prototype-candidate,https://www.we-online.com/components/products/datasheet/150060YS75000.pdf,SW1/CS9; no change from HLIO-01
D102,1,150060YS75000,Yellow 590nm,WE_150060YS75000,F,92,-8,circuit-prototype-candidate,https://www.we-online.com/components/products/datasheet/150060YS75000.pdf,SW2/CS9; no change from HLIO-01
D103,1,150060YS75000,Yellow 590nm,WE_150060YS75000,F,92,-4,circuit-prototype-candidate,https://www.we-online.com/components/products/datasheet/150060YS75000.pdf,SW3/CS9; no change from HLIO-01
D104,1,150060YS75000,Yellow 590nm,WE_150060YS75000,F,92,0,circuit-prototype-candidate,https://www.we-online.com/components/products/datasheet/150060YS75000.pdf,SW4/CS9; no change from HLIO-01
D105,1,150060YS75000,Yellow 590nm,WE_150060YS75000,F,92,4,circuit-prototype-candidate,https://www.we-online.com/components/products/datasheet/150060YS75000.pdf,SW5/CS9; no change from HLIO-01
D106,1,150060YS75000,Yellow 590nm,WE_150060YS75000,F,92,8,circuit-prototype-candidate,https://www.we-online.com/components/products/datasheet/150060YS75000.pdf,SW6/CS9; no change from HLIO-01
D107,1,150060YS75000,Yellow 590nm,WE_150060YS75000,F,96,-4,circuit-prototype-candidate,https://www.we-online.com/components/products/datasheet/150060YS75000.pdf,SW7/CS9; no change from HLIO-01
D108,1,150060YS75000,Yellow 590nm,WE_150060YS75000,F,96,0,circuit-prototype-candidate,https://www.we-online.com/components/products/datasheet/150060YS75000.pdf,SW8/CS9; no change from HLIO-01
D109,1,150060YS75000,Yellow 590nm,WE_150060YS75000,F,96,4,circuit-prototype-candidate,https://www.we-online.com/components/products/datasheet/150060YS75000.pdf,SW9/CS9; no change from HLIO-01
D110,1,150060YS75000,Yellow 590nm,WE_150060YS75000,F,100,-4,circuit-prototype-candidate,https://www.we-online.com/components/products/datasheet/150060YS75000.pdf,SW10/CS9; no change from HLIO-01
D111,1,150060YS75000,Yellow 590nm,WE_150060YS75000,F,100,0,circuit-prototype-candidate,https://www.we-online.com/components/products/datasheet/150060YS75000.pdf,SW0/CS10; no change from HLIO-01
D112,1,150060YS75000,Yellow 590nm,WE_150060YS75000,F,100,4,circuit-prototype-candidate,https://www.we-online.com/components/products/datasheet/150060YS75000.pdf,SW1/CS10; no change from HLIO-01
D113,1,150060YS75000,Yellow 590nm,WE_150060YS75000,F,128,0,circuit-prototype-candidate,https://www.we-online.com/components/products/datasheet/150060YS75000.pdf,SW2/CS10; no change from HLIO-01
J1,1,BM10B-GHS-TBT(LF)(SN),10pin GH top-entry,JST_GH_10_TOP,B,24,0,circuit-prototype-candidate,https://www.jst-mfg.com/product/pdf/eng/eGH.pdf,Backside; candidate rotation 90 deg; mated height 7.3 mm excludes wire bend
C1,1,C2012X5R1V226M125AC,22uF 35V X5R,C0805,B,33,8,circuit-prototype-candidate,https://product.tdk.com/en/search/capacitor/ceramic/mlcc/info?part_no=C2012X5R1V226M125AC,
C2,1,C2012X5R1V226M125AC,22uF 35V X5R,C0805,B,33,11,circuit-prototype-candidate,https://product.tdk.com/en/search/capacitor/ceramic/mlcc/info?part_no=C2012X5R1V226M125AC,
C3,1,C1608X7R1E105K080AB,1uF 25V X7R,C0603,B,42,4,circuit-prototype-candidate,https://product.tdk.com/en/search/capacitor/ceramic/mlcc/info?part_no=C1608X7R1E105K080AB,
C4,1,C1608X7R1E105K080AB,1uF 25V X7R,C0603,B,41,-4,circuit-prototype-candidate,https://product.tdk.com/en/search/capacitor/ceramic/mlcc/info?part_no=C1608X7R1E105K080AB,
C5,1,C1608X7R1E105K080AB,1uF 25V X7R,C0603,B,47,-1,circuit-prototype-candidate,https://product.tdk.com/en/search/capacitor/ceramic/mlcc/info?part_no=C1608X7R1E105K080AB,
C6,1,C1608X7R1H104K080AA,100nF 50V X7R,C0603,B,45,4,circuit-prototype-candidate,https://product.tdk.com/en/search/capacitor/ceramic/mlcc/info?part_no=C1608X7R1H104K080AA,
C7,1,C1608X7R1H104K080AA,100nF 50V X7R,C0603,B,44,-4,circuit-prototype-candidate,https://product.tdk.com/en/search/capacitor/ceramic/mlcc/info?part_no=C1608X7R1H104K080AA,
C8,1,C1608C0G1H102J080AA,1nF 50V C0G,C0603,B,47,-4,circuit-prototype-candidate,https://product.tdk.com/en/search/capacitor/ceramic/mlcc/info?part_no=C1608C0G1H102J080AA,
C9,1,C1608X7R1H104K080AA,100nF 50V X7R,C0603,B,78,-4,circuit-prototype-candidate,https://product.tdk.com/en/search/capacitor/ceramic/mlcc/info?part_no=C1608X7R1H104K080AA,
R1,1,CRCW06034K70FKEA,4.7k 1%,R0603,B,51,4,circuit-prototype-candidate,https://www.vishay.com/docs/20035/dcrcwe3.pdf,
R2,1,CRCW060310K0FKEA,10k 1%,R0603,B,55,4,circuit-prototype-candidate,https://www.vishay.com/docs/20035/dcrcwe3.pdf,
R3,1,CRCW0603100KFKEA,100k 1%,R0603,B,59,4,circuit-prototype-candidate,https://www.vishay.com/docs/20035/dcrcwe3.pdf,
R4,1,CRCW0603100KFKEA,100k 1%,R0603,B,51,0,circuit-prototype-candidate,https://www.vishay.com/docs/20035/dcrcwe3.pdf,
R5,1,CRCW0603100KFKEA,100k 1%,R0603,B,55,0,circuit-prototype-candidate,https://www.vishay.com/docs/20035/dcrcwe3.pdf,
R6,1,CRCW0603100KFKEA,100k 1%,R0603,B,59,0,circuit-prototype-candidate,https://www.vishay.com/docs/20035/dcrcwe3.pdf,
R7,1,CRCW060333R0FKEA,33R 1%,R0603,B,51,-4,circuit-prototype-candidate,https://www.vishay.com/docs/20035/dcrcwe3.pdf,
R8,1,CRCW060347K0FKEA,47k 1%,R0603,B,73,-4,circuit-prototype-candidate,https://www.vishay.com/docs/20035/dcrcwe3.pdf,
R9,1,CRCW06031K00FKEA,1k 1%,R0603,B,76,-4,circuit-prototype-candidate,https://www.vishay.com/docs/20035/dcrcwe3.pdf,
TH1,1,NCU18XH103F6SRB,NTC 10k 1% B25/50=3380K,NTC0603,B,76,0,circuit-prototype-candidate,https://www.murata.com/-/media/webrenewal/products/thermistor/ntc/ncu/ncu18-s.ashx?cvid=20240402040000000000&la=en-us,"Replaces NRND NCP18; body 1.6x0.8x0.8 mm +/-0.15, 47k bias; use controlled R-T data for firmware; no junction-temperature claim"
