ref,pin,pin_name,net,electrical_role
U1,1,CS0,CS0,output
U1,2,CS1,CS1,output
U1,3,CS2,CS2,output
U1,4,CS3,CS3,output
U1,5,CS4,CS4,output
U1,6,CS5,CS5,output
U1,7,CS6,CS6,output
U1,8,CS7,CS7,output
U1,9,CS8,CS8,output
U1,10,SW0,SW0,output
U1,11,SW1,SW1,output
U1,12,SW2,SW2,output
U1,13,SW3,SW3,output
U1,14,SW4,,output
U1,15,SW5,,output
U1,16,VLED,VLED_3V3,power_in
U1,17,SW6,,output
U1,18,SW7,,output
U1,19,SW8,,output
U1,20,SW9,,output
U1,21,SW10,,output
U1,22,CS9,CS9,output
U1,23,CS10,CS10,output
U1,24,CS11,CS11,output
U1,25,CS12,CS12,output
U1,26,CS13,,output
U1,27,CS14,,output
U1,28,CS15,,output
U1,29,CS16,,output
U1,30,CS17,,output
U1,31,AGND,GND,power_in
U1,32,VCAP,VCAP,output
U1,33,IFS,IFS,input
U1,34,VSYNC,VSYNC,input
U1,35,SCL_SCLK,SCLK,input
U1,36,SDA_MOSI,MOSI,input
U1,37,ADDR0_MISO,MISO_IC,output
U1,38,ADDR1_SS,SS_N,input
U1,39,VIO_EN,VIO_EN,power_in
U1,40,VCC,VCC_3V3,power_in
U1,41,EP_GND,GND,power_in
J1,1,VLED_3V3,VLED_3V3,passive
J1,2,GND,GND,passive
J1,3,VCC_3V3,VCC_3V3,passive
J1,4,SCLK,SCLK,passive
J1,5,MOSI,MOSI,passive
J1,6,MISO_HOST,MISO_HOST,passive
J1,7,SS_N,SS_N,passive
J1,8,VSYNC,VSYNC,passive
J1,9,VIO_EN,VIO_EN,passive
J1,10,NTC_RETURN,NTC_RETURN,passive
J1,M1,solder_hold_down,GND,passive
J1,M2,solder_hold_down,GND,passive
C1,1,1,VLED_3V3,passive
C1,2,2,GND,passive
C2,1,1,VLED_3V3,passive
C2,2,2,GND,passive
C3,1,1,VLED_3V3,passive
C3,2,2,GND,passive
C4,1,1,VCC_3V3,passive
C4,2,2,GND,passive
C5,1,1,VCAP,passive
C5,2,2,GND,passive
C6,1,1,VLED_3V3,passive
C6,2,2,GND,passive
C7,1,1,VCC_3V3,passive
C7,2,2,GND,passive
C8,1,1,VIO_EN,passive
C8,2,2,GND,passive
C9,1,1,NTC_RETURN,passive
C9,2,2,GND,passive
R1,1,1,VIO_EN,passive
R1,2,2,IFS,passive
R2,1,1,VIO_EN,passive
R2,2,2,SS_N,passive
R3,1,1,VIO_EN,passive
R3,2,2,GND,passive
R4,1,1,SCLK,passive
R4,2,2,GND,passive
R5,1,1,MOSI,passive
R5,2,2,GND,passive
R6,1,1,VSYNC,passive
R6,2,2,GND,passive
R7,1,1,MISO_IC,passive
R7,2,2,MISO_HOST,passive
R8,1,1,VCC_3V3,passive
R8,2,2,NTC_NODE,passive
R9,1,1,NTC_NODE,passive
R9,2,2,NTC_RETURN,passive
TH1,1,1,NTC_NODE,passive
TH1,2,2,GND,passive
D1,1,K,CS10,passive
D1,2,A,SW0,passive
D2,1,K,CS11,passive
D2,2,A,SW0,passive
D3,1,K,CS0,passive
D3,2,A,SW0,passive
D4,1,K,CS1,passive
D4,2,A,SW0,passive
D5,1,K,CS2,passive
D5,2,A,SW0,passive
D6,1,K,CS3,passive
D6,2,A,SW0,passive
D7,1,K,CS4,passive
D7,2,A,SW0,passive
D8,1,K,CS5,passive
D8,2,A,SW0,passive
D9,1,K,CS6,passive
D9,2,A,SW0,passive
D10,1,K,CS7,passive
D10,2,A,SW0,passive
D11,1,K,CS8,passive
D11,2,A,SW0,passive
D12,1,K,CS9,passive
D12,2,A,SW0,passive
D13,1,K,CS0,passive
D13,2,A,SW1,passive
D14,1,K,CS1,passive
D14,2,A,SW1,passive
D15,1,K,CS2,passive
D15,2,A,SW1,passive
D16,1,K,CS3,passive
D16,2,A,SW1,passive
D17,1,K,CS4,passive
D17,2,A,SW1,passive
D18,1,K,CS5,passive
D18,2,A,SW1,passive
D19,1,K,CS6,passive
D19,2,A,SW1,passive
D20,1,K,CS7,passive
D20,2,A,SW1,passive
D21,1,K,CS8,passive
D21,2,A,SW1,passive
D22,1,K,CS9,passive
D22,2,A,SW1,passive
D23,1,K,CS0,passive
D23,2,A,SW2,passive
D24,1,K,CS1,passive
D24,2,A,SW2,passive
D25,1,K,CS2,passive
D25,2,A,SW2,passive
D26,1,K,CS3,passive
D26,2,A,SW2,passive
D27,1,K,CS4,passive
D27,2,A,SW2,passive
D28,1,K,CS5,passive
D28,2,A,SW2,passive
D29,1,K,CS6,passive
D29,2,A,SW2,passive
D30,1,K,CS7,passive
D30,2,A,SW2,passive
D31,1,K,CS8,passive
D31,2,A,SW2,passive
D32,1,K,CS9,passive
D32,2,A,SW2,passive
D33,1,K,CS10,passive
D33,2,A,SW2,passive
D34,1,K,CS11,passive
D34,2,A,SW2,passive
D35,1,K,CS12,passive
D35,2,A,SW2,passive
D36,1,K,CS1,passive
D36,2,A,SW3,passive
D37,1,K,CS2,passive
D37,2,A,SW3,passive
D38,1,K,CS3,passive
D38,2,A,SW3,passive
D39,1,K,CS6,passive
D39,2,A,SW3,passive
D40,1,K,CS8,passive
D40,2,A,SW3,passive
D41,1,K,CS10,passive
D41,2,A,SW3,passive
D42,1,K,CS12,passive
D42,2,A,SW3,passive
