kind,hand,pattern,index,x_mm,y_mm,hole_D_mm,CSK_D_mm,CSK_angle_deg,CSK_depth_mm
upper,right,root_holes,1,7.0,-4.5,3.2,,,
upper,right,root_holes,2,7.0,4.5,3.2,,,
upper,right,root_holes,3,17.0,-4.5,3.2,,,
upper,right,root_holes,4,17.0,4.5,3.2,,,
upper,right,retainer_holes,1,26.0,-19.0,2.2,4.2,90,1
upper,right,retainer_holes,2,26.0,10.0,2.2,4.2,90,1
upper,right,retainer_holes,3,146.5,-4.0,2.2,4.2,90,1
upper,right,retainer_holes,4,146.5,7.0,2.2,4.2,90,1
upper,left,root_holes,1,7.0,4.5,3.2,,,
upper,left,root_holes,2,7.0,-4.5,3.2,,,
upper,left,root_holes,3,17.0,4.5,3.2,,,
upper,left,root_holes,4,17.0,-4.5,3.2,,,
upper,left,retainer_holes,1,26.0,19.0,2.2,4.2,90,1
upper,left,retainer_holes,2,26.0,-10.0,2.2,4.2,90,1
upper,left,retainer_holes,3,146.5,4.0,2.2,4.2,90,1
upper,left,retainer_holes,4,146.5,-7.0,2.2,4.2,90,1
lower,right,root_holes,1,7.0,-4.5,3.2,,,
lower,right,root_holes,2,7.0,4.5,3.2,,,
lower,right,root_holes,3,17.0,-4.5,3.2,,,
lower,right,root_holes,4,17.0,4.5,3.2,,,
lower,right,retainer_holes,1,26.0,-10.0,2.2,4.2,90,1
lower,right,retainer_holes,2,26.0,15.0,2.2,4.2,90,1
lower,right,retainer_holes,3,96.5,-4.0,2.2,4.2,90,1
lower,right,retainer_holes,4,96.5,4.0,2.2,4.2,90,1
lower,left,root_holes,1,7.0,4.5,3.2,,,
lower,left,root_holes,2,7.0,-4.5,3.2,,,
lower,left,root_holes,3,17.0,4.5,3.2,,,
lower,left,root_holes,4,17.0,-4.5,3.2,,,
lower,left,retainer_holes,1,26.0,10.0,2.2,4.2,90,1
lower,left,retainer_holes,2,26.0,-15.0,2.2,4.2,90,1
lower,left,retainer_holes,3,96.5,4.0,2.2,4.2,90,1
lower,left,retainer_holes,4,96.5,-4.0,2.2,4.2,90,1
