kind,hand,part,quantity,source_geometry,volume_mm3,assumed_density_kg_m3,mass_kg,mass_status
upper,right,frame,1,upper-right/frame.step,18671.95350095445,2700.0,0.05041427445249204,Nominal material-density assumption
upper,right,retainer,1,upper-right/retainer.step,2577.256829025535,2700.0,0.006958593438041028,Nominal material-density assumption
upper,right,bearing_cover,1,upper-right/bearing_cover.step,7958.188930642566,1200.0,0.009549826716771332,Nominal material-density assumption
upper,right,compliant_skin,1,upper-right/compliant_skin.step,4403.08224368801,1030.0,0.004535174710998803,Nominal material-density assumption
upper,right,PCB_blank_reservation,1,upper-right/PCB_blank_reservation.step,1930.0144628791372,,,Unknown electronic reservation; excluded
upper,right,back_electronics_reservation,1,upper-right/back_electronics_reservation.step,3828.985304929976,,,Unknown electronic reservation; excluded
upper,right,LED_front_reservation,1,upper-right/LED_front_reservation.step,1856.4777236024124,,,Unknown electronic reservation; excluded
upper,left,frame,1,upper-left/frame.step,18671.953499444033,2700.0,0.05041427445249204,Nominal material-density assumption
upper,left,retainer,1,upper-left/retainer.step,2577.2568285875336,2700.0,0.006958593438041028,Nominal material-density assumption
upper,left,bearing_cover,1,upper-left/bearing_cover.step,7958.1889313819975,1200.0,0.009549826716771332,Nominal material-density assumption
upper,left,compliant_skin,1,upper-left/compliant_skin.step,4403.082244125675,1030.0,0.004535174710998803,Nominal material-density assumption
upper,left,PCB_blank_reservation,1,upper-left/PCB_blank_reservation.step,1930.014463103931,,,Unknown electronic reservation; excluded
upper,left,back_electronics_reservation,1,upper-left/back_electronics_reservation.step,3828.985305390442,,,Unknown electronic reservation; excluded
upper,left,LED_front_reservation,1,upper-left/LED_front_reservation.step,1856.4777238256684,,,Unknown electronic reservation; excluded
lower,right,frame,1,lower-right/frame.step,12786.798439242852,2700.0,0.034524355786339056,Nominal material-density assumption
lower,right,retainer,1,lower-right/retainer.step,1808.2723516902397,2700.0,0.004882335349605744,Nominal material-density assumption
lower,right,bearing_cover,1,lower-right/bearing_cover.step,4031.895644234162,1200.0,0.004838274773105765,Nominal material-density assumption
lower,right,compliant_skin,1,lower-right/compliant_skin.step,2185.303570362236,1030.0,0.0022508626774851346,Nominal material-density assumption
lower,right,PCB_blank_reservation,1,lower-right/PCB_blank_reservation.step,907.1914858497415,,,Unknown electronic reservation; excluded
lower,right,back_electronics_reservation,1,lower-right/back_electronics_reservation.step,1779.3377417399372,,,Unknown electronic reservation; excluded
lower,right,LED_front_reservation,1,lower-right/LED_front_reservation.step,862.709208116333,,,Unknown electronic reservation; excluded
lower,left,frame,1,lower-left/frame.step,12786.798439061673,2700.0,0.034524355786339056,Nominal material-density assumption
lower,left,retainer,1,lower-left/retainer.step,1808.2723516860256,2700.0,0.004882335349605744,Nominal material-density assumption
lower,left,bearing_cover,1,lower-left/bearing_cover.step,4031.895644435862,1200.0,0.004838274773105765,Nominal material-density assumption
lower,left,compliant_skin,1,lower-left/compliant_skin.step,2185.3035704804843,1030.0,0.0022508626774851346,Nominal material-density assumption
lower,left,PCB_blank_reservation,1,lower-left/PCB_blank_reservation.step,907.1914859084422,,,Unknown electronic reservation; excluded
lower,left,back_electronics_reservation,1,lower-left/back_electronics_reservation.step,1779.3377418593527,,,Unknown electronic reservation; excluded
lower,left,LED_front_reservation,1,lower-left/LED_front_reservation.step,862.7092081742312,,,Unknown electronic reservation; excluded
