mapping,gravity_head,master_full_stroke_deg,gear_ratio_for_calculation,input_total_J_kg_m2,motoring_efficiency_assumed,regen_efficiency_assumed,positive_energy_J,returned_energy_J,net_average_W_at1Hz,positive_peak_W,return_peak_W,conditional_C_F_24to28V_if_one_cycle_all_return_stored,scope
linear_ratio_example,minus_Z,120,66,5.004e-06,0.7,0.5,2.1144193052847706,0.7400467568496696,1.374372548435101,8.470900347599866,2.9648151216599534,0.0071158342004775926,"one central drive with motor/gear-input/encoder inertia; hypothetical lumped mechanical-to-bus power conversion; not actual gearbox or motor efficiency; no standstill copper, idle, controller or lighting loss"
linear_ratio_example,minus_Z,120,66,5.004e-06,0.9,0.8,1.6445483485548213,1.1840748109594714,0.4604735375953499,6.588478048133228,4.743704194655925,0.011385334720764148,"one central drive with motor/gear-input/encoder inertia; hypothetical lumped mechanical-to-bus power conversion; not actual gearbox or motor efficiency; no standstill copper, idle, controller or lighting loss"
linear_ratio_example,minus_Z,180,50,5.004e-06,0.7,0.5,2.6730718052218396,0.9355751318276437,1.737496673394196,10.600710120117105,3.7102485420409774,0.008995914729111959,"one central drive with motor/gear-input/encoder inertia; hypothetical lumped mechanical-to-bus power conversion; not actual gearbox or motor efficiency; no standstill copper, idle, controller or lighting loss"
linear_ratio_example,minus_Z,180,50,5.004e-06,0.9,0.8,2.0790558485058748,1.49692021092423,0.5821356375816447,8.24499676009108,5.936397667265564,0.014393463566579136,"one central drive with motor/gear-input/encoder inertia; hypothetical lumped mechanical-to-bus power conversion; not actual gearbox or motor efficiency; no standstill copper, idle, controller or lighting loss"
linear_ratio_example,minus_Z,360,50,5.004e-06,0.7,0.5,10.111703341337503,3.5390961694681256,6.572607171869377,38.935593894374456,13.627457863031049,0.03402977086027044,"one central drive with motor/gear-input/encoder inertia; hypothetical lumped mechanical-to-bus power conversion; not actual gearbox or motor efficiency; no standstill copper, idle, controller or lighting loss"
linear_ratio_example,minus_Z,360,50,5.004e-06,0.9,0.8,7.864658154373613,5.662553871149002,2.202104283224611,30.283239695624577,21.80393258084968,0.05444763337643271,"one central drive with motor/gear-input/encoder inertia; hypothetical lumped mechanical-to-bus power conversion; not actual gearbox or motor efficiency; no standstill copper, idle, controller or lighting loss"
nonlinear_lower_example,minus_Z,120,66,5.004e-06,0.7,0.5,2.104685483514596,0.7366399192301085,1.3680455642844873,8.463360858955959,2.9621763006345945,0.007083076146443351,"one central drive with motor/gear-input/encoder inertia; hypothetical lumped mechanical-to-bus power conversion; not actual gearbox or motor efficiency; no standstill copper, idle, controller or lighting loss"
nonlinear_lower_example,minus_Z,120,66,5.004e-06,0.9,0.8,1.6369775982891301,1.178623870768174,0.45835372752095616,6.582614001410189,4.7394820810153515,0.011332921834309366,"one central drive with motor/gear-input/encoder inertia; hypothetical lumped mechanical-to-bus power conversion; not actual gearbox or motor efficiency; no standstill copper, idle, controller or lighting loss"
nonlinear_lower_example,minus_Z,180,50,5.004e-06,0.7,0.5,2.663451576659137,0.932208051830698,1.731243524828439,10.594264882943412,3.7079927090302,0.008963538959910557,"one central drive with motor/gear-input/encoder inertia; hypothetical lumped mechanical-to-bus power conversion; not actual gearbox or motor efficiency; no standstill copper, idle, controller or lighting loss"
nonlinear_lower_example,minus_Z,180,50,5.004e-06,0.9,0.8,2.0715734485126616,1.4915328829291168,0.5800405655835448,8.239983797844875,5.93278833444832,0.014341662335856892,"one central drive with motor/gear-input/encoder inertia; hypothetical lumped mechanical-to-bus power conversion; not actual gearbox or motor efficiency; no standstill copper, idle, controller or lighting loss"
nonlinear_lower_example,minus_Z,360,50,5.004e-06,0.7,0.5,10.102453469257725,3.535858714240204,6.566594755017521,38.93216184601966,13.626256646106821,0.033998641483078886,"one central drive with motor/gear-input/encoder inertia; hypothetical lumped mechanical-to-bus power conversion; not actual gearbox or motor efficiency; no standstill copper, idle, controller or lighting loss"
nonlinear_lower_example,minus_Z,360,50,5.004e-06,0.9,0.8,7.857463809422674,5.657373942784326,2.200089866638348,30.280570324681953,21.802010633770916,0.054397826372926214,"one central drive with motor/gear-input/encoder inertia; hypothetical lumped mechanical-to-bus power conversion; not actual gearbox or motor efficiency; no standstill copper, idle, controller or lighting loss"
