J2_deg,raw_min_Nm,raw_max_Nm,ideal_assist_midpoint_Nm,minimum_possible_worst_residual_Nm
-60,4.145938278541165,45.31813770307688,-24.732037990809022,20.586099712267856
-59,3.7916573091868058,45.06681081873633,-24.429234063961566,20.637576754774763
-58,3.436221364285455,44.80175614724838,-24.11898875576692,20.682767391481462
-57,3.079738713069119,44.523054426833646,-23.801396569951383,20.721657856882263
-56,2.7223179436066847,44.230790552735975,-23.47655424817133,20.754236304564646
-55,2.3640679297269376,43.925053551362645,-23.14456074054479,20.780492810817854
-54,2.0050977978545586,43.60593655316603,-22.805517175510296,20.800419377655736
-53,1.645516893769134,43.27353676427512,-22.459526829022128,20.814009935252994
-52,1.285434749297389,42.95273861826138,-22.119086683779383,20.833651934481995
-51,0.9249610489487186,42.64121198187547,-21.783086515412094,20.858125466463378
-50,0.564205596504241,42.35537789139456,-21.459791743949403,20.895586147445158
-49,0.2032782815694869,42.05718742793799,-21.13023285475374,20.92695457318425
-48,-0.15771095389903422,41.74618593777374,-20.794237491937352,20.951948445836386
-47,-0.5186521490832181,41.422468154968456,-20.45190800294262,20.970560152025836
-46,-0.8794353577984957,41.08613268709472,-20.10334866464811,20.98278402244661
-45,-1.2399506819845083,40.73728198519418,-19.748665651604835,20.988616333589345
-44,-1.600088305181112,40.37602231257004,-19.387967003694467,20.988055308875577
-43,-1.9597385259795548,40.00246371241819,-19.02136259321932,20.981101119198872
-42,-2.3187917914385725,39.61671997430697,-18.6489640914342,20.96775588287277
-41,-2.6846080989838192,39.218908599515785,-18.267150250265985,20.9517583492498
-40,-3.0697667470180523,38.80915076524308,-17.869692009112516,20.939458756130566
-39,-3.4539903143636455,38.38757128769461,-17.466790486665484,20.920780801029128
-38,-3.8371617627999246,37.96698646181572,-17.0649123495079,20.902074112307822
-37,-4.219164374591836,37.55239362362814,-16.666614624518154,20.885778999109988
-36,-4.599881788043284,37.1263619625646,-16.26324008726066,20.863121875303943
-35,-4.97919803294204,36.689021251996124,-15.854911609527042,20.83410964246908
-34,-5.356997565885385,36.24050471013976,-15.441753572127187,20.798751138012573
-33,-5.7399985125755055,35.83387830870051,-15.046939898062504,20.786938410638008
-32,-6.164314660903663,35.44878842295277,-14.642236881024552,20.806551541928215
-31,-6.586753099271052,35.052900492851265,-14.233073696790107,20.819826796061157
-30,-7.0071851488370935,34.68204290379127,-13.837428877477087,20.844614026314183
-29,-7.425482741926668,34.30952203105231,-13.442019644562821,20.86750238648949
-28,-7.887602393717573,33.92655014553888,-13.019473875910656,20.907076269628227
-27,-8.377968063646511,33.53324390419725,-12.577637920275368,20.95560598392188
-26,-8.865781723344064,33.12972311191858,-12.131970694287258,20.99775241763132
-25,-9.350894780043928,32.71611068504517,-11.682607952500621,21.03350273254455
-24,-9.83315946360964,32.292532613929026,-11.229686575159693,21.062846038769333
-23,-10.312428871546784,31.859117924553892,-10.773344526503553,21.08577339805034
-22,-10.78855701375091,31.41599863923273,-10.31372081274091,21.10227782649182
-21,-11.261398856977554,30.963309736392446,-9.850955439707446,21.112354296684998
-20,-11.73081036902074,30.501189109458142,-9.3851893702187,21.11599973923944
-19,-12.196648562586606,30.029777524849443,-8.916564481131418,21.113213043718027
-18,-12.658771538848724,29.549218579101684,-8.44522352012648,21.103995058975205
-17,-13.117038530671831,29.059658655125027,-7.971310062226598,21.088348592898427
-16,-13.5713099454909,28.56124687761478,-7.494968466061941,21.06627841155284
-15,-14.021447407832333,28.054135067626607,-7.016343829897137,21.037791237729472
-14,-14.46731380146453,27.605820172686837,-6.569253185611154,21.036566987075684
-13,-14.908773311164786,27.19781529305834,-6.144520990946777,21.053294302111563
-12,-15.345691464089931,26.78152569542043,-5.71791711566525,21.063608579755183
-11,-15.823984714075053,26.35707818561723,-5.2665467357710884,21.09053144984614
-10,-16.306473958603185,25.924602054471933,-4.809064047934374,21.11553800653756
-9,-16.78399609319917,25.48422903840359,-4.35011647260221,21.13411256580138
-8,-17.25640565999495,25.036093279298886,-3.8898438096519676,21.146249469646918
-7,-17.723558758460133,24.580331283651212,-3.4283862625955397,21.151945021055674
-6,-18.18531308923552,24.11708188097953,-2.9658843958720045,21.151197485107524
-5,-18.64152799747885,23.646486181539483,-2.502479092030317,21.144007089509167
-4,-19.092064515709602,23.168687533339885,-2.0383115088151413,21.130376024524743
-3,-19.536785406139895,22.683831478477515,-1.57352303616881,21.110308442308707
-2,-19.975555202478382,22.192065708803593,-1.1082552531626053,21.083810455640986
-1,-20.408240251194652,21.693540020935398,-0.642649884870373,21.050890136065025
0,-20.83470875223134,21.188406270626785,-0.17684875919772303,21.01155751142906
1,-21.267739893619368,20.67681832651144,0.2954607835539633,20.972279110065404
2,-21.75521125623647,20.158932023233003,0.798139616501734,20.957071639734735
3,-22.23605577075746,19.656716106399433,1.2896698321790137,20.946385938578445
4,-22.723807756657,19.210727394342758,1.7565401811571206,20.96726757549988
5,-23.254121579820026,18.75888690862327,2.2476173355983775,21.00650424422165
6,-23.777351972282105,18.301332284229996,2.7380098440260543,21.039342128256052
7,-24.293339552997043,17.838202896733957,3.227568328131543,21.0657712248655
8,-24.801927147149275,17.369639819833026,3.7161436636581247,21.08578348349115
9,-25.302959834030823,16.895785782379495,4.203587025825664,21.09937280820516
10,-25.796284994231645,16.41678512490349,4.689749934664077,21.10653505956757
11,-26.281752356129008,15.93278375564548,5.174484300241764,21.107268055887243
12,-26.75921404166164,15.443929106111156,5.657642467775242,21.101571573886396
13,-27.229143222080683,14.95037008616241,6.139386567959137,21.089756654121548
14,-27.70968197763058,14.452257038657931,6.628712469486325,21.080969508144257
15,-28.181780095620372,13.94974169365732,7.116019200981526,21.065760894638846
16,-28.645293770390005,13.442977122202638,7.601158324093683,21.044135446296323
17,-29.10008181118399,12.932117689691488,8.083982060746251,21.01609975043774
18,-29.546005685159457,12.480217208508515,8.532894238325472,21.013111446833985
19,-29.982929559584647,12.039154649764722,8.971887454909963,21.011042104674686
20,-30.410720343214823,11.594424847888703,9.40814774766306,21.00257259555176
21,-30.829247726833195,11.146163271886305,9.841542227473445,20.98770549935975
22,-31.238384222944344,10.694506466575978,10.271938878184184,20.96644534476016
23,-31.638005204608163,10.239592010995924,10.69920659680612,20.938798607802042
24,-32.06355461466893,9.781558476496162,11.140998069086384,20.922556545582545
25,-32.501186294171085,9.320545384528376,11.590320454821354,20.910865839349732
26,-32.92891779748198,8.864298404758557,12.032309696361711,20.89660810112027
27,-33.4065513696681,8.466837016093109,12.469857176787496,20.936694192880605
28,-33.87976230837663,8.066796546852464,12.90648288076208,20.973279427614546
29,-34.34265314328538,7.664298853238833,13.339177145023275,21.003475998262108
30,-34.79508287336195,7.259466539948784,13.767808166706583,21.027274706655366
31,-35.23691368412775,6.8524229228266265,14.192245380650562,21.044668303477188
32,-35.66801098963772,6.443291991301267,14.612359499168228,21.055651490469494
33,-36.08824347347647,6.032198370617785,15.028022551429341,21.060220922047126
34,-36.49748312875853,5.619267283875395,15.439107922441568,21.058375206316963
35,-36.895605297120504,5.204624513883276,15.845490391618615,21.05011490550189
36,-37.282488706693236,4.806552303710795,16.23796820149122,21.044520505202016
37,-37.65801550904232,4.425489971227261,16.616262768907532,21.04175274013479
38,-38.02207131506597,4.043079591627809,16.98949586171908,21.03257545334689
39,-38.37454522983897,3.659437650818557,17.357553789510206,21.016991440328766
40,-38.77757694726294,3.2746810098510952,17.751447968705925,21.02612897855702
41,-39.17258636275995,2.888926869325484,18.141829746717235,21.030756616042716
42,-39.55566342897749,2.525254080672541,18.515204674152475,21.040458754825014
43,-39.92669145693024,2.174941223758255,18.875875116585995,21.050816340344248
44,-40.28555742788668,1.8239658586780845,19.230795784604297,21.054761643282383
45,-40.63215202779561,1.472434895928206,19.579858565933705,21.052293461861908
46,-40.96636968058439,1.1204554152452282,19.92295713266958,21.043412547914812
47,-41.28810858031833,0.7791706393623592,20.254468970477987,21.033639609840343
48,-41.59727072221182,0.44670751933224473,20.575281601439787,21.02198912077203
49,-41.8937619324815,0.11410832786438618,20.88982680230856,21.003935130172945
50,-42.17749189703257,-0.21852562210553117,21.19800875956905,20.979483137463518
51,-42.44837418896927,-0.5510930070540496,21.49973359801166,20.94864059095761
52,-42.70632629492137,-0.883492523734061,21.794909409327715,20.911416885593653
53,-42.95126964017856,-1.215622920032759,22.083446280105658,20.8678233600729
54,-43.18312961262507,-1.5473830258140122,22.365256319219544,20.81787329340553
55,-43.4018355854672,-1.8786717837357685,22.640253684601483,20.761581900865714
56,-43.62309447808264,-2.2093882800330924,22.916241379057865,20.706853099024777
57,-43.89254611887711,-2.5259176657520443,23.209231892314577,20.68331422656253
58,-44.188174008246975,-2.8266362452997065,23.507405126773342,20.680768881473632
59,-44.50560967788912,-3.1264938040648094,23.816051740976963,20.689557936912156
60,-44.80948850768785,-3.425399002530165,24.117443755109008,20.692044752578845
61,-45.099717933207884,-3.7232607912767683,24.411489362242328,20.688228570965556
62,-45.376209547754684,-4.019988438718313,24.6980989932365,20.678110554518184
63,-45.63887912930403,-4.293543857015731,24.966211493159882,20.672667636144148
64,-45.887646666156826,-4.551129401711241,25.219388033934035,20.66825863222279
65,-46.12243638131151,-4.8073286283032095,25.46488250480736,20.65755387650415
66,-46.34317675554637,-5.062063496025357,25.702620125785863,20.640556629760503
67,-46.54980054920505,-5.315256410169305,25.93252847968718,20.617272069517874
68,-46.74224482267841,-5.5668302457206735,26.15453753419954,20.587707288478867
69,-46.929237702307255,-5.816708370852094,26.372973036579673,20.556264665727582
70,-47.13787885787273,-6.0648146702660375,26.601346764069383,20.536532093803345
71,-47.33216135890321,-6.3110735683802375,26.821617463641722,20.510543895261485
72,-47.51202602506683,-6.555410052348769,27.0337180387078,20.47830798635903
73,-47.67741806784388,-6.797749694911671,27.237583881377777,20.439834186466104
74,-47.82828710721594,-7.0380186770662245,27.433152892141084,20.395134215074858
75,-47.96458718701213,-7.224344909432296,27.594466048222213,20.370121138789916
76,-48.08627678890776,-7.37686620795367,27.731571498430714,20.354705290477046
77,-48.193318845071275,-7.527140441566794,27.860229643319034,20.33308920175224
78,-48.28568074945541,-7.675121835284368,27.980401292369887,20.305279457085522
79,-48.36333436772937,-7.820765312540344,28.09204984013486,20.271284527594513
80,-48.426256045848774,-7.9640265089206626,28.195141277384717,20.231114768464057
81,-48.47442661726095,-8.104861785677109,28.28964420146903,20.184782415791922
82,-48.50783140874319,-8.243228243020077,28.375529825881635,20.132301582861558
83,-48.5264602448724,-8.379083733186276,28.45277198902934,20.073688255843063
84,-48.530307451124656,-8.51238687327734,28.521347162200996,20.00896028892366
85,-48.51937185560365,-8.643097057865463,28.581234456734556,19.938137398869095
86,-48.493656789397726,-8.771174471362196,28.63241563037996,19.861241159017766
87,-48.45317008556514,-8.896580100146675,28.674875092855906,19.778294992709235
88,-48.397924076748104,-9.019275744449546,28.708599910598824,19.68932416614928
89,-48.32793559141607,-9.139224029988972,28.733579810702523,19.59435578071355
90,-48.32596527417198,-9.256388419355211,28.791176846763594,19.534788427408383
91,-48.344070387608134,-9.370733223140267,28.857401805374202,19.486668582233932
92,-48.36757564420229,-9.482223610809223,28.924899627505756,19.442676016696534
93,-48.37634766870799,-9.590825621309964,28.983586645008977,19.392761023699016
94,-48.3703837890816,-9.69650617341804,29.033444981249822,19.33693880783178
95,-48.34968582197863,-9.733136360559302,29.041411091268966,19.308274730709666
96,-48.33121840675788,-9.563090518740875,28.947154462749374,19.384063944008503
97,-48.36016929566513,-9.390131666910705,28.875150481287918,19.485018814377213
98,-48.37438920852943,-9.214312490010542,28.794350849269986,19.580038359259444
99,-48.37387381382759,-9.035686544264873,28.70478017904623,19.669093634781362
100,-48.35862326855382,-8.854308240867159,28.60646575471049,19.75215751384333
101,-48.32864221817195,-8.670232829405668,28.49943752378881,19.82920469438314
102,-48.28393979520035,-8.483516381033908,28.383728088117127,19.90021170708322
103,-48.2245296164301,-8.294215771390817,28.259372693910457,19.96515692251964
104,-48.15042977877719,-8.102388663275889,28.126409221026538,20.02402055775065
105,-48.06166285376996,-7.908093489084523,27.98487817142724,20.07678468234272
106,-47.958255880673704,-7.711389433008964,27.834822656841332,20.12343322383237
107,-47.840240358254135,-7.512336413010202,27.67628838563217,20.163951972621966
108,-47.70765223518262,-7.3109950625664,27.50932364887451,20.19832858630811
109,-47.560531899085866,-7.10742671220334,27.333979305644604,20.226552593441262
110,-47.39892416424344,-6.901693370812556,27.150308767527996,20.248615396715444
