part_id,role,source_step_sha256,printer,material_lot,stl_sha256,measured_feature,nominal_mm,actual_mm,natural_fit,support_removed,photo,notes
A16-R101-base-adapter,printed_structure,55756b0e5229b30a81daa8d13c3cfab6d4c4c5d63874ef3b0b123c052104cdae,,,,,,,,,,
A16-R103-J1-output-pedestal,printed_structure,094bb4641d5956545241361e55f84fa74694b7d9a8b077dd74b77f7e17daf29e,,,,,,,,,,
A16-R104-spacer-1,purchased_structure,96b3881a86998ac3f49d394e0922e22a0a8580971a486ca7bb48a6d23123bc10,,,,,,,,,,
A16-R104-spacer-2,purchased_structure,a952703f05a73d2bce6f41da8318a5885b333e510f625b77b6d3f3ea6334b40b,,,,,,,,,,
A16-R104-spacer-3,purchased_structure,3707d84df517b4f386aa5cc5a1fcb890d29070e1dfa81b726ba17a95d58d0146,,,,,,,,,,
A16-R104-spacer-4,purchased_structure,ae6f45510686e21f5ede29906cda8645dea1d0dcbfb9a303d388dce879f7914c,,,,,,,,,,
A16-S103-upper-proximal-socket,printed_structure,cea16da70ff1cd11f5655e13ccb67dc1fd141ef2f6576ff5ec5aa0dbb0037d76,,,,,,,,,,
A16-S105-upper-stock-tube,purchased_structure,a66010652900c36fc0b93ceeba8311ee85e89a56cc23b3eac554b824b085701f,,,,,,,,,,
A16-S106-fore-proximal-socket,printed_structure,b4e20cb545aac369fff7964df6e96fa39fb23414bad48b38a25d09499bb42a11,,,,,,,,,,
A16-S108-fore-stock-tube,purchased_structure,e7814395da9ba8dae93c7daa689dc3ac9c4b31874ec5496a19be646bf3a0dcee,,,,,,,,,,
A16-S110-wrist-yaw-roll-L,printed_structure,382752ba1eca9eb44c4cce83b8f8ded68df8b33f440254adc58cd8691ebb8cab,,,,,,,,,,
A13-J7-102-bearing-retainer,printed_structure,eb87eaca2be00607076e04015d35d6885c50d7e17df72ffeb6c0dbd7a8d1582e,,,,,,,,,,
A13-J7-103-output-journal,printed_structure,06e985a75ede4e12223c240463832fc74690ee422381150be507a8501d16fbb0,,,,,,,,,,
A13-J7-104-inner-spacer,printed_structure,edbd983066063fcb01777220aa2220f82d81b8a3a3a2f2444c0a51733275517a,,,,,,,,,,
A13-IF-107-piloted-flange,printed_structure,300de7429924e9a09948397a48a4307fc51d02958c383513c5c4d26cc7d3ff99,,,,,,,,,,
A13-IF-301-recessed-carrier,printed_structure,2186ae8a5f4f2f30a31f84847edb8c4b7fc932960e4cd4213049e352db1861a8,,,,,,,,,,
A13-IF-302-dorsal-cover,printed_structure,990caf7c49523f9747d3f504afed467b664fe3c44e83c9e2c8b54a334ed9a913,,,,,,,,,,
A16-C03-root-front-holder,printed_structure,b5aadc6397d775ce98224c32503ce323182debb5145f8ed02fd409380d452adc,,,,,,,,,,
A16-C04-J3-mount-plate,printed_structure,049545b5ae969f50ade082aac84896924340255cf66a86604292388a540c02dd,,,,,,,,,,
A16-C04-J4-mount-plate,printed_structure,6d7207dc2bbdd49d464f581db9250ec23221f8c746a710b14e544dddabf43c01,,,,,,,,,,
A16-C05-J7-bearing-housing,printed_structure,7025082a70d267536bc92edf7aae39549d51ad11ef0d03e0b0b7ccc1e2154223,,,,,,,,,,
A16-C06-upper-saddle-115-dorsal,printed_structure,a4cff578d59c92f4978b6c883bcab5f7cf6ea56d50560f240a0d11a9b2583d63,,,,,,,,,,
A16-C06-upper-saddle-115-ventral,printed_structure,b39f681903deddc94776441967cb0265567671d88031300e128b359c21e56810,,,,,,,,,,
A16-C06-upper-saddle-200-dorsal,printed_structure,912a160ba42ca7dd4f94532a600655916531277459378160d83f898d9da905f4,,,,,,,,,,
A16-C06-upper-saddle-200-ventral,printed_structure,60bf126522a8e17dd46b8e9ea3d6e4ea7d07cb51fbe434c20dc338e2726e197d,,,,,,,,,,
A17-C03-root-cowl-a,printed_cover,2b9b4a3449a5936c92469d2f5a08b806c369f66a1c37c32221ef2df158456928,,,,,,,,,,
A17-C03-root-cowl-b,printed_cover,e166c0f8bdb77ddedd0bc2b170c99ab9aa646e9e1eb2423cd074c31fee8e9ece,,,,,,,,,,
A17-C04-J2-cowl-a,printed_cover,7b445d6b00c36575b659d2ea1605f84416e442b0276832bbda2aafceed7402bd,,,,,,,,,,
A17-C05-J6-cowl-a,printed_cover,026f97d54fc3aec5f19169988831445ba28d177bc3a8a9358c08086e06ef833f,,,,,,,,,,
A17-C05-J6-cowl-b,printed_cover,490ce3eb02a27a9b3192b4c271077d9371b13a0dd2fbd476b96ba5019d9c5500,,,,,,,,,,
A17-C05-J7-cowl-a,printed_cover,7a44288ee767a0279a52e60c81ab16eb71285025d0c170182613471e75d39398,,,,,,,,,,
A17-C05-J7-cowl-b,printed_cover,e020223c848b455d407c1c91a8a094b1ee228734d691a382f6d498fe8f439174,,,,,,,,,,
A17-C06-upper-dorsal,printed_cover,893c862ce6a4c5197d1a80b377cab00955d633a12d042e38b9618fc57ffed17a,,,,,,,,,,
A17-C06-upper-ventral,printed_cover,4d49fef437cd6b60ec419638466feba50a409b8f1c9e16f2a254647e64db0d9f,,,,,,,,,,
A18-IF09-101-contact-insert,printed_structure,c1f514e61a613d494367078c09b2f5ac94912ca8fbb5a0c150d8d7bcbb8eee6f,,,,,,,,,,
A18-C04-J3-cowl-a,printed_cover,d4945b6a8a31a57de2d43c03af223f3bf0cee53bee2dae3058be1cb7e3856f20,,,,,,,,,,
A18-C04-J3-cowl-b,printed_cover,f427dd686954d577d0ea0327ec8ef64108de2b222c899ab370a2b76fc728ddb0,,,,,,,,,,
A18-C04-J4-cowl-a,printed_cover,2ddf0ee1ea34688de17879e5eeed1091adbafd3c41b10502bb24f7abca7d1862,,,,,,,,,,
A18-C04-J4-cowl-b,printed_cover,ccfd0e63d1cefee628603e5b221d3b58d598b83950e93710822284173b264dc3,,,,,,,,,,
A19-S22-shoulder-foot-12mm-R6,printed_structure,77e0c1a5ea389a546f54ad8774eeecd41112abc68a444b659351f9220133f711,,,,,,,,,,
A19-C22-J2-cowl-b,printed_cover,3469a012d72c5ff132996a4de3e032653518ab5eeb02e449dc22fb594e144695,,,,,,,,,,
A19-S19-fore-spine-RS03-ring,printed_structure,294a5c21531ff851a8025533ddb788ea5d958d15cd5586887db7fbcf6a40dd73,,,,,,,,,,
A19-S19-RS03-to-J6-L,printed_structure,aa2b613db3da1bc07af630990fd1325d559ee995c162379ac3b51458ed56b61f,,,,,,,,,,
A19-C19-fore-dorsal,printed_cover,645c45e92d1bdba930b5381a29bb48e3565096229052fa6cd1114d478915a6f9,,,,,,,,,,
A19-C19-fore-ventral,printed_cover,b8731a31f3faa4c2d405d2376bec8504b375f6886cce2020eab11f575b9da062,,,,,,,,,,
A19-C21-J5-cowl-a,printed_cover,a8929981c19e20d9902e7c261011f2231850674af120e5be1a54532f8b2929aa,,,,,,,,,,
A19-C21-J5-cowl-b,printed_cover,ab9417829c09fe804bfdbb9e1d116064d6982c912fd2574866586d4ea1bc0fb4,,,,,,,,,,
