part_id,attribute,value_in_manifest_global_coordinates
B04-101-DECK,STEP.global_min_xyz_mm,"-110, -38, 2"
B04-101-DECK,STEP.global_max_xyz_mm,"110, 218, 14"
B04-101-DECK,STEP.volume_mm3,633986.44974
B04-101-DECK,local_bbox.min,"[-110, -38, 2]"
B04-101-DECK,local_bbox.max,"[110, 218, 14]"
B04-101-DECK,local_bbox.size,"[220, 256, 12]"
B04-101-DECK,features[1].type,hole
B04-101-DECK,features[1].entry_xyz,"[-45, 90, 2]"
B04-101-DECK,features[1].axis,"[0, 0, 1]"
B04-101-DECK,features[1].model_diameter_mm,8.5
B04-101-DECK,features[1].model_depth_mm,12
B04-101-DECK,features[1].callout,D8.5 THRU
B04-101-DECK,features[2].type,hole
B04-101-DECK,features[2].entry_xyz,"[-45, 90, 2]"
B04-101-DECK,features[2].axis,"[0, 0, 1]"
B04-101-DECK,features[2].model_diameter_mm,15
B04-101-DECK,features[2].model_depth_mm,8.5
B04-101-DECK,features[2].callout,CBORE D15 x 8.5 FROM BOTTOM
B04-101-DECK,features[3].type,hole
B04-101-DECK,features[3].entry_xyz,"[45, 90, 2]"
B04-101-DECK,features[3].axis,"[0, 0, 1]"
B04-101-DECK,features[3].model_diameter_mm,8.5
B04-101-DECK,features[3].model_depth_mm,12
B04-101-DECK,features[3].callout,D8.5 THRU
B04-101-DECK,features[4].type,hole
B04-101-DECK,features[4].entry_xyz,"[45, 90, 2]"
B04-101-DECK,features[4].axis,"[0, 0, 1]"
B04-101-DECK,features[4].model_diameter_mm,15
B04-101-DECK,features[4].model_depth_mm,8.5
B04-101-DECK,features[4].callout,CBORE D15 x 8.5 FROM BOTTOM
B04-101-DECK,features[5].type,hole
B04-101-DECK,features[5].entry_xyz,"[-45, 180, 2]"
B04-101-DECK,features[5].axis,"[0, 0, 1]"
B04-101-DECK,features[5].model_diameter_mm,8.5
B04-101-DECK,features[5].model_depth_mm,12
B04-101-DECK,features[5].callout,D8.5 THRU
B04-101-DECK,features[6].type,hole
B04-101-DECK,features[6].entry_xyz,"[-45, 180, 2]"
B04-101-DECK,features[6].axis,"[0, 0, 1]"
B04-101-DECK,features[6].model_diameter_mm,15
B04-101-DECK,features[6].model_depth_mm,8.5
B04-101-DECK,features[6].callout,CBORE D15 x 8.5 FROM BOTTOM
B04-101-DECK,features[7].type,hole
B04-101-DECK,features[7].entry_xyz,"[45, 180, 2]"
B04-101-DECK,features[7].axis,"[0, 0, 1]"
B04-101-DECK,features[7].model_diameter_mm,8.5
B04-101-DECK,features[7].model_depth_mm,12
B04-101-DECK,features[7].callout,D8.5 THRU
B04-101-DECK,features[8].type,hole
B04-101-DECK,features[8].entry_xyz,"[45, 180, 2]"
B04-101-DECK,features[8].axis,"[0, 0, 1]"
B04-101-DECK,features[8].model_diameter_mm,15
B04-101-DECK,features[8].model_depth_mm,8.5
B04-101-DECK,features[8].callout,CBORE D15 x 8.5 FROM BOTTOM
B04-101-DECK,features[9].type,hole
B04-101-DECK,features[9].entry_xyz,"[-110, 15, 8]"
B04-101-DECK,features[9].axis,"[1, 0, 0]"
B04-101-DECK,features[9].model_diameter_mm,5
B04-101-DECK,features[9].model_depth_mm,17
B04-101-DECK,features[9].callout,M6x1-6H; FULL THREAD >=14; DRILL 17
B04-101-DECK,features[10].type,hole
B04-101-DECK,features[10].entry_xyz,"[-110, 45, 8]"
B04-101-DECK,features[10].axis,"[1, 0, 0]"
B04-101-DECK,features[10].model_diameter_mm,5
B04-101-DECK,features[10].model_depth_mm,17
B04-101-DECK,features[10].callout,M6x1-6H; FULL THREAD >=14; DRILL 17
B04-101-DECK,features[11].type,hole
B04-101-DECK,features[11].entry_xyz,"[-110, 75, 8]"
B04-101-DECK,features[11].axis,"[1, 0, 0]"
B04-101-DECK,features[11].model_diameter_mm,5
B04-101-DECK,features[11].model_depth_mm,17
B04-101-DECK,features[11].callout,M6x1-6H; FULL THREAD >=14; DRILL 17
B04-101-DECK,features[12].type,hole
B04-101-DECK,features[12].entry_xyz,"[110, 15, 8]"
B04-101-DECK,features[12].axis,"[-1, 0, 0]"
B04-101-DECK,features[12].model_diameter_mm,5
B04-101-DECK,features[12].model_depth_mm,17
B04-101-DECK,features[12].callout,M6x1-6H; FULL THREAD >=14; DRILL 17
B04-101-DECK,features[13].type,hole
B04-101-DECK,features[13].entry_xyz,"[110, 45, 8]"
B04-101-DECK,features[13].axis,"[-1, 0, 0]"
B04-101-DECK,features[13].model_diameter_mm,5
B04-101-DECK,features[13].model_depth_mm,17
B04-101-DECK,features[13].callout,M6x1-6H; FULL THREAD >=14; DRILL 17
B04-101-DECK,features[14].type,hole
B04-101-DECK,features[14].entry_xyz,"[110, 75, 8]"
B04-101-DECK,features[14].axis,"[-1, 0, 0]"
B04-101-DECK,features[14].model_diameter_mm,5
B04-101-DECK,features[14].model_depth_mm,17
B04-101-DECK,features[14].callout,M6x1-6H; FULL THREAD >=14; DRILL 17
B04-101-DECK,features[15].type,hole
B04-101-DECK,features[15].entry_xyz,"[-100, 35, 2]"
B04-101-DECK,features[15].axis,"[0, 0, 1]"
B04-101-DECK,features[15].model_diameter_mm,3.4
B04-101-DECK,features[15].model_depth_mm,12
B04-101-DECK,features[15].callout,D3.4 THRU
B04-101-DECK,features[16].type,countersink
B04-101-DECK,features[16].entry_xyz,"[-100, 35, 2]"
B04-101-DECK,features[16].axis,"[0, 0, 1]"
B04-101-DECK,features[16].callout,CSK D6.3 x 90 DEG FROM BOTTOM; M3x20 FLAT HEAD
B04-101-DECK,features[17].type,hole
B04-101-DECK,features[17].entry_xyz,"[100, 35, 2]"
B04-101-DECK,features[17].axis,"[0, 0, 1]"
B04-101-DECK,features[17].model_diameter_mm,3.4
B04-101-DECK,features[17].model_depth_mm,12
B04-101-DECK,features[17].callout,D3.4 THRU
B04-101-DECK,features[18].type,countersink
B04-101-DECK,features[18].entry_xyz,"[100, 35, 2]"
B04-101-DECK,features[18].axis,"[0, 0, 1]"
B04-101-DECK,features[18].callout,CSK D6.3 x 90 DEG FROM BOTTOM; M3x20 FLAT HEAD
B04-101-DECK,features[19].type,hole
B04-101-DECK,features[19].entry_xyz,"[-100, 75, 2]"
B04-101-DECK,features[19].axis,"[0, 0, 1]"
B04-101-DECK,features[19].model_diameter_mm,3.4
B04-101-DECK,features[19].model_depth_mm,12
B04-101-DECK,features[19].callout,D3.4 THRU
B04-101-DECK,features[20].type,countersink
B04-101-DECK,features[20].entry_xyz,"[-100, 75, 2]"
B04-101-DECK,features[20].axis,"[0, 0, 1]"
B04-101-DECK,features[20].callout,CSK D6.3 x 90 DEG FROM BOTTOM; M3x20 FLAT HEAD
B04-101-DECK,features[21].type,hole
B04-101-DECK,features[21].entry_xyz,"[100, 75, 2]"
B04-101-DECK,features[21].axis,"[0, 0, 1]"
B04-101-DECK,features[21].model_diameter_mm,3.4
B04-101-DECK,features[21].model_depth_mm,12
B04-101-DECK,features[21].callout,D3.4 THRU
B04-101-DECK,features[22].type,countersink
B04-101-DECK,features[22].entry_xyz,"[100, 75, 2]"
B04-101-DECK,features[22].axis,"[0, 0, 1]"
B04-101-DECK,features[22].callout,CSK D6.3 x 90 DEG FROM BOTTOM; M3x20 FLAT HEAD
B04-101-DECK,features[23].type,hole
B04-101-DECK,features[23].entry_xyz,"[-88, 185, 2]"
B04-101-DECK,features[23].axis,"[0, 0, 1]"
B04-101-DECK,features[23].model_diameter_mm,3.4
B04-101-DECK,features[23].model_depth_mm,12
B04-101-DECK,features[23].callout,D3.4 THRU
B04-101-DECK,features[24].type,countersink
B04-101-DECK,features[24].entry_xyz,"[-88, 185, 2]"
B04-101-DECK,features[24].axis,"[0, 0, 1]"
B04-101-DECK,features[24].callout,CSK D6.3 x 90 DEG FROM BOTTOM; M3x20 FLAT HEAD
B04-101-DECK,features[25].type,hole
B04-101-DECK,features[25].entry_xyz,"[88, 185, 2]"
B04-101-DECK,features[25].axis,"[0, 0, 1]"
B04-101-DECK,features[25].model_diameter_mm,3.4
B04-101-DECK,features[25].model_depth_mm,12
B04-101-DECK,features[25].callout,D3.4 THRU
B04-101-DECK,features[26].type,countersink
B04-101-DECK,features[26].entry_xyz,"[88, 185, 2]"
B04-101-DECK,features[26].axis,"[0, 0, 1]"
B04-101-DECK,features[26].callout,CSK D6.3 x 90 DEG FROM BOTTOM; M3x20 FLAT HEAD
B04-101-DECK,features[27].type,hole
B04-101-DECK,features[27].entry_xyz,"[-35, 3, 14]"
B04-101-DECK,features[27].axis,"[0, 0, -1]"
B04-101-DECK,features[27].model_diameter_mm,2.5
B04-101-DECK,features[27].model_depth_mm,8
B04-101-DECK,features[27].callout,M3x0.5-6H; FULL THREAD 6; DRILL 8
B04-101-DECK,features[28].type,hole
B04-101-DECK,features[28].entry_xyz,"[35, 3, 14]"
B04-101-DECK,features[28].axis,"[0, 0, -1]"
B04-101-DECK,features[28].model_diameter_mm,2.5
B04-101-DECK,features[28].model_depth_mm,8
B04-101-DECK,features[28].callout,M3x0.5-6H; FULL THREAD 6; DRILL 8
B04-101-DECK,features[29].type,hole
B04-101-DECK,features[29].entry_xyz,"[35, 43, 14]"
B04-101-DECK,features[29].axis,"[0, 0, -1]"
B04-101-DECK,features[29].model_diameter_mm,2.5
B04-101-DECK,features[29].model_depth_mm,8
B04-101-DECK,features[29].callout,M3x0.5-6H; FULL THREAD 6; DRILL 8
B04-101-DECK,features[30].type,hole
B04-101-DECK,features[30].entry_xyz,"[-35, 43, 14]"
B04-101-DECK,features[30].axis,"[0, 0, -1]"
B04-101-DECK,features[30].model_diameter_mm,2.5
B04-101-DECK,features[30].model_depth_mm,8
B04-101-DECK,features[30].callout,M3x0.5-6H; FULL THREAD 6; DRILL 8
B04-101-DECK,features[31].type,hole
B04-101-DECK,features[31].entry_xyz,"[90, -15, 14]"
B04-101-DECK,features[31].axis,"[0, 0, -1]"
B04-101-DECK,features[31].model_diameter_mm,3.3
B04-101-DECK,features[31].model_depth_mm,9
B04-101-DECK,features[31].callout,M4x0.7-6H; FULL THREAD 7; CHASSIS BOND LUG
B04-101-DECK,features[32].type,slot
B04-101-DECK,features[32].entry_xyz,"[61, -26, 2]"
B04-101-DECK,features[32].callout,"36 x16 THRU WINDOW, R4; X43..79 Y-34..-18; CABLE DROP"
B04-101-DECK,notes,"[Profile R4; metal top z14, desk pad plane z0. Side tapped holes drill 17 deep, full thread >=14., Bottom flange-post counterbores seat at z10.5; screw heads remain above z2.5.]"
B04-102-CPLATE-L,STEP.global_min_xyz_mm,"-120, -38, -118"
B04-102-CPLATE-L,STEP.global_max_xyz_mm,"-110, 98, 30"
B04-102-CPLATE-L,STEP.volume_mm3,111591.44042
B04-102-CPLATE-L,local_bbox.min,"[-120, -38, -118]"
B04-102-CPLATE-L,local_bbox.max,"[-110, 98, 30]"
B04-102-CPLATE-L,local_bbox.size,"[10, 136, 148]"
B04-102-CPLATE-L,features[1].type,hole
B04-102-CPLATE-L,features[1].entry_xyz,"[-120, 15, 8]"
B04-102-CPLATE-L,features[1].axis,"[1, 0, 0]"
B04-102-CPLATE-L,features[1].model_diameter_mm,6.6
B04-102-CPLATE-L,features[1].model_depth_mm,10
B04-102-CPLATE-L,features[1].callout,D6.6 THRU; M6x25 + WASHER
B04-102-CPLATE-L,features[2].type,hole
B04-102-CPLATE-L,features[2].entry_xyz,"[-120, 45, 8]"
B04-102-CPLATE-L,features[2].axis,"[1, 0, 0]"
B04-102-CPLATE-L,features[2].model_diameter_mm,6.6
B04-102-CPLATE-L,features[2].model_depth_mm,10
B04-102-CPLATE-L,features[2].callout,D6.6 THRU; M6x25 + WASHER
B04-102-CPLATE-L,features[3].type,hole
B04-102-CPLATE-L,features[3].entry_xyz,"[-120, 75, 8]"
B04-102-CPLATE-L,features[3].axis,"[1, 0, 0]"
B04-102-CPLATE-L,features[3].model_diameter_mm,6.6
B04-102-CPLATE-L,features[3].model_depth_mm,10
B04-102-CPLATE-L,features[3].callout,D6.6 THRU; M6x25 + WASHER
B04-102-CPLATE-L,features[4].type,hole
B04-102-CPLATE-L,features[4].entry_xyz,"[-120, 40, -101]"
B04-102-CPLATE-L,features[4].axis,"[1, 0, 0]"
B04-102-CPLATE-L,features[4].model_diameter_mm,8.5
B04-102-CPLATE-L,features[4].model_depth_mm,10
B04-102-CPLATE-L,features[4].callout,D8.5 THRU; M8x25 + WASHER
B04-102-CPLATE-L,features[5].type,hole
B04-102-CPLATE-L,features[5].entry_xyz,"[-120, 75, -101]"
B04-102-CPLATE-L,features[5].axis,"[1, 0, 0]"
B04-102-CPLATE-L,features[5].model_diameter_mm,8.5
B04-102-CPLATE-L,features[5].model_depth_mm,10
B04-102-CPLATE-L,features[5].callout,D8.5 THRU; M8x25 + WASHER
B04-102-CPLATE-L,features[6].type,hole
B04-102-CPLATE-L,features[6].entry_xyz,"[-120, -18, -70]"
B04-102-CPLATE-L,features[6].axis,"[1, 0, 0]"
B04-102-CPLATE-L,features[6].model_diameter_mm,5
B04-102-CPLATE-L,features[6].model_depth_mm,10
B04-102-CPLATE-L,features[6].callout,M6x1-6H THRU; CRADLE
B04-102-CPLATE-L,features[7].type,hole
B04-102-CPLATE-L,features[7].entry_xyz,"[-120, -18, -95]"
B04-102-CPLATE-L,features[7].axis,"[1, 0, 0]"
B04-102-CPLATE-L,features[7].model_diameter_mm,5
B04-102-CPLATE-L,features[7].model_depth_mm,10
B04-102-CPLATE-L,features[7].callout,M6x1-6H THRU; CRADLE
B04-102-CPLATE-L,notes,"[All profile corners R5. 10 mm certified steel plate; coat after machining; mask mating faces., Left/right differ by installation only; hole axes shown from outer face.]"
B04-102-CPLATE-R,STEP.global_min_xyz_mm,"110, -38, -118"
B04-102-CPLATE-R,STEP.global_max_xyz_mm,"120, 98, 30"
B04-102-CPLATE-R,STEP.volume_mm3,111591.44042
B04-102-CPLATE-R,local_bbox.min,"[110, -38, -118]"
B04-102-CPLATE-R,local_bbox.max,"[120, 98, 30]"
B04-102-CPLATE-R,local_bbox.size,"[10, 136, 148]"
B04-102-CPLATE-R,features[1].type,hole
B04-102-CPLATE-R,features[1].entry_xyz,"[120, 15, 8]"
B04-102-CPLATE-R,features[1].axis,"[-1, 0, 0]"
B04-102-CPLATE-R,features[1].model_diameter_mm,6.6
B04-102-CPLATE-R,features[1].model_depth_mm,10
B04-102-CPLATE-R,features[1].callout,D6.6 THRU; M6x25 + WASHER
B04-102-CPLATE-R,features[2].type,hole
B04-102-CPLATE-R,features[2].entry_xyz,"[120, 45, 8]"
B04-102-CPLATE-R,features[2].axis,"[-1, 0, 0]"
B04-102-CPLATE-R,features[2].model_diameter_mm,6.6
B04-102-CPLATE-R,features[2].model_depth_mm,10
B04-102-CPLATE-R,features[2].callout,D6.6 THRU; M6x25 + WASHER
B04-102-CPLATE-R,features[3].type,hole
B04-102-CPLATE-R,features[3].entry_xyz,"[120, 75, 8]"
B04-102-CPLATE-R,features[3].axis,"[-1, 0, 0]"
B04-102-CPLATE-R,features[3].model_diameter_mm,6.6
B04-102-CPLATE-R,features[3].model_depth_mm,10
B04-102-CPLATE-R,features[3].callout,D6.6 THRU; M6x25 + WASHER
B04-102-CPLATE-R,features[4].type,hole
B04-102-CPLATE-R,features[4].entry_xyz,"[120, 40, -101]"
B04-102-CPLATE-R,features[4].axis,"[-1, 0, 0]"
B04-102-CPLATE-R,features[4].model_diameter_mm,8.5
B04-102-CPLATE-R,features[4].model_depth_mm,10
B04-102-CPLATE-R,features[4].callout,D8.5 THRU; M8x25 + WASHER
B04-102-CPLATE-R,features[5].type,hole
B04-102-CPLATE-R,features[5].entry_xyz,"[120, 75, -101]"
B04-102-CPLATE-R,features[5].axis,"[-1, 0, 0]"
B04-102-CPLATE-R,features[5].model_diameter_mm,8.5
B04-102-CPLATE-R,features[5].model_depth_mm,10
B04-102-CPLATE-R,features[5].callout,D8.5 THRU; M8x25 + WASHER
B04-102-CPLATE-R,features[6].type,hole
B04-102-CPLATE-R,features[6].entry_xyz,"[120, -18, -70]"
B04-102-CPLATE-R,features[6].axis,"[-1, 0, 0]"
B04-102-CPLATE-R,features[6].model_diameter_mm,5
B04-102-CPLATE-R,features[6].model_depth_mm,10
B04-102-CPLATE-R,features[6].callout,M6x1-6H THRU; CRADLE
B04-102-CPLATE-R,features[7].type,hole
B04-102-CPLATE-R,features[7].entry_xyz,"[120, -18, -95]"
B04-102-CPLATE-R,features[7].axis,"[-1, 0, 0]"
B04-102-CPLATE-R,features[7].model_diameter_mm,5
B04-102-CPLATE-R,features[7].model_depth_mm,10
B04-102-CPLATE-R,features[7].callout,M6x1-6H THRU; CRADLE
B04-102-CPLATE-R,notes,"[All profile corners R5. 10 mm certified steel plate; coat after machining; mask mating faces., Left/right differ by installation only; hole axes shown from outer face.]"
B04-103-BRIDGE,STEP.global_min_xyz_mm,"-110, 22, -112"
B04-103-BRIDGE,STEP.global_max_xyz_mm,"110, 90, -90"
B04-103-BRIDGE,STEP.volume_mm3,322909.82531
B04-103-BRIDGE,local_bbox.min,"[-110, 22, -112]"
B04-103-BRIDGE,local_bbox.max,"[110, 90, -90]"
B04-103-BRIDGE,local_bbox.size,"[220, 68, 22]"
B04-103-BRIDGE,features[1].type,hole
B04-103-BRIDGE,features[1].entry_xyz,"[-85, 55, -112]"
B04-103-BRIDGE,features[1].axis,"[0, 0, 1]"
B04-103-BRIDGE,features[1].model_diameter_mm,10.2
B04-103-BRIDGE,features[1].model_depth_mm,22
B04-103-BRIDGE,features[1].callout,M12x1.75-6H THRU; BREAK BOTH ENTRIES 0.5
B04-103-BRIDGE,features[2].type,hole
B04-103-BRIDGE,features[2].entry_xyz,"[85, 55, -112]"
B04-103-BRIDGE,features[2].axis,"[0, 0, 1]"
B04-103-BRIDGE,features[2].model_diameter_mm,10.2
B04-103-BRIDGE,features[2].model_depth_mm,22
B04-103-BRIDGE,features[2].callout,M12x1.75-6H THRU; BREAK BOTH ENTRIES 0.5
B04-103-BRIDGE,features[3].type,hole
B04-103-BRIDGE,features[3].entry_xyz,"[-110, 40, -101]"
B04-103-BRIDGE,features[3].axis,"[1, 0, 0]"
B04-103-BRIDGE,features[3].model_diameter_mm,6.8
B04-103-BRIDGE,features[3].model_depth_mm,18
B04-103-BRIDGE,features[3].callout,M8x1.25-6H; FULL THREAD >=15; DRILL 18
B04-103-BRIDGE,features[4].type,hole
B04-103-BRIDGE,features[4].entry_xyz,"[-110, 75, -101]"
B04-103-BRIDGE,features[4].axis,"[1, 0, 0]"
B04-103-BRIDGE,features[4].model_diameter_mm,6.8
B04-103-BRIDGE,features[4].model_depth_mm,18
B04-103-BRIDGE,features[4].callout,M8x1.25-6H; FULL THREAD >=15; DRILL 18
B04-103-BRIDGE,features[5].type,hole
B04-103-BRIDGE,features[5].entry_xyz,"[110, 40, -101]"
B04-103-BRIDGE,features[5].axis,"[-1, 0, 0]"
B04-103-BRIDGE,features[5].model_diameter_mm,6.8
B04-103-BRIDGE,features[5].model_depth_mm,18
B04-103-BRIDGE,features[5].callout,M8x1.25-6H; FULL THREAD >=15; DRILL 18
B04-103-BRIDGE,features[6].type,hole
B04-103-BRIDGE,features[6].entry_xyz,"[110, 75, -101]"
B04-103-BRIDGE,features[6].axis,"[-1, 0, 0]"
B04-103-BRIDGE,features[6].model_diameter_mm,6.8
B04-103-BRIDGE,features[6].model_depth_mm,18
B04-103-BRIDGE,features[6].callout,M8x1.25-6H; FULL THREAD >=15; DRILL 18
B04-103-BRIDGE,notes,"[M12 thrust screws: certified DIN6332-5.8, AF6 drive; no ordinary cup-point grub screws.]"
B04-104-FLANGE,STEP.global_min_xyz_mm,"-80, 55, 46"
B04-104-FLANGE,STEP.global_max_xyz_mm,"80, 215, 58"
B04-104-FLANGE,STEP.volume_mm3,202736.39871
B04-104-FLANGE,local_bbox.min,"[-80, 55, 46]"
B04-104-FLANGE,local_bbox.max,"[80, 215, 58]"
B04-104-FLANGE,local_bbox.size,"[160, 160, 12]"
B04-104-FLANGE,features[1].type,hole
B04-104-FLANGE,features[1].entry_xyz,"[-45, 90, 46]"
B04-104-FLANGE,features[1].axis,"[0, 0, 1]"
B04-104-FLANGE,features[1].model_diameter_mm,8.5
B04-104-FLANGE,features[1].model_depth_mm,12
B04-104-FLANGE,features[1].callout,D8.5 THRU; M8x25 + WASHER
B04-104-FLANGE,features[2].type,hole
B04-104-FLANGE,features[2].entry_xyz,"[45, 90, 46]"
B04-104-FLANGE,features[2].axis,"[0, 0, 1]"
B04-104-FLANGE,features[2].model_diameter_mm,8.5
B04-104-FLANGE,features[2].model_depth_mm,12
B04-104-FLANGE,features[2].callout,D8.5 THRU; M8x25 + WASHER
B04-104-FLANGE,features[3].type,hole
B04-104-FLANGE,features[3].entry_xyz,"[-45, 180, 46]"
B04-104-FLANGE,features[3].axis,"[0, 0, 1]"
B04-104-FLANGE,features[3].model_diameter_mm,8.5
B04-104-FLANGE,features[3].model_depth_mm,12
B04-104-FLANGE,features[3].callout,D8.5 THRU; M8x25 + WASHER
B04-104-FLANGE,features[4].type,hole
B04-104-FLANGE,features[4].entry_xyz,"[45, 180, 46]"
B04-104-FLANGE,features[4].axis,"[0, 0, 1]"
B04-104-FLANGE,features[4].model_diameter_mm,8.5
B04-104-FLANGE,features[4].model_depth_mm,12
B04-104-FLANGE,features[4].callout,D8.5 THRU; M8x25 + WASHER
B04-104-FLANGE,features[5].type,hole
B04-104-FLANGE,features[5].entry_xyz,"[55.43277, 157.96101, 46]"
B04-104-FLANGE,features[5].axis,"[0, 0, 1]"
B04-104-FLANGE,features[5].model_diameter_mm,5
B04-104-FLANGE,features[5].model_depth_mm,12
B04-104-FLANGE,features[5].callout,M6x1-6H THRU; PCD120
B04-104-FLANGE,features[6].type,hole
B04-104-FLANGE,features[6].entry_xyz,"[22.96101, 190.43277, 46]"
B04-104-FLANGE,features[6].axis,"[0, 0, 1]"
B04-104-FLANGE,features[6].model_diameter_mm,5
B04-104-FLANGE,features[6].model_depth_mm,12
B04-104-FLANGE,features[6].callout,M6x1-6H THRU; PCD120
B04-104-FLANGE,features[7].type,hole
B04-104-FLANGE,features[7].entry_xyz,"[-22.96101, 190.43277, 46]"
B04-104-FLANGE,features[7].axis,"[0, 0, 1]"
B04-104-FLANGE,features[7].model_diameter_mm,5
B04-104-FLANGE,features[7].model_depth_mm,12
B04-104-FLANGE,features[7].callout,M6x1-6H THRU; PCD120
B04-104-FLANGE,features[8].type,hole
B04-104-FLANGE,features[8].entry_xyz,"[-55.43277, 157.96101, 46]"
B04-104-FLANGE,features[8].axis,"[0, 0, 1]"
B04-104-FLANGE,features[8].model_diameter_mm,5
B04-104-FLANGE,features[8].model_depth_mm,12
B04-104-FLANGE,features[8].callout,M6x1-6H THRU; PCD120
B04-104-FLANGE,features[9].type,hole
B04-104-FLANGE,features[9].entry_xyz,"[-55.43277, 112.03899, 46]"
B04-104-FLANGE,features[9].axis,"[0, 0, 1]"
B04-104-FLANGE,features[9].model_diameter_mm,5
B04-104-FLANGE,features[9].model_depth_mm,12
B04-104-FLANGE,features[9].callout,M6x1-6H THRU; PCD120
B04-104-FLANGE,features[10].type,hole
B04-104-FLANGE,features[10].entry_xyz,"[-22.96101, 79.56723, 46]"
B04-104-FLANGE,features[10].axis,"[0, 0, 1]"
B04-104-FLANGE,features[10].model_diameter_mm,5
B04-104-FLANGE,features[10].model_depth_mm,12
B04-104-FLANGE,features[10].callout,M6x1-6H THRU; PCD120
B04-104-FLANGE,features[11].type,hole
B04-104-FLANGE,features[11].entry_xyz,"[22.96101, 79.56723, 46]"
B04-104-FLANGE,features[11].axis,"[0, 0, 1]"
B04-104-FLANGE,features[11].model_diameter_mm,5
B04-104-FLANGE,features[11].model_depth_mm,12
B04-104-FLANGE,features[11].callout,M6x1-6H THRU; PCD120
B04-104-FLANGE,features[12].type,hole
B04-104-FLANGE,features[12].entry_xyz,"[55.43277, 112.03899, 46]"
B04-104-FLANGE,features[12].axis,"[0, 0, 1]"
B04-104-FLANGE,features[12].model_diameter_mm,5
B04-104-FLANGE,features[12].model_depth_mm,12
B04-104-FLANGE,features[12].callout,M6x1-6H THRU; PCD120
B04-104-FLANGE,notes,"[Base test interface only. OD160 / ID60, PCD120: 8 x M6 phase22.5deg., Face z58 flatness0.1; no commercial motor compatibility claimed.]"
B04-105-POST-1,STEP.global_min_xyz_mm,"-56, 79, 14"
B04-105-POST-1,STEP.global_max_xyz_mm,"-34, 101, 46"
B04-105-POST-1,STEP.volume_mm3,11002.1088
B04-105-POST-1,local_bbox.min,"[-56, 79, 14]"
B04-105-POST-1,local_bbox.max,"[-34, 101, 46]"
B04-105-POST-1,local_bbox.size,"[22, 22, 32]"
B04-105-POST-1,features[1].type,hole
B04-105-POST-1,features[1].entry_xyz,"[-45, 90, 14]"
B04-105-POST-1,features[1].axis,"[0, 0, 1]"
B04-105-POST-1,features[1].model_diameter_mm,6.8
B04-105-POST-1,features[1].model_depth_mm,32
B04-105-POST-1,features[1].callout,M8x1.25-6H THRU
B04-105-POST-1,notes,[OD22 x32; M8x1.25-6H through; end faces parallel0.05. Four identical posts.]
B04-105-POST-2,STEP.global_min_xyz_mm,"34, 79, 14"
B04-105-POST-2,STEP.global_max_xyz_mm,"56, 101, 46"
B04-105-POST-2,STEP.volume_mm3,11002.1088
B04-105-POST-2,local_bbox.min,"[34, 79, 14]"
B04-105-POST-2,local_bbox.max,"[56, 101, 46]"
B04-105-POST-2,local_bbox.size,"[22, 22, 32]"
B04-105-POST-2,features[1].type,hole
B04-105-POST-2,features[1].entry_xyz,"[45, 90, 14]"
B04-105-POST-2,features[1].axis,"[0, 0, 1]"
B04-105-POST-2,features[1].model_diameter_mm,6.8
B04-105-POST-2,features[1].model_depth_mm,32
B04-105-POST-2,features[1].callout,M8x1.25-6H THRU
B04-105-POST-2,notes,[OD22 x32; M8x1.25-6H through; end faces parallel0.05. Four identical posts.]
B04-105-POST-3,STEP.global_min_xyz_mm,"-56, 169, 14"
B04-105-POST-3,STEP.global_max_xyz_mm,"-34, 191, 46"
B04-105-POST-3,STEP.volume_mm3,11002.1088
B04-105-POST-3,local_bbox.min,"[-56, 169, 14]"
B04-105-POST-3,local_bbox.max,"[-34, 191, 46]"
B04-105-POST-3,local_bbox.size,"[22, 22, 32]"
B04-105-POST-3,features[1].type,hole
B04-105-POST-3,features[1].entry_xyz,"[-45, 180, 14]"
B04-105-POST-3,features[1].axis,"[0, 0, 1]"
B04-105-POST-3,features[1].model_diameter_mm,6.8
B04-105-POST-3,features[1].model_depth_mm,32
B04-105-POST-3,features[1].callout,M8x1.25-6H THRU
B04-105-POST-3,notes,[OD22 x32; M8x1.25-6H through; end faces parallel0.05. Four identical posts.]
B04-105-POST-4,STEP.global_min_xyz_mm,"34, 169, 14"
B04-105-POST-4,STEP.global_max_xyz_mm,"56, 191, 46"
B04-105-POST-4,STEP.volume_mm3,11002.1088
B04-105-POST-4,local_bbox.min,"[34, 169, 14]"
B04-105-POST-4,local_bbox.max,"[56, 191, 46]"
B04-105-POST-4,local_bbox.size,"[22, 22, 32]"
B04-105-POST-4,features[1].type,hole
B04-105-POST-4,features[1].entry_xyz,"[45, 180, 14]"
B04-105-POST-4,features[1].axis,"[0, 0, 1]"
B04-105-POST-4,features[1].model_diameter_mm,6.8
B04-105-POST-4,features[1].model_depth_mm,32
B04-105-POST-4,features[1].callout,M8x1.25-6H THRU
B04-105-POST-4,notes,[OD22 x32; M8x1.25-6H through; end faces parallel0.05. Four identical posts.]
B04-106-TOPPAD--1,STEP.global_min_xyz_mm,"-96.5, 8, 0"
B04-106-TOPPAD--1,STEP.global_max_xyz_mm,"-53.5, 162, 2"
B04-106-TOPPAD--1,STEP.volume_mm3,13228.54867
B04-106-TOPPAD--1,local_bbox.min,"[-96.5, 8, 0]"
B04-106-TOPPAD--1,local_bbox.max,"[-53.5, 162, 2]"
B04-106-TOPPAD--1,local_bbox.size,"[43, 154, 2]"
B04-106-TOPPAD--1,features,[]
B04-106-TOPPAD--1,notes,[2 mm solid silicone sheet 60 Shore A nominal; adhesive to metal only; friction not qualified.]
B04-107-PRESSPAD--1,STEP.global_min_xyz_mm,"-120, 10, -40"
B04-107-PRESSPAD--1,STEP.global_max_xyz_mm,"-50, 100, -32"
B04-107-PRESSPAD--1,STEP.volume_mm3,50279.28981
B04-107-PRESSPAD--1,local_bbox.min,"[-120, 10, -40]"
B04-107-PRESSPAD--1,local_bbox.max,"[-50, 100, -32]"
B04-107-PRESSPAD--1,local_bbox.size,"[70, 90, 8]"
B04-107-PRESSPAD--1,features[1].type,hole
B04-107-PRESSPAD--1,features[1].entry_xyz,"[-108, 55, -40]"
B04-107-PRESSPAD--1,features[1].axis,"[0, 0, 1]"
B04-107-PRESSPAD--1,features[1].model_diameter_mm,2.5
B04-107-PRESSPAD--1,features[1].model_depth_mm,6
B04-107-PRESSPAD--1,features[1].callout,M3x0.5-6H; FULL THREAD4; DRILL6; FOOT RETAINER
B04-107-PRESSPAD--1,features[2].type,hole
B04-107-PRESSPAD--1,features[2].entry_xyz,"[-62, 55, -40]"
B04-107-PRESSPAD--1,features[2].axis,"[0, 0, 1]"
B04-107-PRESSPAD--1,features[2].model_diameter_mm,2.5
B04-107-PRESSPAD--1,features[2].model_depth_mm,6
B04-107-PRESSPAD--1,features[2].callout,M3x0.5-6H; FULL THREAD4; DRILL6; FOOT RETAINER
B04-107-PRESSPAD--1,notes,[Steel thrust foot directly bears on flat underside; polymer retaining clips carry no clamp load.]
B04-108-LOWPAD--1,STEP.global_min_xyz_mm,"-120, 10, -32"
B04-108-LOWPAD--1,STEP.global_max_xyz_mm,"-50, 100, -30"
B04-108-LOWPAD--1,STEP.volume_mm3,12584.54867
B04-108-LOWPAD--1,local_bbox.min,"[-120, 10, -32]"
B04-108-LOWPAD--1,local_bbox.max,"[-50, 100, -30]"
B04-108-LOWPAD--1,local_bbox.size,"[70, 90, 2]"
B04-108-LOWPAD--1,features,[]
B04-108-LOWPAD--1,notes,[2 mm solid silicone sheet; bond to spreader upper face.]
B04-109-FOOT-CAGE--1--1,STEP.global_min_xyz_mm,"-115, 38.00118, -50"
B04-109-FOOT-CAGE--1--1,STEP.global_max_xyz_mm,"-85.2, 71.99882, -40"
B04-109-FOOT-CAGE--1--1,STEP.volume_mm3,2898.93752
B04-109-FOOT-CAGE--1--1,local_bbox.min,"[-115, 38.00118, -50]"
B04-109-FOOT-CAGE--1--1,local_bbox.max,"[-85.2, 71.99882, -40]"
B04-109-FOOT-CAGE--1--1,local_bbox.size,"[29.8, 33.99765, 10]"
B04-109-FOOT-CAGE--1--1,features[1].type,hole
B04-109-FOOT-CAGE--1--1,features[1].entry_xyz,"[-108, 55, -50]"
B04-109-FOOT-CAGE--1--1,features[1].axis,"[0, 0, 1]"
B04-109-FOOT-CAGE--1--1,features[1].model_diameter_mm,3.4
B04-109-FOOT-CAGE--1--1,features[1].model_depth_mm,10
B04-109-FOOT-CAGE--1--1,features[1].callout,"D3.4 THRU; M3x14, ENGAGEMENT4"
B04-109-FOOT-CAGE--1--1,notes,"[Split retainer, D28 x8 chamber / D22 throat; 0.4mm split gap. Non-load-bearing. Post-drill screw holes D3.4 +0.2/0., Steel foot D25 flange x6, D18 neck x7 allocation. Verify received part articulation before use.]"
B04-109-FOOT-CAGE--1-1,STEP.global_min_xyz_mm,"-84.8, 38.00118, -50"
B04-109-FOOT-CAGE--1-1,STEP.global_max_xyz_mm,"-55, 71.99882, -40"
B04-109-FOOT-CAGE--1-1,STEP.volume_mm3,2898.93752
B04-109-FOOT-CAGE--1-1,local_bbox.min,"[-84.8, 38.00118, -50]"
B04-109-FOOT-CAGE--1-1,local_bbox.max,"[-55, 71.99882, -40]"
B04-109-FOOT-CAGE--1-1,local_bbox.size,"[29.8, 33.99765, 10]"
B04-109-FOOT-CAGE--1-1,features[1].type,hole
B04-109-FOOT-CAGE--1-1,features[1].entry_xyz,"[-62, 55, -50]"
B04-109-FOOT-CAGE--1-1,features[1].axis,"[0, 0, 1]"
B04-109-FOOT-CAGE--1-1,features[1].model_diameter_mm,3.4
B04-109-FOOT-CAGE--1-1,features[1].model_depth_mm,10
B04-109-FOOT-CAGE--1-1,features[1].callout,"D3.4 THRU; M3x14, ENGAGEMENT4"
B04-109-FOOT-CAGE--1-1,notes,"[Split retainer, D28 x8 chamber / D22 throat; 0.4mm split gap. Non-load-bearing. Post-drill screw holes D3.4 +0.2/0., Steel foot D25 flange x6, D18 neck x7 allocation. Verify received part articulation before use.]"
B04-106-TOPPAD-1,STEP.global_min_xyz_mm,"53.5, 8, 0"
B04-106-TOPPAD-1,STEP.global_max_xyz_mm,"96.5, 162, 2"
B04-106-TOPPAD-1,STEP.volume_mm3,13228.54867
B04-106-TOPPAD-1,local_bbox.min,"[53.5, 8, 0]"
B04-106-TOPPAD-1,local_bbox.max,"[96.5, 162, 2]"
B04-106-TOPPAD-1,local_bbox.size,"[43, 154, 2]"
B04-106-TOPPAD-1,features,[]
B04-106-TOPPAD-1,notes,[2 mm solid silicone sheet 60 Shore A nominal; adhesive to metal only; friction not qualified.]
B04-107-PRESSPAD-1,STEP.global_min_xyz_mm,"50, 10, -40"
B04-107-PRESSPAD-1,STEP.global_max_xyz_mm,"120, 100, -32"
B04-107-PRESSPAD-1,STEP.volume_mm3,50279.28981
B04-107-PRESSPAD-1,local_bbox.min,"[50, 10, -40]"
B04-107-PRESSPAD-1,local_bbox.max,"[120, 100, -32]"
B04-107-PRESSPAD-1,local_bbox.size,"[70, 90, 8]"
B04-107-PRESSPAD-1,features[1].type,hole
B04-107-PRESSPAD-1,features[1].entry_xyz,"[62, 55, -40]"
B04-107-PRESSPAD-1,features[1].axis,"[0, 0, 1]"
B04-107-PRESSPAD-1,features[1].model_diameter_mm,2.5
B04-107-PRESSPAD-1,features[1].model_depth_mm,6
B04-107-PRESSPAD-1,features[1].callout,M3x0.5-6H; FULL THREAD4; DRILL6; FOOT RETAINER
B04-107-PRESSPAD-1,features[2].type,hole
B04-107-PRESSPAD-1,features[2].entry_xyz,"[108, 55, -40]"
B04-107-PRESSPAD-1,features[2].axis,"[0, 0, 1]"
B04-107-PRESSPAD-1,features[2].model_diameter_mm,2.5
B04-107-PRESSPAD-1,features[2].model_depth_mm,6
B04-107-PRESSPAD-1,features[2].callout,M3x0.5-6H; FULL THREAD4; DRILL6; FOOT RETAINER
B04-107-PRESSPAD-1,notes,[Steel thrust foot directly bears on flat underside; polymer retaining clips carry no clamp load.]
B04-108-LOWPAD-1,STEP.global_min_xyz_mm,"50, 10, -32"
B04-108-LOWPAD-1,STEP.global_max_xyz_mm,"120, 100, -30"
B04-108-LOWPAD-1,STEP.volume_mm3,12584.54867
B04-108-LOWPAD-1,local_bbox.min,"[50, 10, -32]"
B04-108-LOWPAD-1,local_bbox.max,"[120, 100, -30]"
B04-108-LOWPAD-1,local_bbox.size,"[70, 90, 2]"
B04-108-LOWPAD-1,features,[]
B04-108-LOWPAD-1,notes,[2 mm solid silicone sheet; bond to spreader upper face.]
B04-109-FOOT-CAGE-1--1,STEP.global_min_xyz_mm,"55, 38.00118, -50"
B04-109-FOOT-CAGE-1--1,STEP.global_max_xyz_mm,"84.8, 71.99882, -40"
B04-109-FOOT-CAGE-1--1,STEP.volume_mm3,2898.93752
B04-109-FOOT-CAGE-1--1,local_bbox.min,"[55, 38.00118, -50]"
B04-109-FOOT-CAGE-1--1,local_bbox.max,"[84.8, 71.99882, -40]"
B04-109-FOOT-CAGE-1--1,local_bbox.size,"[29.8, 33.99765, 10]"
B04-109-FOOT-CAGE-1--1,features[1].type,hole
B04-109-FOOT-CAGE-1--1,features[1].entry_xyz,"[62, 55, -50]"
B04-109-FOOT-CAGE-1--1,features[1].axis,"[0, 0, 1]"
B04-109-FOOT-CAGE-1--1,features[1].model_diameter_mm,3.4
B04-109-FOOT-CAGE-1--1,features[1].model_depth_mm,10
B04-109-FOOT-CAGE-1--1,features[1].callout,"D3.4 THRU; M3x14, ENGAGEMENT4"
B04-109-FOOT-CAGE-1--1,notes,"[Split retainer, D28 x8 chamber / D22 throat; 0.4mm split gap. Non-load-bearing. Post-drill screw holes D3.4 +0.2/0., Steel foot D25 flange x6, D18 neck x7 allocation. Verify received part articulation before use.]"
B04-109-FOOT-CAGE-1-1,STEP.global_min_xyz_mm,"85.2, 38.00118, -50"
B04-109-FOOT-CAGE-1-1,STEP.global_max_xyz_mm,"115, 71.99882, -40"
B04-109-FOOT-CAGE-1-1,STEP.volume_mm3,2898.93752
B04-109-FOOT-CAGE-1-1,local_bbox.min,"[85.2, 38.00118, -50]"
B04-109-FOOT-CAGE-1-1,local_bbox.max,"[115, 71.99882, -40]"
B04-109-FOOT-CAGE-1-1,local_bbox.size,"[29.8, 33.99765, 10]"
B04-109-FOOT-CAGE-1-1,features[1].type,hole
B04-109-FOOT-CAGE-1-1,features[1].entry_xyz,"[108, 55, -50]"
B04-109-FOOT-CAGE-1-1,features[1].axis,"[0, 0, 1]"
B04-109-FOOT-CAGE-1-1,features[1].model_diameter_mm,3.4
B04-109-FOOT-CAGE-1-1,features[1].model_depth_mm,10
B04-109-FOOT-CAGE-1-1,features[1].callout,"D3.4 THRU; M3x14, ENGAGEMENT4"
B04-109-FOOT-CAGE-1-1,notes,"[Split retainer, D28 x8 chamber / D22 throat; 0.4mm split gap. Non-load-bearing. Post-drill screw holes D3.4 +0.2/0., Steel foot D25 flange x6, D18 neck x7 allocation. Verify received part articulation before use.]"
B04-201-CRADLE-L,STEP.global_min_xyz_mm,"-128, -30, -195"
B04-201-CRADLE-L,STEP.global_max_xyz_mm,"-120, 285, -56"
B04-201-CRADLE-L,STEP.volume_mm3,72385.46109
B04-201-CRADLE-L,local_bbox.min,"[-128, -30, -195]"
B04-201-CRADLE-L,local_bbox.max,"[-120, 285, -56]"
B04-201-CRADLE-L,local_bbox.size,"[8, 315, 139]"
B04-201-CRADLE-L,features[1].type,hole
B04-201-CRADLE-L,features[1].entry_xyz,"[-128, -18, -70]"
B04-201-CRADLE-L,features[1].axis,"[1, 0, 0]"
B04-201-CRADLE-L,features[1].model_diameter_mm,6.6
B04-201-CRADLE-L,features[1].model_depth_mm,8
B04-201-CRADLE-L,features[1].callout,D6.6 THRU; M6x20 + WASHER
B04-201-CRADLE-L,features[2].type,hole
B04-201-CRADLE-L,features[2].entry_xyz,"[-128, -18, -95]"
B04-201-CRADLE-L,features[2].axis,"[1, 0, 0]"
B04-201-CRADLE-L,features[2].model_diameter_mm,6.6
B04-201-CRADLE-L,features[2].model_depth_mm,8
B04-201-CRADLE-L,features[2].callout,D6.6 THRU; M6x20 + WASHER
B04-201-CRADLE-L,features[3].type,hole
B04-201-CRADLE-L,features[3].entry_xyz,"[-124, 140, -175]"
B04-201-CRADLE-L,features[3].axis,"[0, 0, -1]"
B04-201-CRADLE-L,features[3].model_diameter_mm,3.3
B04-201-CRADLE-L,features[3].model_depth_mm,12
B04-201-CRADLE-L,features[3].callout,M4x0.7-6H; FULL THREAD9; DRILL12
B04-201-CRADLE-L,features[4].type,hole
B04-201-CRADLE-L,features[4].entry_xyz,"[-124, 250, -175]"
B04-201-CRADLE-L,features[4].axis,"[0, 0, -1]"
B04-201-CRADLE-L,features[4].model_diameter_mm,3.3
B04-201-CRADLE-L,features[4].model_depth_mm,12
B04-201-CRADLE-L,features[4].callout,M4x0.7-6H; FULL THREAD9; DRILL12
B04-201-CRADLE-L,notes,[Profile corners R4. Withdraw controller toward +Y; cradle removed without loosening main desk clamp.]
B04-201-CRADLE-R,STEP.global_min_xyz_mm,"120, -30, -195"
B04-201-CRADLE-R,STEP.global_max_xyz_mm,"128, 285, -56"
B04-201-CRADLE-R,STEP.volume_mm3,72385.46109
B04-201-CRADLE-R,local_bbox.min,"[120, -30, -195]"
B04-201-CRADLE-R,local_bbox.max,"[128, 285, -56]"
B04-201-CRADLE-R,local_bbox.size,"[8, 315, 139]"
B04-201-CRADLE-R,features[1].type,hole
B04-201-CRADLE-R,features[1].entry_xyz,"[128, -18, -70]"
B04-201-CRADLE-R,features[1].axis,"[-1, 0, 0]"
B04-201-CRADLE-R,features[1].model_diameter_mm,6.6
B04-201-CRADLE-R,features[1].model_depth_mm,8
B04-201-CRADLE-R,features[1].callout,D6.6 THRU; M6x20 + WASHER
B04-201-CRADLE-R,features[2].type,hole
B04-201-CRADLE-R,features[2].entry_xyz,"[128, -18, -95]"
B04-201-CRADLE-R,features[2].axis,"[-1, 0, 0]"
B04-201-CRADLE-R,features[2].model_diameter_mm,6.6
B04-201-CRADLE-R,features[2].model_depth_mm,8
B04-201-CRADLE-R,features[2].callout,D6.6 THRU; M6x20 + WASHER
B04-201-CRADLE-R,features[3].type,hole
B04-201-CRADLE-R,features[3].entry_xyz,"[124, 140, -175]"
B04-201-CRADLE-R,features[3].axis,"[0, 0, -1]"
B04-201-CRADLE-R,features[3].model_diameter_mm,3.3
B04-201-CRADLE-R,features[3].model_depth_mm,12
B04-201-CRADLE-R,features[3].callout,M4x0.7-6H; FULL THREAD9; DRILL12
B04-201-CRADLE-R,features[4].type,hole
B04-201-CRADLE-R,features[4].entry_xyz,"[124, 250, -175]"
B04-201-CRADLE-R,features[4].axis,"[0, 0, -1]"
B04-201-CRADLE-R,features[4].model_diameter_mm,3.3
B04-201-CRADLE-R,features[4].model_depth_mm,12
B04-201-CRADLE-R,features[4].callout,M4x0.7-6H; FULL THREAD9; DRILL12
B04-201-CRADLE-R,notes,[Profile corners R4. Withdraw controller toward +Y; cradle removed without loosening main desk clamp.]
B04-202-TRAY,STEP.global_min_xyz_mm,"-128, 102, -175"
B04-202-TRAY,STEP.global_max_xyz_mm,"128, 290, -170"
B04-202-TRAY,STEP.volume_mm3,239210.16819
B04-202-TRAY,local_bbox.min,"[-128, 102, -175]"
B04-202-TRAY,local_bbox.max,"[128, 290, -170]"
B04-202-TRAY,local_bbox.size,"[256, 188, 5]"
B04-202-TRAY,features[1].type,hole
B04-202-TRAY,features[1].entry_xyz,"[-124, 140, -175]"
B04-202-TRAY,features[1].axis,"[0, 0, 1]"
B04-202-TRAY,features[1].model_diameter_mm,4.5
B04-202-TRAY,features[1].model_depth_mm,5
B04-202-TRAY,features[1].callout,D4.5 THRU; M4x12
B04-202-TRAY,features[2].type,hole
B04-202-TRAY,features[2].entry_xyz,"[-124, 250, -175]"
B04-202-TRAY,features[2].axis,"[0, 0, 1]"
B04-202-TRAY,features[2].model_diameter_mm,4.5
B04-202-TRAY,features[2].model_depth_mm,5
B04-202-TRAY,features[2].callout,D4.5 THRU; M4x12
B04-202-TRAY,features[3].type,hole
B04-202-TRAY,features[3].entry_xyz,"[124, 140, -175]"
B04-202-TRAY,features[3].axis,"[0, 0, 1]"
B04-202-TRAY,features[3].model_diameter_mm,4.5
B04-202-TRAY,features[3].model_depth_mm,5
B04-202-TRAY,features[3].callout,D4.5 THRU; M4x12
B04-202-TRAY,features[4].type,hole
B04-202-TRAY,features[4].entry_xyz,"[124, 250, -175]"
B04-202-TRAY,features[4].axis,"[0, 0, 1]"
B04-202-TRAY,features[4].model_diameter_mm,4.5
B04-202-TRAY,features[4].model_depth_mm,5
B04-202-TRAY,features[4].callout,D4.5 THRU; M4x12
B04-202-TRAY,features[5].type,hole
B04-202-TRAY,features[5].entry_xyz,"[-100, 112, -175]"
B04-202-TRAY,features[5].axis,"[0, 0, 1]"
B04-202-TRAY,features[5].model_diameter_mm,3.3
B04-202-TRAY,features[5].model_depth_mm,5
B04-202-TRAY,features[5].callout,M4x0.7-6H THRU; STOP M4x16
B04-202-TRAY,features[6].type,hole
B04-202-TRAY,features[6].entry_xyz,"[100, 112, -175]"
B04-202-TRAY,features[6].axis,"[0, 0, 1]"
B04-202-TRAY,features[6].model_diameter_mm,3.3
B04-202-TRAY,features[6].model_depth_mm,5
B04-202-TRAY,features[6].callout,M4x0.7-6H THRU; STOP M4x16
B04-202-TRAY,features[7].type,hole
B04-202-TRAY,features[7].entry_xyz,"[-100, 278, -175]"
B04-202-TRAY,features[7].axis,"[0, 0, 1]"
B04-202-TRAY,features[7].model_diameter_mm,3.3
B04-202-TRAY,features[7].model_depth_mm,5
B04-202-TRAY,features[7].callout,M4x0.7-6H THRU; STOP M4x16
B04-202-TRAY,features[8].type,hole
B04-202-TRAY,features[8].entry_xyz,"[100, 278, -175]"
B04-202-TRAY,features[8].axis,"[0, 0, 1]"
B04-202-TRAY,features[8].model_diameter_mm,3.3
B04-202-TRAY,features[8].model_depth_mm,5
B04-202-TRAY,features[8].callout,M4x0.7-6H THRU; STOP M4x16
B04-202-TRAY,features[9].type,slot
B04-202-TRAY,features[9].entry_xyz,"[-108, 187, -175]"
B04-202-TRAY,features[9].callout,"4 x24 THRU SLOT, R1.5; 20mm RETAINING STRAP"
B04-202-TRAY,features[10].type,slot
B04-202-TRAY,features[10].entry_xyz,"[108, 187, -175]"
B04-202-TRAY,features[10].callout,"4 x24 THRU SLOT, R1.5; 20mm RETAINING STRAP"
B04-202-TRAY,notes,"[Controller mechanical gauge 180x150x50, max3kg allocation; controller ventilation to be checked separately., Do not install screws within the central controller footprint.]"
B04-203-STOP-REAR,STEP.global_min_xyz_mm,"-108, 107, -170"
B04-203-STOP-REAR,STEP.global_max_xyz_mm,"108, 117, -158"
B04-203-STOP-REAR,STEP.volume_mm3,25527.9956
B04-203-STOP-REAR,local_bbox.min,"[-108, 107, -170]"
B04-203-STOP-REAR,local_bbox.max,"[108, 117, -158]"
B04-203-STOP-REAR,local_bbox.size,"[216, 10, 12]"
B04-203-STOP-REAR,features[1].type,hole
B04-203-STOP-REAR,features[1].entry_xyz,"[-100, 112, -170]"
B04-203-STOP-REAR,features[1].axis,"[0, 0, 1]"
B04-203-STOP-REAR,features[1].model_diameter_mm,4.5
B04-203-STOP-REAR,features[1].model_depth_mm,12
B04-203-STOP-REAR,features[1].callout,D4.5 THRU; M4x16
B04-203-STOP-REAR,features[2].type,hole
B04-203-STOP-REAR,features[2].entry_xyz,"[100, 112, -170]"
B04-203-STOP-REAR,features[2].axis,"[0, 0, 1]"
B04-203-STOP-REAR,features[2].model_diameter_mm,4.5
B04-203-STOP-REAR,features[2].model_depth_mm,12
B04-203-STOP-REAR,features[2].callout,D4.5 THRU; M4x16
B04-203-STOP-REAR,notes,"[Front stop removable using 2 M4x16; controller gauge slides toward +Y., Use separate adjustable strap through tray side slots to retain vertically.]"
B04-203-STOP-FRONT,STEP.global_min_xyz_mm,"-108, 273, -170"
B04-203-STOP-FRONT,STEP.global_max_xyz_mm,"108, 283, -158"
B04-203-STOP-FRONT,STEP.volume_mm3,25527.9956
B04-203-STOP-FRONT,local_bbox.min,"[-108, 273, -170]"
B04-203-STOP-FRONT,local_bbox.max,"[108, 283, -158]"
B04-203-STOP-FRONT,local_bbox.size,"[216, 10, 12]"
B04-203-STOP-FRONT,features[1].type,hole
B04-203-STOP-FRONT,features[1].entry_xyz,"[-100, 278, -170]"
B04-203-STOP-FRONT,features[1].axis,"[0, 0, 1]"
B04-203-STOP-FRONT,features[1].model_diameter_mm,4.5
B04-203-STOP-FRONT,features[1].model_depth_mm,12
B04-203-STOP-FRONT,features[1].callout,D4.5 THRU; M4x16
B04-203-STOP-FRONT,features[2].type,hole
B04-203-STOP-FRONT,features[2].entry_xyz,"[100, 278, -170]"
B04-203-STOP-FRONT,features[2].axis,"[0, 0, 1]"
B04-203-STOP-FRONT,features[2].model_diameter_mm,4.5
B04-203-STOP-FRONT,features[2].model_depth_mm,12
B04-203-STOP-FRONT,features[2].callout,D4.5 THRU; M4x16
B04-203-STOP-FRONT,notes,"[Front stop removable using 2 M4x16; controller gauge slides toward +Y., Use separate adjustable strap through tray side slots to retain vertically.]"
B04-301-COVER-REAR,STEP.global_min_xyz_mm,"-126, -42, 14"
B04-301-COVER-REAR,STEP.global_max_xyz_mm,"126, 49.6, 52"
B04-301-COVER-REAR,STEP.volume_mm3,94426.0274
B04-301-COVER-REAR,local_bbox.min,"[-126, -42, 14]"
B04-301-COVER-REAR,local_bbox.max,"[126, 49.6, 52]"
B04-301-COVER-REAR,local_bbox.size,"[252, 91.6, 38]"
B04-301-COVER-REAR,features[1].type,hole
B04-301-COVER-REAR,features[1].entry_xyz,"[-100, 35, 49]"
B04-301-COVER-REAR,features[1].axis,"[0, 0, 1]"
B04-301-COVER-REAR,features[1].model_diameter_mm,3.4
B04-301-COVER-REAR,features[1].model_depth_mm,3
B04-301-COVER-REAR,features[1].callout,D3.4 THRU; M3x8 + WASHER
B04-301-COVER-REAR,features[2].type,hole
B04-301-COVER-REAR,features[2].entry_xyz,"[100, 35, 49]"
B04-301-COVER-REAR,features[2].axis,"[0, 0, 1]"
B04-301-COVER-REAR,features[2].model_diameter_mm,3.4
B04-301-COVER-REAR,features[2].model_depth_mm,3
B04-301-COVER-REAR,features[2].callout,D3.4 THRU; M3x8 + WASHER
B04-301-COVER-REAR,notes,"[Nominal wall2.5, roof3.0; clearances checked on nominal geometry., Print as separate front/rear pieces; rear lifts vertically for PCB access; seam0.8mm., Cosmetic shroud carries no arm or clamp load. Post-drill screw holes D3.4 +0.2/0 at assembly jig.]"
B04-301-COVER-FRONT,STEP.global_min_xyz_mm,"-125.93556, 50.4, 14"
B04-301-COVER-FRONT,STEP.global_max_xyz_mm,"125.93556, 232, 52"
B04-301-COVER-FRONT,STEP.volume_mm3,105950.13538
B04-301-COVER-FRONT,local_bbox.min,"[-125.93556, 50.4, 14]"
B04-301-COVER-FRONT,local_bbox.max,"[125.93556, 232, 52]"
B04-301-COVER-FRONT,local_bbox.size,"[251.87113, 181.6, 38]"
B04-301-COVER-FRONT,features[1].type,hole
B04-301-COVER-FRONT,features[1].entry_xyz,"[-100, 75, 49]"
B04-301-COVER-FRONT,features[1].axis,"[0, 0, 1]"
B04-301-COVER-FRONT,features[1].model_diameter_mm,3.4
B04-301-COVER-FRONT,features[1].model_depth_mm,3
B04-301-COVER-FRONT,features[1].callout,D3.4 THRU; M3x8 + WASHER
B04-301-COVER-FRONT,features[2].type,hole
B04-301-COVER-FRONT,features[2].entry_xyz,"[100, 75, 49]"
B04-301-COVER-FRONT,features[2].axis,"[0, 0, 1]"
B04-301-COVER-FRONT,features[2].model_diameter_mm,3.4
B04-301-COVER-FRONT,features[2].model_depth_mm,3
B04-301-COVER-FRONT,features[2].callout,D3.4 THRU; M3x8 + WASHER
B04-301-COVER-FRONT,features[3].type,hole
B04-301-COVER-FRONT,features[3].entry_xyz,"[-88, 185, 49]"
B04-301-COVER-FRONT,features[3].axis,"[0, 0, 1]"
B04-301-COVER-FRONT,features[3].model_diameter_mm,3.4
B04-301-COVER-FRONT,features[3].model_depth_mm,3
B04-301-COVER-FRONT,features[3].callout,D3.4 THRU; M3x8 + WASHER
B04-301-COVER-FRONT,features[4].type,hole
B04-301-COVER-FRONT,features[4].entry_xyz,"[88, 185, 49]"
B04-301-COVER-FRONT,features[4].axis,"[0, 0, 1]"
B04-301-COVER-FRONT,features[4].model_diameter_mm,3.4
B04-301-COVER-FRONT,features[4].model_depth_mm,3
B04-301-COVER-FRONT,features[4].callout,D3.4 THRU; M3x8 + WASHER
B04-301-COVER-FRONT,notes,"[Nominal wall2.5, roof3.0; clearances checked on nominal geometry., Print as separate front/rear pieces; rear lifts vertically for PCB access; seam0.8mm., Cosmetic shroud carries no arm or clamp load. Post-drill screw holes D3.4 +0.2/0 at assembly jig.]"
