radial_X_mm,head_Z_mm
3.665685424949238325e+01,2.565685424949237969e+01
3.690685424949238325e+01,2.565685424949237969e+01
3.715685424949238325e+01,2.565685424949237969e+01
3.740685424949238325e+01,2.565685424949237969e+01
3.765685424949238325e+01,2.565685424949237969e+01
3.790685424949238325e+01,2.565685424949237969e+01
3.815685424949238325e+01,2.565685424949237969e+01
3.840685424949238325e+01,2.565685424949237969e+01
3.865685424949238325e+01,2.565685424949237969e+01
3.890685424949238325e+01,2.565685424949237969e+01
3.915685424949238325e+01,2.565685424949237969e+01
3.940685424949238325e+01,2.565685424949237969e+01
3.965685424949238325e+01,2.565685424949237969e+01
3.990685424949238325e+01,2.565685424949237969e+01
4.015685424949238325e+01,2.565685424949237969e+01
4.040685424949238325e+01,2.565685424949237969e+01
4.065685424949238325e+01,2.565685424949237969e+01
4.090685424949238325e+01,2.565685424949237969e+01
4.115685424949238325e+01,2.565685424949237969e+01
4.140685424949238325e+01,2.565685424949237969e+01
4.165685424949238325e+01,2.565685424949237969e+01
4.190685424949238325e+01,2.565685424949237969e+01
4.215685424949238325e+01,2.565685424949237969e+01
4.240685424949238325e+01,2.565685424949237969e+01
4.265685424949238325e+01,2.565685424949237969e+01
4.290685424949238325e+01,2.565685424949237969e+01
4.315685424949238325e+01,2.565685424949237969e+01
4.340685424949238325e+01,2.565685424949237969e+01
4.365685424949238325e+01,2.565685424949237969e+01
4.390685424949238325e+01,2.565685424949237969e+01
4.415685424949238325e+01,2.565685424949237969e+01
4.440685424949238325e+01,2.565685424949237969e+01
4.465685424949238325e+01,2.565685424949237969e+01
4.490685424949238325e+01,2.565685424949237969e+01
4.515685424949238325e+01,2.565685424949237969e+01
4.540685424949238325e+01,2.565685424949237969e+01
4.565685424949238325e+01,2.565685424949237969e+01
4.590685424949238325e+01,2.565685424949237969e+01
4.615685424949238325e+01,2.565685424949237969e+01
4.640685424949238325e+01,2.565685424949237969e+01
4.665685424949238325e+01,2.565685424949237969e+01
4.690685424949238325e+01,2.565685424949237969e+01
4.715685424949238325e+01,2.565685424949237969e+01
4.740685424949238325e+01,2.565685424949237969e+01
4.765685424949238325e+01,2.565685424949237969e+01
4.790685424949238325e+01,2.565685424949237969e+01
4.815685424949238325e+01,2.565685424949237969e+01
4.840685424949238325e+01,2.565685424949237969e+01
4.865685424949238325e+01,2.565685424949237969e+01
4.890685424949238325e+01,2.565685424949237969e+01
4.915685424949238325e+01,2.565685424949237969e+01
4.940685424949238325e+01,2.565685424949237969e+01
4.965685424949238325e+01,2.565685424949237969e+01
4.990685424949238325e+01,2.565685424949237969e+01
5.015685424949238325e+01,2.565685424949237969e+01
5.040685424949238325e+01,2.565685424949237969e+01
5.065685424949238325e+01,2.565685424949237969e+01
5.090685424949238325e+01,2.565685424949237969e+01
5.115685424949238325e+01,2.565685424949237969e+01
5.140685424949238325e+01,2.565685424949237969e+01
5.165685424949238325e+01,2.565685424949237969e+01
5.190685424949238325e+01,2.565685424949237969e+01
5.215685424949238325e+01,2.565685424949237969e+01
5.240685424949238325e+01,2.565685424949237969e+01
5.265685424949238325e+01,2.565685424949237969e+01
5.290685424949238325e+01,2.565685424949237969e+01
5.315685424949238325e+01,2.565685424949237969e+01
5.340685424949238325e+01,2.565685424949237969e+01
5.365685424949238325e+01,2.565685424949237969e+01
5.390685424949238325e+01,2.565685424949237969e+01
5.415685424949238325e+01,2.565685424949237969e+01
5.440685424949238325e+01,2.565685424949237969e+01
5.465685424949238325e+01,2.565685424949237969e+01
5.490685424949238325e+01,2.565685424949237969e+01
5.515685424949238325e+01,2.565685424949237969e+01
5.540685424949238325e+01,2.565685424949237969e+01
5.565685424949238325e+01,2.565685424949237969e+01
5.590685424949238325e+01,2.565685424949237969e+01
5.615685424949238325e+01,2.565685424949237969e+01
5.640685424949238325e+01,2.565685424949237969e+01
5.665685424949238325e+01,2.565685424949237969e+01
5.690685424949238325e+01,2.565685424949237969e+01
5.715685424949238325e+01,2.565685424949237969e+01
5.740685424949238325e+01,2.565685424949237969e+01
5.765685424949238325e+01,2.565685424949237969e+01
5.790685424949238325e+01,2.565685424949237969e+01
5.815685424949238325e+01,2.565685424949237969e+01
5.840685424949238325e+01,2.565685424949237969e+01
5.865685424949238325e+01,2.565685424949237969e+01
5.890685424949238325e+01,2.565685424949237969e+01
5.915685424949238325e+01,2.565685424949237969e+01
5.940685424949238325e+01,2.565685424949237969e+01
5.965685424949238325e+01,2.565685424949237969e+01
5.990685424949238325e+01,2.565685424949237969e+01
6.015685424949238325e+01,2.565685424949237969e+01
6.040685424949238325e+01,2.565685424949237969e+01
6.065685424949238325e+01,2.565685424949237969e+01
6.090685424949238325e+01,2.565685424949237969e+01
6.115685424949238325e+01,2.565685424949237969e+01
6.140685424949238325e+01,2.565685424949237969e+01
6.165685424949238325e+01,2.565685424949237969e+01
6.190685424949238325e+01,2.565685424949237969e+01
6.215685424949238325e+01,2.565685424949237969e+01
6.240685424949238325e+01,2.565685424949237969e+01
6.265685424949238325e+01,2.565685424949237969e+01
6.290685424949238325e+01,2.565685424949237969e+01
6.315685424949238325e+01,2.565685424949237969e+01
6.340685424949238325e+01,2.565685424949237969e+01
6.365685424949238325e+01,2.565685424949237969e+01
6.390685424949238325e+01,2.565685424949237969e+01
6.415685424949238325e+01,2.565685424949237969e+01
6.440685424949238325e+01,2.565685424949237969e+01
6.465685424949238325e+01,2.565685424949237969e+01
6.490685424949238325e+01,2.565685424949237969e+01
6.515685424949238325e+01,2.565685424949237969e+01
6.540685424949238325e+01,2.565685424949237969e+01
6.565685424949238325e+01,2.565685424949237969e+01
6.590685424949238325e+01,2.565685424949237969e+01
6.615685424949238325e+01,2.565685424949237969e+01
6.640685424949238325e+01,2.565685424949237969e+01
6.665685424949238325e+01,2.565685424949237969e+01
6.690685424949238325e+01,2.565685424949237969e+01
6.715685424949238325e+01,2.565685424949237969e+01
6.740685424949238325e+01,2.565685424949237969e+01
6.765685424949238325e+01,2.565685424949237969e+01
6.790685424949238325e+01,2.565685424949237969e+01
6.815685424949238325e+01,2.565685424949237969e+01
6.840685424949238325e+01,2.565685424949237969e+01
6.865685424949238325e+01,2.565685424949237969e+01
6.890685424949238325e+01,2.565685424949237969e+01
6.915685424949238325e+01,2.565685424949237969e+01
6.940685424949238325e+01,2.565685424949237969e+01
6.965685424949238325e+01,2.565685424949237969e+01
6.990685424949238325e+01,2.565685424949237969e+01
7.015685424949238325e+01,2.565685424949237969e+01
7.040685424949238325e+01,2.565685424949237969e+01
7.065685424949238325e+01,2.565685424949237969e+01
7.090685424949238325e+01,2.565685424949237969e+01
7.115685424949238325e+01,2.565685424949237969e+01
7.140685424949238325e+01,2.565685424949237969e+01
7.165685424949238325e+01,2.565685424949237969e+01
7.190694177894053496e+01,2.565676671868985181e+01
7.215754391348353636e+01,2.565616450140953830e+01
7.240914627517952340e+01,2.565456129475327174e+01
7.266220285389012190e+01,2.565150058315475690e+01
7.291713571099823810e+01,2.564655406713940522e+01
7.317433444882364313e+01,2.563931986704898236e+01
7.343415551560886456e+01,2.562942058069685913e+01
7.369692140639325828e+01,2.561650126763790780e+01
7.396291981127873782e+01,2.560022742662286532e+01
7.423240275466740457e+01,2.558028302671840848e+01
7.450558576211308548e+01,2.555636864642377049e+01
7.478264708551542128e+01,2.552819976885604802e+01
7.506372701249364354e+01,2.549550527469511252e+01
7.534892728186247268e+01,2.545802616808355978e+01
7.563831062411895800e+01,2.541551456409155918e+01
7.593190044363410607e+01,2.536773295971525144e+01
7.622968065770334078e+01,2.531445380372136711e+01
7.653159570660803013e+01,2.525545937402503682e+01
7.683755074823056930e+01,2.519054196473907226e+01
7.714741205039848637e+01,2.511950437861082719e+01
7.746100759386067125e+01,2.504216071431732615e+01
7.777812789848164243e+01,2.495833743207403188e+01
7.809852708474500105e+01,2.486787467528275641e+01
7.842192418187161707e+01,2.477062782055910617e+01
7.874800469268163283e+01,2.466646922350158633e+01
7.907642242368594054e+01,2.455529012305920489e+01
7.940680158672786604e+01,2.443700266339082816e+01
7.973873917577881798e+01,2.431154198875805861e+01
8.007180761921961221e+01,2.417886836432510478e+01
8.040555770413362779e+01,2.403896927382231752e+01
8.073952176484581855e+01,2.389186144392971300e+01
8.107321712323718543e+01,2.373759274500904226e+01
8.140614976334046560e+01,2.357624391850475476e+01
8.173781821749739152e+01,2.340793008297746525e+01
8.206771763606249692e+01,2.323280197334445418e+01
8.239534400741831632e+01,2.305104687147574083e+01
8.272019849007831738e+01,2.286288919080563176e+01
8.304179181405237387e+01,2.266859068301839031e+01
8.335964870459348219e+01,2.246845024107813060e+01
8.367331227808017502e+01,2.226280327979787899e+01
8.398234835725496339e+01,2.205202068265804982e+01
8.428634965145052149e+01,2.183650731154450853e+01
8.458493974688809658e+01,2.161670008431773482e+01
8.487777685269476535e+01,2.139306563346687540e+01
8.516455724999218546e+01,2.116609756735711301e+01
8.544501839426682466e+01,2.093631336354976824e+01
8.571894162520649729e+01,2.070425093116819326e+01
8.598615444321832513e+01,2.047046488611177040e+01
8.624653231783085516e+01,2.023552258890956423e+01
8.650000000000000000e+01,2.000000000000000000e+01
8.674653231783085516e+01,1.976447741109043577e+01
8.698615444321832513e+01,1.952953511388822960e+01
8.721894162520649729e+01,1.929574906883180674e+01
8.744501839426682466e+01,1.906368663645023531e+01
8.766455724999218546e+01,1.883390243264288699e+01
8.787777685269476535e+01,1.860693436653312816e+01
8.808493974688809658e+01,1.838329991568226518e+01
8.828634965145052149e+01,1.816349268845549147e+01
8.848234835725496339e+01,1.794797931734195373e+01
8.867331227808017502e+01,1.773719672020212101e+01
8.885964870459348219e+01,1.753154975892186940e+01
8.904179181405237387e+01,1.733140931698160969e+01
8.922019849007831738e+01,1.713711080919437180e+01
8.939534400741831632e+01,1.694895312852425917e+01
8.956771763606249692e+01,1.676719802665554582e+01
8.973781821749739152e+01,1.659206991702253831e+01
8.990614976334046560e+01,1.642375608149524524e+01
9.007321712323718543e+01,1.626240725499095774e+01
9.023952176484581855e+01,1.610813855607028700e+01
9.040555770413362779e+01,1.596103072617768071e+01
9.057180761921961221e+01,1.582113163567489345e+01
9.073873917577881798e+01,1.568845801124194139e+01
9.090680158672786604e+01,1.556299733660917539e+01
9.107642242368594054e+01,1.544470987694079511e+01
9.124800469268163283e+01,1.533353077649841367e+01
9.142192418187161707e+01,1.522937217944089383e+01
9.159852708474500105e+01,1.513212532471724359e+01
9.177812789848164243e+01,1.504166256792596812e+01
9.196100759386067125e+01,1.495783928568267385e+01
9.214741205039848637e+01,1.488049562138917459e+01
9.233755074823056930e+01,1.480945803526092774e+01
9.253159570660803013e+01,1.474454062597496318e+01
9.272968065770334078e+01,1.468554619627863289e+01
9.293190044363410607e+01,1.463226704028474856e+01
9.313831062411895800e+01,1.458448543590844082e+01
9.334892728186247268e+01,1.454197383191644022e+01
9.356372701249364354e+01,1.450449472530488748e+01
9.378264708551542128e+01,1.447180023114395198e+01
9.400558576211308548e+01,1.444363135357622951e+01
9.423240275466740457e+01,1.441971697328159152e+01
9.446291981127873782e+01,1.439977257337713468e+01
9.469692140639325828e+01,1.438349873236209220e+01
9.493415551560886456e+01,1.437057941930314264e+01
9.517433444882362892e+01,1.436068013295101586e+01
9.541713571099823810e+01,1.435344593286059478e+01
9.566220285389012190e+01,1.434849941684524488e+01
9.590914627517952340e+01,1.434543870524672826e+01
9.615754391348353636e+01,1.434383549859046170e+01
9.640694177894053496e+01,1.434323328131014641e+01
9.665685424949238325e+01,1.434314575050762031e+01
