hole,x_mm,y_mm,angle_deg,diameter_mm
1,26.8520912,2.8222685,6.0,3.5
2,20.0649103,18.0665264,42.0,3.5
3,13.5,23.3826859,60.0,3.5
4,5.6136157,26.4099852,78.0,3.5
5,-2.8222685,26.8520912,96.0,3.5
6,-18.0665264,20.0649103,132.0,3.5
7,-23.3826859,13.5,150.0,3.5
8,-26.4099852,5.6136157,168.0,3.5
9,-26.8520912,-2.8222685,186.0,3.5
10,-20.0649103,-18.0665264,222.0,3.5
11,-13.5,-23.3826859,240.0,3.5
12,-5.6136157,-26.4099852,258.0,3.5
13,2.8222685,-26.8520912,276.0,3.5
14,18.0665264,-20.0649103,312.0,3.5
15,23.3826859,-13.5,330.0,3.5
16,26.4099852,-5.6136157,348.0,3.5
