id,role,frame,mass_kg,solid_count,material,note
J7-6807-1,hardware,J7.fixed,0.027,1,NSK 6807 purchased steel bearing,"Original envelope, not supplier internal CAD; 35x47x7mm, C0r4100N; mounted mass assigned stator for gravity bookkeeping."
J7-6807-2,hardware,J7.fixed,0.027,1,NSK 6807 purchased steel bearing,"Original envelope, not supplier internal CAD; 35x47x7mm, C0r4100N; mounted mass assigned stator for gravity bookkeeping."
J1-motor-envelope,motor_envelope,J1.fixed,0.88,1,purchased RS03,Envelope only; purchased actuator; connector pigtail gauge pending.
J2-motor-envelope,motor_envelope,J2.fixed,1.42,1,purchased RS04,Envelope only; purchased actuator; connector pigtail gauge pending.
J3-motor-envelope,motor_envelope,J3.fixed,0.88,1,purchased RS03,Envelope only; purchased actuator; connector pigtail gauge pending.
J4-motor-envelope,motor_envelope,J4.fixed,0.88,1,purchased RS03,Envelope only; purchased actuator; connector pigtail gauge pending.
J5-motor-envelope,motor_envelope,J5.fixed,0.621,1,purchased RS06,Envelope only; purchased actuator; connector pigtail gauge pending.
J6-motor-envelope,motor_envelope,J6.fixed,0.621,1,purchased RS06,Envelope only; purchased actuator; connector pigtail gauge pending.
J7-motor-envelope,motor_envelope,J7.fixed,0.31,1,purchased RS00,Envelope only; purchased actuator; connector pigtail gauge pending.
B3-shield,printed_cover,J3.rotor,0.0034526456067501313,1,grey PETG cosmetic panel,"2.4mm removable panel; two M3x30 screws, washers and nuts; non-load-bearing."
B4-shield,printed_cover,J4.rotor,0.01402310960675013,1,grey PETG cosmetic panel,"2.4mm removable panel; two M3x35 screws, washers and nuts; non-load-bearing."
B4-spacer-1,hardware,J4.rotor,0.0045,1,steel OD8 ID5.2 length20 spacer,Purchased or cut/deburred metal tube; actual length calibrated to printed inner faces.
B4-splice-M5-1,hardware,J4.rotor,0.011475305303244475,1,steel ISO4762 M5x60,Nominal shank/head envelope; thread helix omitted. Washer thickness 1mm required; nominal engagement 7.00mm.
B4-splice-M5-1-washer,hardware,J4.rotor,0.0003196130702056109,1,steel flat washer,Flat washer envelope; verify delivered thickness.
B4-splice-nut-1,hardware,J4.rotor,0.001123827093178213,1,steel M5 hex nut,Nominal hex nut; major-diameter thread void envelope.
B4-splice-nut-1-washer,hardware,J4.rotor,0.0004367552062763405,1,steel rear flat washer,
B4-spacer-2,hardware,J4.rotor,0.0045,1,steel OD8 ID5.2 length20 spacer,Purchased or cut/deburred metal tube; actual length calibrated to printed inner faces.
B4-splice-M5-2,hardware,J4.rotor,0.011475305303244475,1,steel ISO4762 M5x60,Nominal shank/head envelope; thread helix omitted. Washer thickness 1mm required; nominal engagement 7.00mm.
B4-splice-M5-2-washer,hardware,J4.rotor,0.0003196130702056109,1,steel flat washer,Flat washer envelope; verify delivered thickness.
B4-splice-nut-2,hardware,J4.rotor,0.001123827093178213,1,steel M5 hex nut,Nominal hex nut; major-diameter thread void envelope.
B4-splice-nut-2-washer,hardware,J4.rotor,0.0004367552062763405,1,steel rear flat washer,
J1-shroud-A,printed_cover,J1.fixed,0.030768221626296072,1,grey PETG cosmetic shroud,Split rear-open cosmetic cover; two M3x25 clamp bolts with nuts. Thermal test required with cover fitted; liner fitted to delivered motor.
J1-shroud-B,printed_cover,J1.fixed,0.030768221626296114,1,grey PETG cosmetic shroud,Split rear-open cosmetic cover; two M3x25 clamp bolts with nuts. Thermal test required with cover fitted; liner fitted to delivered motor.
J2-shroud-A,printed_cover,J2.fixed,0.037467435048899184,1,grey PETG cosmetic shroud,Split rear-open cosmetic cover; two M3x25 clamp bolts with nuts. Thermal test required with cover fitted; liner fitted to delivered motor.
J2-shroud-B,printed_cover,J2.fixed,0.03746743504889954,1,grey PETG cosmetic shroud,Split rear-open cosmetic cover; two M3x25 clamp bolts with nuts. Thermal test required with cover fitted; liner fitted to delivered motor.
J3-shroud-A,printed_cover,J3.fixed,0.03377846018113042,1,grey PETG cosmetic shroud,Split rear-open cosmetic cover; two M3x25 clamp bolts with nuts. Thermal test required with cover fitted; liner fitted to delivered motor.
J3-shroud-B,printed_cover,J3.fixed,0.033778460181131,1,grey PETG cosmetic shroud,Split rear-open cosmetic cover; two M3x25 clamp bolts with nuts. Thermal test required with cover fitted; liner fitted to delivered motor.
J4-shroud-A,printed_cover,J4.fixed,0.033778460181130406,1,grey PETG cosmetic shroud,Split rear-open cosmetic cover; two M3x25 clamp bolts with nuts. Thermal test required with cover fitted; liner fitted to delivered motor.
J4-shroud-B,printed_cover,J4.fixed,0.033778460181130926,1,grey PETG cosmetic shroud,Split rear-open cosmetic cover; two M3x25 clamp bolts with nuts. Thermal test required with cover fitted; liner fitted to delivered motor.
J5-shroud-A,printed_cover,J5.fixed,0.02472240878591693,1,grey PETG cosmetic shroud,Split rear-open cosmetic cover; two M3x25 clamp bolts with nuts. Thermal test required with cover fitted; liner fitted to delivered motor.
J5-shroud-B,printed_cover,J5.fixed,0.024722408785917083,1,grey PETG cosmetic shroud,Split rear-open cosmetic cover; two M3x25 clamp bolts with nuts. Thermal test required with cover fitted; liner fitted to delivered motor.
J6-shroud-A,printed_cover,J6.fixed,0.024722408785916593,1,grey PETG cosmetic shroud,Split rear-open cosmetic cover; two M3x25 clamp bolts with nuts. Thermal test required with cover fitted; liner fitted to delivered motor.
J6-shroud-B,printed_cover,J6.fixed,0.024722408785916642,1,grey PETG cosmetic shroud,Split rear-open cosmetic cover; two M3x25 clamp bolts with nuts. Thermal test required with cover fitted; liner fitted to delivered motor.
J7-shroud-A,printed_cover,J7.fixed,0.01544999326016539,1,grey PETG cosmetic shroud,Split rear-open cosmetic cover; two M3x25 clamp bolts with nuts. Thermal test required with cover fitted; liner fitted to delivered motor.
J7-shroud-B,printed_cover,J7.fixed,0.015449993260165207,1,grey PETG cosmetic shroud,Split rear-open cosmetic cover; two M3x25 clamp bolts with nuts. Thermal test required with cover fitted; liner fitted to delivered motor.
J1-fixed-bolt-1,hardware,J1.fixed,0.002786749763366826,1,steel ISO4762 M4x16,Nominal shank/head envelope; thread helix omitted. Washer thickness 0.8mm required; nominal engagement 7.20mm.
J1-fixed-bolt-1-washer,hardware,J1.fixed,0.00030402700073262144,1,steel flat washer,Flat washer envelope; verify delivered thickness.
J1-fixed-bolt-2,hardware,J1.fixed,0.002786749763366826,1,steel ISO4762 M4x16,Nominal shank/head envelope; thread helix omitted. Washer thickness 0.8mm required; nominal engagement 7.20mm.
J1-fixed-bolt-2-washer,hardware,J1.fixed,0.0003040270007326215,1,steel flat washer,Flat washer envelope; verify delivered thickness.
J1-fixed-bolt-3,hardware,J1.fixed,0.0027867497633668253,1,steel ISO4762 M4x16,Nominal shank/head envelope; thread helix omitted. Washer thickness 0.8mm required; nominal engagement 7.20mm.
J1-fixed-bolt-3-washer,hardware,J1.fixed,0.0003040270007326216,1,steel flat washer,Flat washer envelope; verify delivered thickness.
J1-fixed-bolt-4,hardware,J1.fixed,0.0027867497633668253,1,steel ISO4762 M4x16,Nominal shank/head envelope; thread helix omitted. Washer thickness 0.8mm required; nominal engagement 7.20mm.
J1-fixed-bolt-4-washer,hardware,J1.fixed,0.0003040270007326215,1,steel flat washer,Flat washer envelope; verify delivered thickness.
J1-fixed-bolt-5,hardware,J1.fixed,0.0027867497633668253,1,steel ISO4762 M4x16,Nominal shank/head envelope; thread helix omitted. Washer thickness 0.8mm required; nominal engagement 7.20mm.
J1-fixed-bolt-5-washer,hardware,J1.fixed,0.0003040270007326216,1,steel flat washer,Flat washer envelope; verify delivered thickness.
J1-fixed-bolt-6,hardware,J1.fixed,0.0027867497633668253,1,steel ISO4762 M4x16,Nominal shank/head envelope; thread helix omitted. Washer thickness 0.8mm required; nominal engagement 7.20mm.
J1-fixed-bolt-6-washer,hardware,J1.fixed,0.0003040270007326216,1,steel flat washer,Flat washer envelope; verify delivered thickness.
J1-fixed-bolt-7,hardware,J1.fixed,0.002786749763366826,1,steel ISO4762 M4x16,Nominal shank/head envelope; thread helix omitted. Washer thickness 0.8mm required; nominal engagement 7.20mm.
J1-fixed-bolt-7-washer,hardware,J1.fixed,0.00030402700073262144,1,steel flat washer,Flat washer envelope; verify delivered thickness.
J1-fixed-bolt-8,hardware,J1.fixed,0.002786749763366826,1,steel ISO4762 M4x16,Nominal shank/head envelope; thread helix omitted. Washer thickness 0.8mm required; nominal engagement 7.20mm.
J1-fixed-bolt-8-washer,hardware,J1.fixed,0.0003040270007326215,1,steel flat washer,Flat washer envelope; verify delivered thickness.
J1-output-bolt-1,hardware,J1.rotor,0.0027867497633668257,1,steel ISO4762 M4x16,Nominal shank/head envelope; thread helix omitted. Washer thickness 0.8mm required; nominal engagement 5.20mm.
J1-output-bolt-1-washer,hardware,J1.rotor,0.00030402700073262165,1,steel flat washer,Flat washer envelope; verify delivered thickness.
J1-output-bolt-2,hardware,J1.rotor,0.002786749763366826,1,steel ISO4762 M4x16,Nominal shank/head envelope; thread helix omitted. Washer thickness 0.8mm required; nominal engagement 5.20mm.
J1-output-bolt-2-washer,hardware,J1.rotor,0.00030402700073262165,1,steel flat washer,Flat washer envelope; verify delivered thickness.
J1-output-bolt-3,hardware,J1.rotor,0.002786749763366826,1,steel ISO4762 M4x16,Nominal shank/head envelope; thread helix omitted. Washer thickness 0.8mm required; nominal engagement 5.20mm.
J1-output-bolt-3-washer,hardware,J1.rotor,0.00030402700073262155,1,steel flat washer,Flat washer envelope; verify delivered thickness.
J1-output-bolt-4,hardware,J1.rotor,0.0027867497633668253,1,steel ISO4762 M4x16,Nominal shank/head envelope; thread helix omitted. Washer thickness 0.8mm required; nominal engagement 5.20mm.
J1-output-bolt-4-washer,hardware,J1.rotor,0.00030402700073262165,1,steel flat washer,Flat washer envelope; verify delivered thickness.
J1-output-bolt-5,hardware,J1.rotor,0.002786749763366826,1,steel ISO4762 M4x16,Nominal shank/head envelope; thread helix omitted. Washer thickness 0.8mm required; nominal engagement 5.20mm.
J1-output-bolt-5-washer,hardware,J1.rotor,0.00030402700073262176,1,steel flat washer,Flat washer envelope; verify delivered thickness.
J1-output-bolt-6,hardware,J1.rotor,0.002786749763366826,1,steel ISO4762 M4x16,Nominal shank/head envelope; thread helix omitted. Washer thickness 0.8mm required; nominal engagement 5.20mm.
J1-output-bolt-6-washer,hardware,J1.rotor,0.00030402700073262176,1,steel flat washer,Flat washer envelope; verify delivered thickness.
J1-cover-bolt-1,hardware,J1.fixed,0.001946717340228043,1,steel ISO4762 M3x25,Nominal shank/head envelope; thread helix omitted. Washer thickness 0.5mm required; nominal engagement 8.50mm.
J1-cover-bolt-1-washer,hardware,J1.fixed,0.00011541583090758179,1,steel flat washer,Flat washer envelope; verify delivered thickness.
J1-cover-nut-1,hardware,J1.fixed,0.00036038442528511783,1,steel M3 hex nut,Nominal hex nut; major-diameter thread void envelope.
J1-cover-nut-1-washer,hardware,J1.fixed,0.00011541583090758179,1,steel rear flat washer,
J1-cover-bolt-2,hardware,J1.fixed,0.001946717340228043,1,steel ISO4762 M3x25,Nominal shank/head envelope; thread helix omitted. Washer thickness 0.5mm required; nominal engagement 8.50mm.
J1-cover-bolt-2-washer,hardware,J1.fixed,0.00011541583090758179,1,steel flat washer,Flat washer envelope; verify delivered thickness.
J1-cover-nut-2,hardware,J1.fixed,0.00036038442528511783,1,steel M3 hex nut,Nominal hex nut; major-diameter thread void envelope.
J1-cover-nut-2-washer,hardware,J1.fixed,0.00011541583090758179,1,steel rear flat washer,
J2-fixed-bolt-1,hardware,J2.fixed,0.0027867497633668253,1,steel ISO4762 M4x16,Nominal shank/head envelope; thread helix omitted. Washer thickness 0.8mm required; nominal engagement 4.20mm.
J2-fixed-bolt-1-washer,hardware,J2.fixed,0.0003040270007326212,1,steel flat washer,Flat washer envelope; verify delivered thickness.
J2-fixed-bolt-2,hardware,J2.fixed,0.0027867497633668253,1,steel ISO4762 M4x16,Nominal shank/head envelope; thread helix omitted. Washer thickness 0.8mm required; nominal engagement 4.20mm.
J2-fixed-bolt-2-washer,hardware,J2.fixed,0.0003040270007326212,1,steel flat washer,Flat washer envelope; verify delivered thickness.
J2-fixed-bolt-3,hardware,J2.fixed,0.002786749763366826,1,steel ISO4762 M4x16,Nominal shank/head envelope; thread helix omitted. Washer thickness 0.8mm required; nominal engagement 4.20mm.
J2-fixed-bolt-3-washer,hardware,J2.fixed,0.0003040270007326213,1,steel flat washer,Flat washer envelope; verify delivered thickness.
J2-fixed-bolt-4,hardware,J2.fixed,0.002786749763366826,1,steel ISO4762 M4x16,Nominal shank/head envelope; thread helix omitted. Washer thickness 0.8mm required; nominal engagement 4.20mm.
J2-fixed-bolt-4-washer,hardware,J2.fixed,0.0003040270007326213,1,steel flat washer,Flat washer envelope; verify delivered thickness.
J2-fixed-bolt-5,hardware,J2.fixed,0.002786749763366826,1,steel ISO4762 M4x16,Nominal shank/head envelope; thread helix omitted. Washer thickness 0.8mm required; nominal engagement 4.20mm.
J2-fixed-bolt-5-washer,hardware,J2.fixed,0.0003040270007326212,1,steel flat washer,Flat washer envelope; verify delivered thickness.
J2-fixed-bolt-6,hardware,J2.fixed,0.002786749763366826,1,steel ISO4762 M4x16,Nominal shank/head envelope; thread helix omitted. Washer thickness 0.8mm required; nominal engagement 4.20mm.
J2-fixed-bolt-6-washer,hardware,J2.fixed,0.0003040270007326212,1,steel flat washer,Flat washer envelope; verify delivered thickness.
J2-fixed-bolt-7,hardware,J2.fixed,0.002786749763366826,1,steel ISO4762 M4x16,Nominal shank/head envelope; thread helix omitted. Washer thickness 0.8mm required; nominal engagement 4.20mm.
J2-fixed-bolt-7-washer,hardware,J2.fixed,0.0003040270007326213,1,steel flat washer,Flat washer envelope; verify delivered thickness.
J2-fixed-bolt-8,hardware,J2.fixed,0.002786749763366826,1,steel ISO4762 M4x16,Nominal shank/head envelope; thread helix omitted. Washer thickness 0.8mm required; nominal engagement 4.20mm.
J2-fixed-bolt-8-washer,hardware,J2.fixed,0.0003040270007326211,1,steel flat washer,Flat washer envelope; verify delivered thickness.
J2-fixed-bolt-9,hardware,J2.fixed,0.0027867497633668253,1,steel ISO4762 M4x16,Nominal shank/head envelope; thread helix omitted. Washer thickness 0.8mm required; nominal engagement 4.20mm.
J2-fixed-bolt-9-washer,hardware,J2.fixed,0.00030402700073262117,1,steel flat washer,Flat washer envelope; verify delivered thickness.
J2-fixed-bolt-10,hardware,J2.fixed,0.0027867497633668253,1,steel ISO4762 M4x16,Nominal shank/head envelope; thread helix omitted. Washer thickness 0.8mm required; nominal engagement 4.20mm.
J2-fixed-bolt-10-washer,hardware,J2.fixed,0.0003040270007326212,1,steel flat washer,Flat washer envelope; verify delivered thickness.
J2-output-bolt-1,hardware,J2.rotor,0.004693392162307514,1,steel ISO4762 M5x16,Nominal shank/head envelope; thread helix omitted. Washer thickness 1mm required; nominal engagement 5.00mm.
J2-output-bolt-1-washer,hardware,J2.rotor,0.0003196130702056113,1,steel flat washer,Flat washer envelope; verify delivered thickness.
J2-output-bolt-2,hardware,J2.rotor,0.004693392162307514,1,steel ISO4762 M5x16,Nominal shank/head envelope; thread helix omitted. Washer thickness 1mm required; nominal engagement 5.00mm.
J2-output-bolt-2-washer,hardware,J2.rotor,0.0003196130702056113,1,steel flat washer,Flat washer envelope; verify delivered thickness.
J2-output-bolt-3,hardware,J2.rotor,0.004693392162307514,1,steel ISO4762 M5x16,Nominal shank/head envelope; thread helix omitted. Washer thickness 1mm required; nominal engagement 5.00mm.
J2-output-bolt-3-washer,hardware,J2.rotor,0.0003196130702056111,1,steel flat washer,Flat washer envelope; verify delivered thickness.
J2-output-bolt-4,hardware,J2.rotor,0.004693392162307515,1,steel ISO4762 M5x16,Nominal shank/head envelope; thread helix omitted. Washer thickness 1mm required; nominal engagement 5.00mm.
J2-output-bolt-4-washer,hardware,J2.rotor,0.0003196130702056112,1,steel flat washer,Flat washer envelope; verify delivered thickness.
J2-output-bolt-5,hardware,J2.rotor,0.004693392162307515,1,steel ISO4762 M5x16,Nominal shank/head envelope; thread helix omitted. Washer thickness 1mm required; nominal engagement 5.00mm.
J2-output-bolt-5-washer,hardware,J2.rotor,0.00031961307020561113,1,steel flat washer,Flat washer envelope; verify delivered thickness.
J2-output-bolt-6,hardware,J2.rotor,0.004693392162307514,1,steel ISO4762 M5x16,Nominal shank/head envelope; thread helix omitted. Washer thickness 1mm required; nominal engagement 5.00mm.
J2-output-bolt-6-washer,hardware,J2.rotor,0.0003196130702056111,1,steel flat washer,Flat washer envelope; verify delivered thickness.
J2-output-bolt-7,hardware,J2.rotor,0.004693392162307514,1,steel ISO4762 M5x16,Nominal shank/head envelope; thread helix omitted. Washer thickness 1mm required; nominal engagement 5.00mm.
J2-output-bolt-7-washer,hardware,J2.rotor,0.00031961307020561097,1,steel flat washer,Flat washer envelope; verify delivered thickness.
J2-output-bolt-8,hardware,J2.rotor,0.004693392162307515,1,steel ISO4762 M5x16,Nominal shank/head envelope; thread helix omitted. Washer thickness 1mm required; nominal engagement 5.00mm.
J2-output-bolt-8-washer,hardware,J2.rotor,0.0003196130702056111,1,steel flat washer,Flat washer envelope; verify delivered thickness.
J2-output-bolt-9,hardware,J2.rotor,0.004693392162307514,1,steel ISO4762 M5x16,Nominal shank/head envelope; thread helix omitted. Washer thickness 1mm required; nominal engagement 5.00mm.
J2-output-bolt-9-washer,hardware,J2.rotor,0.00031961307020561124,1,steel flat washer,Flat washer envelope; verify delivered thickness.
J2-cover-bolt-1,hardware,J2.fixed,0.001946717340228043,1,steel ISO4762 M3x25,Nominal shank/head envelope; thread helix omitted. Washer thickness 0.5mm required; nominal engagement 8.50mm.
J2-cover-bolt-1-washer,hardware,J2.fixed,0.00011541583090758179,1,steel flat washer,Flat washer envelope; verify delivered thickness.
J2-cover-nut-1,hardware,J2.fixed,0.00036038442528511767,1,steel M3 hex nut,Nominal hex nut; major-diameter thread void envelope.
J2-cover-nut-1-washer,hardware,J2.fixed,0.00011541583090758179,1,steel rear flat washer,
J2-cover-bolt-2,hardware,J2.fixed,0.001946717340228043,1,steel ISO4762 M3x25,Nominal shank/head envelope; thread helix omitted. Washer thickness 0.5mm required; nominal engagement 8.50mm.
J2-cover-bolt-2-washer,hardware,J2.fixed,0.00011541583090758179,1,steel flat washer,Flat washer envelope; verify delivered thickness.
J2-cover-nut-2,hardware,J2.fixed,0.00036038442528511767,1,steel M3 hex nut,Nominal hex nut; major-diameter thread void envelope.
J2-cover-nut-2-washer,hardware,J2.fixed,0.00011541583090758177,1,steel rear flat washer,
J3-fixed-bolt-1,hardware,J3.fixed,0.0027867497633668253,1,steel ISO4762 M4x16,Nominal shank/head envelope; thread helix omitted. Washer thickness 0.8mm required; nominal engagement 7.20mm.
J3-fixed-bolt-1-washer,hardware,J3.fixed,0.0003040270007326211,1,steel flat washer,Flat washer envelope; verify delivered thickness.
J3-fixed-bolt-2,hardware,J3.fixed,0.0027867497633668253,1,steel ISO4762 M4x16,Nominal shank/head envelope; thread helix omitted. Washer thickness 0.8mm required; nominal engagement 7.20mm.
J3-fixed-bolt-2-washer,hardware,J3.fixed,0.00030402700073262117,1,steel flat washer,Flat washer envelope; verify delivered thickness.
J3-fixed-bolt-3,hardware,J3.fixed,0.002786749763366826,1,steel ISO4762 M4x16,Nominal shank/head envelope; thread helix omitted. Washer thickness 0.8mm required; nominal engagement 7.20mm.
J3-fixed-bolt-3-washer,hardware,J3.fixed,0.0003040270007326212,1,steel flat washer,Flat washer envelope; verify delivered thickness.
J3-fixed-bolt-4,hardware,J3.fixed,0.002786749763366826,1,steel ISO4762 M4x16,Nominal shank/head envelope; thread helix omitted. Washer thickness 0.8mm required; nominal engagement 7.20mm.
J3-fixed-bolt-4-washer,hardware,J3.fixed,0.0003040270007326211,1,steel flat washer,Flat washer envelope; verify delivered thickness.
J3-fixed-bolt-5,hardware,J3.fixed,0.002786749763366826,1,steel ISO4762 M4x16,Nominal shank/head envelope; thread helix omitted. Washer thickness 0.8mm required; nominal engagement 7.20mm.
J3-fixed-bolt-5-washer,hardware,J3.fixed,0.0003040270007326212,1,steel flat washer,Flat washer envelope; verify delivered thickness.
J3-fixed-bolt-6,hardware,J3.fixed,0.002786749763366826,1,steel ISO4762 M4x16,Nominal shank/head envelope; thread helix omitted. Washer thickness 0.8mm required; nominal engagement 7.20mm.
J3-fixed-bolt-6-washer,hardware,J3.fixed,0.0003040270007326212,1,steel flat washer,Flat washer envelope; verify delivered thickness.
J3-fixed-bolt-7,hardware,J3.fixed,0.0027867497633668253,1,steel ISO4762 M4x16,Nominal shank/head envelope; thread helix omitted. Washer thickness 0.8mm required; nominal engagement 7.20mm.
J3-fixed-bolt-7-washer,hardware,J3.fixed,0.0003040270007326211,1,steel flat washer,Flat washer envelope; verify delivered thickness.
J3-fixed-bolt-8,hardware,J3.fixed,0.0027867497633668253,1,steel ISO4762 M4x16,Nominal shank/head envelope; thread helix omitted. Washer thickness 0.8mm required; nominal engagement 7.20mm.
J3-fixed-bolt-8-washer,hardware,J3.fixed,0.00030402700073262117,1,steel flat washer,Flat washer envelope; verify delivered thickness.
J3-output-bolt-1,hardware,J3.rotor,0.0027867497633668257,1,steel ISO4762 M4x16,Nominal shank/head envelope; thread helix omitted. Washer thickness 0.8mm required; nominal engagement 5.20mm.
J3-output-bolt-1-washer,hardware,J3.rotor,0.0003040270007326212,1,steel flat washer,Flat washer envelope; verify delivered thickness.
J3-output-bolt-2,hardware,J3.rotor,0.0027867497633668257,1,steel ISO4762 M4x16,Nominal shank/head envelope; thread helix omitted. Washer thickness 0.8mm required; nominal engagement 5.20mm.
J3-output-bolt-2-washer,hardware,J3.rotor,0.0003040270007326212,1,steel flat washer,Flat washer envelope; verify delivered thickness.
J3-output-bolt-3,hardware,J3.rotor,0.002786749763366826,1,steel ISO4762 M4x16,Nominal shank/head envelope; thread helix omitted. Washer thickness 0.8mm required; nominal engagement 5.20mm.
J3-output-bolt-3-washer,hardware,J3.rotor,0.0003040270007326211,1,steel flat washer,Flat washer envelope; verify delivered thickness.
J3-output-bolt-4,hardware,J3.rotor,0.0027867497633668257,1,steel ISO4762 M4x16,Nominal shank/head envelope; thread helix omitted. Washer thickness 0.8mm required; nominal engagement 5.20mm.
J3-output-bolt-4-washer,hardware,J3.rotor,0.0003040270007326213,1,steel flat washer,Flat washer envelope; verify delivered thickness.
J3-output-bolt-5,hardware,J3.rotor,0.0027867497633668257,1,steel ISO4762 M4x16,Nominal shank/head envelope; thread helix omitted. Washer thickness 0.8mm required; nominal engagement 5.20mm.
J3-output-bolt-5-washer,hardware,J3.rotor,0.0003040270007326213,1,steel flat washer,Flat washer envelope; verify delivered thickness.
J3-output-bolt-6,hardware,J3.rotor,0.0027867497633668257,1,steel ISO4762 M4x16,Nominal shank/head envelope; thread helix omitted. Washer thickness 0.8mm required; nominal engagement 5.20mm.
J3-output-bolt-6-washer,hardware,J3.rotor,0.00030402700073262133,1,steel flat washer,Flat washer envelope; verify delivered thickness.
J3-cover-bolt-1,hardware,J3.fixed,0.0019467173402280425,1,steel ISO4762 M3x25,Nominal shank/head envelope; thread helix omitted. Washer thickness 0.5mm required; nominal engagement 8.50mm.
J3-cover-bolt-1-washer,hardware,J3.fixed,0.0001154158309075818,1,steel flat washer,Flat washer envelope; verify delivered thickness.
J3-cover-nut-1,hardware,J3.fixed,0.0003603844252851181,1,steel M3 hex nut,Nominal hex nut; major-diameter thread void envelope.
J3-cover-nut-1-washer,hardware,J3.fixed,0.0001154158309075818,1,steel rear flat washer,
J3-cover-bolt-2,hardware,J3.fixed,0.0019467173402280425,1,steel ISO4762 M3x25,Nominal shank/head envelope; thread helix omitted. Washer thickness 0.5mm required; nominal engagement 8.50mm.
J3-cover-bolt-2-washer,hardware,J3.fixed,0.0001154158309075818,1,steel flat washer,Flat washer envelope; verify delivered thickness.
J3-cover-nut-2,hardware,J3.fixed,0.0003603844252851181,1,steel M3 hex nut,Nominal hex nut; major-diameter thread void envelope.
J3-cover-nut-2-washer,hardware,J3.fixed,0.0001154158309075818,1,steel rear flat washer,
J4-fixed-bolt-1,hardware,J4.fixed,0.0027867497633668253,1,steel ISO4762 M4x16,Nominal shank/head envelope; thread helix omitted. Washer thickness 0.8mm required; nominal engagement 7.20mm.
J4-fixed-bolt-1-washer,hardware,J4.fixed,0.0003040270007326212,1,steel flat washer,Flat washer envelope; verify delivered thickness.
J4-fixed-bolt-2,hardware,J4.fixed,0.0027867497633668253,1,steel ISO4762 M4x16,Nominal shank/head envelope; thread helix omitted. Washer thickness 0.8mm required; nominal engagement 7.20mm.
J4-fixed-bolt-2-washer,hardware,J4.fixed,0.0003040270007326211,1,steel flat washer,Flat washer envelope; verify delivered thickness.
J4-fixed-bolt-3,hardware,J4.fixed,0.002786749763366826,1,steel ISO4762 M4x16,Nominal shank/head envelope; thread helix omitted. Washer thickness 0.8mm required; nominal engagement 7.20mm.
J4-fixed-bolt-3-washer,hardware,J4.fixed,0.00030402700073262133,1,steel flat washer,Flat washer envelope; verify delivered thickness.
J4-fixed-bolt-4,hardware,J4.fixed,0.002786749763366826,1,steel ISO4762 M4x16,Nominal shank/head envelope; thread helix omitted. Washer thickness 0.8mm required; nominal engagement 7.20mm.
J4-fixed-bolt-4-washer,hardware,J4.fixed,0.0003040270007326212,1,steel flat washer,Flat washer envelope; verify delivered thickness.
J4-fixed-bolt-5,hardware,J4.fixed,0.002786749763366826,1,steel ISO4762 M4x16,Nominal shank/head envelope; thread helix omitted. Washer thickness 0.8mm required; nominal engagement 7.20mm.
J4-fixed-bolt-5-washer,hardware,J4.fixed,0.00030402700073262133,1,steel flat washer,Flat washer envelope; verify delivered thickness.
J4-fixed-bolt-6,hardware,J4.fixed,0.002786749763366826,1,steel ISO4762 M4x16,Nominal shank/head envelope; thread helix omitted. Washer thickness 0.8mm required; nominal engagement 7.20mm.
J4-fixed-bolt-6-washer,hardware,J4.fixed,0.00030402700073262133,1,steel flat washer,Flat washer envelope; verify delivered thickness.
J4-fixed-bolt-7,hardware,J4.fixed,0.0027867497633668253,1,steel ISO4762 M4x16,Nominal shank/head envelope; thread helix omitted. Washer thickness 0.8mm required; nominal engagement 7.20mm.
J4-fixed-bolt-7-washer,hardware,J4.fixed,0.0003040270007326212,1,steel flat washer,Flat washer envelope; verify delivered thickness.
J4-fixed-bolt-8,hardware,J4.fixed,0.0027867497633668253,1,steel ISO4762 M4x16,Nominal shank/head envelope; thread helix omitted. Washer thickness 0.8mm required; nominal engagement 7.20mm.
J4-fixed-bolt-8-washer,hardware,J4.fixed,0.0003040270007326211,1,steel flat washer,Flat washer envelope; verify delivered thickness.
J4-output-bolt-1,hardware,J4.rotor,0.0027867497633668257,1,steel ISO4762 M4x16,Nominal shank/head envelope; thread helix omitted. Washer thickness 0.8mm required; nominal engagement 5.20mm.
J4-output-bolt-1-washer,hardware,J4.rotor,0.0003040270007326212,1,steel flat washer,Flat washer envelope; verify delivered thickness.
J4-output-bolt-2,hardware,J4.rotor,0.0027867497633668257,1,steel ISO4762 M4x16,Nominal shank/head envelope; thread helix omitted. Washer thickness 0.8mm required; nominal engagement 5.20mm.
J4-output-bolt-2-washer,hardware,J4.rotor,0.0003040270007326212,1,steel flat washer,Flat washer envelope; verify delivered thickness.
J4-output-bolt-3,hardware,J4.rotor,0.0027867497633668257,1,steel ISO4762 M4x16,Nominal shank/head envelope; thread helix omitted. Washer thickness 0.8mm required; nominal engagement 5.20mm.
J4-output-bolt-3-washer,hardware,J4.rotor,0.0003040270007326212,1,steel flat washer,Flat washer envelope; verify delivered thickness.
J4-output-bolt-4,hardware,J4.rotor,0.002786749763366826,1,steel ISO4762 M4x16,Nominal shank/head envelope; thread helix omitted. Washer thickness 0.8mm required; nominal engagement 5.20mm.
J4-output-bolt-4-washer,hardware,J4.rotor,0.0003040270007326212,1,steel flat washer,Flat washer envelope; verify delivered thickness.
J4-output-bolt-5,hardware,J4.rotor,0.0027867497633668257,1,steel ISO4762 M4x16,Nominal shank/head envelope; thread helix omitted. Washer thickness 0.8mm required; nominal engagement 5.20mm.
J4-output-bolt-5-washer,hardware,J4.rotor,0.00030402700073262133,1,steel flat washer,Flat washer envelope; verify delivered thickness.
J4-output-bolt-6,hardware,J4.rotor,0.0027867497633668257,1,steel ISO4762 M4x16,Nominal shank/head envelope; thread helix omitted. Washer thickness 0.8mm required; nominal engagement 5.20mm.
J4-output-bolt-6-washer,hardware,J4.rotor,0.00030402700073262144,1,steel flat washer,Flat washer envelope; verify delivered thickness.
J4-cover-bolt-1,hardware,J4.fixed,0.0019467173402280425,1,steel ISO4762 M3x25,Nominal shank/head envelope; thread helix omitted. Washer thickness 0.5mm required; nominal engagement 8.50mm.
J4-cover-bolt-1-washer,hardware,J4.fixed,0.00011541583090758183,1,steel flat washer,Flat washer envelope; verify delivered thickness.
J4-cover-nut-1,hardware,J4.fixed,0.0003603844252851181,1,steel M3 hex nut,Nominal hex nut; major-diameter thread void envelope.
J4-cover-nut-1-washer,hardware,J4.fixed,0.00011541583090758183,1,steel rear flat washer,
J4-cover-bolt-2,hardware,J4.fixed,0.0019467173402280425,1,steel ISO4762 M3x25,Nominal shank/head envelope; thread helix omitted. Washer thickness 0.5mm required; nominal engagement 8.50mm.
J4-cover-bolt-2-washer,hardware,J4.fixed,0.00011541583090758183,1,steel flat washer,Flat washer envelope; verify delivered thickness.
J4-cover-nut-2,hardware,J4.fixed,0.0003603844252851181,1,steel M3 hex nut,Nominal hex nut; major-diameter thread void envelope.
J4-cover-nut-2-washer,hardware,J4.fixed,0.00011541583090758183,1,steel rear flat washer,
J5-fixed-bolt-1,hardware,J5.fixed,0.0014473219180317753,1,steel ISO4762 M3x16,Nominal shank/head envelope; thread helix omitted. Washer thickness 0.5mm required; nominal engagement 7.50mm.
J5-fixed-bolt-1-washer,hardware,J5.fixed,0.00011541583090758177,1,steel flat washer,Flat washer envelope; verify delivered thickness.
J5-fixed-bolt-2,hardware,J5.fixed,0.0014473219180317753,1,steel ISO4762 M3x16,Nominal shank/head envelope; thread helix omitted. Washer thickness 0.5mm required; nominal engagement 7.50mm.
J5-fixed-bolt-2-washer,hardware,J5.fixed,0.00011541583090758177,1,steel flat washer,Flat washer envelope; verify delivered thickness.
J5-fixed-bolt-3,hardware,J5.fixed,0.0014473219180317748,1,steel ISO4762 M3x16,Nominal shank/head envelope; thread helix omitted. Washer thickness 0.5mm required; nominal engagement 7.50mm.
J5-fixed-bolt-3-washer,hardware,J5.fixed,0.00011541583090758181,1,steel flat washer,Flat washer envelope; verify delivered thickness.
J5-fixed-bolt-4,hardware,J5.fixed,0.0014473219180317748,1,steel ISO4762 M3x16,Nominal shank/head envelope; thread helix omitted. Washer thickness 0.5mm required; nominal engagement 7.50mm.
J5-fixed-bolt-4-washer,hardware,J5.fixed,0.0001154158309075818,1,steel flat washer,Flat washer envelope; verify delivered thickness.
J5-fixed-bolt-5,hardware,J5.fixed,0.0014473219180317748,1,steel ISO4762 M3x16,Nominal shank/head envelope; thread helix omitted. Washer thickness 0.5mm required; nominal engagement 7.50mm.
J5-fixed-bolt-5-washer,hardware,J5.fixed,0.00011541583090758181,1,steel flat washer,Flat washer envelope; verify delivered thickness.
J5-fixed-bolt-6,hardware,J5.fixed,0.0014473219180317748,1,steel ISO4762 M3x16,Nominal shank/head envelope; thread helix omitted. Washer thickness 0.5mm required; nominal engagement 7.50mm.
J5-fixed-bolt-6-washer,hardware,J5.fixed,0.0001154158309075818,1,steel flat washer,Flat washer envelope; verify delivered thickness.
J5-fixed-bolt-7,hardware,J5.fixed,0.0014473219180317753,1,steel ISO4762 M3x16,Nominal shank/head envelope; thread helix omitted. Washer thickness 0.5mm required; nominal engagement 7.50mm.
J5-fixed-bolt-7-washer,hardware,J5.fixed,0.00011541583090758177,1,steel flat washer,Flat washer envelope; verify delivered thickness.
J5-fixed-bolt-8,hardware,J5.fixed,0.0014473219180317753,1,steel ISO4762 M3x16,Nominal shank/head envelope; thread helix omitted. Washer thickness 0.5mm required; nominal engagement 7.50mm.
J5-fixed-bolt-8-washer,hardware,J5.fixed,0.00011541583090758177,1,steel flat washer,Flat washer envelope; verify delivered thickness.
J5-output-bolt-1,hardware,J5.rotor,0.002786749763366826,1,steel ISO4762 M4x16,Nominal shank/head envelope; thread helix omitted. Washer thickness 0.8mm required; nominal engagement 5.20mm.
J5-output-bolt-1-washer,hardware,J5.rotor,0.00030402700073262117,1,steel flat washer,Flat washer envelope; verify delivered thickness.
J5-output-bolt-2,hardware,J5.rotor,0.002786749763366826,1,steel ISO4762 M4x16,Nominal shank/head envelope; thread helix omitted. Washer thickness 0.8mm required; nominal engagement 5.20mm.
J5-output-bolt-2-washer,hardware,J5.rotor,0.00030402700073262117,1,steel flat washer,Flat washer envelope; verify delivered thickness.
J5-output-bolt-3,hardware,J5.rotor,0.002786749763366826,1,steel ISO4762 M4x16,Nominal shank/head envelope; thread helix omitted. Washer thickness 0.8mm required; nominal engagement 5.20mm.
J5-output-bolt-3-washer,hardware,J5.rotor,0.0003040270007326212,1,steel flat washer,Flat washer envelope; verify delivered thickness.
J5-output-bolt-4,hardware,J5.rotor,0.002786749763366826,1,steel ISO4762 M4x16,Nominal shank/head envelope; thread helix omitted. Washer thickness 0.8mm required; nominal engagement 5.20mm.
J5-output-bolt-4-washer,hardware,J5.rotor,0.00030402700073262117,1,steel flat washer,Flat washer envelope; verify delivered thickness.
J5-output-bolt-5,hardware,J5.rotor,0.002786749763366826,1,steel ISO4762 M4x16,Nominal shank/head envelope; thread helix omitted. Washer thickness 0.8mm required; nominal engagement 5.20mm.
J5-output-bolt-5-washer,hardware,J5.rotor,0.0003040270007326212,1,steel flat washer,Flat washer envelope; verify delivered thickness.
J5-output-bolt-6,hardware,J5.rotor,0.0027867497633668257,1,steel ISO4762 M4x16,Nominal shank/head envelope; thread helix omitted. Washer thickness 0.8mm required; nominal engagement 5.20mm.
J5-output-bolt-6-washer,hardware,J5.rotor,0.0003040270007326212,1,steel flat washer,Flat washer envelope; verify delivered thickness.
J5-cover-bolt-1,hardware,J5.fixed,0.001946717340228043,1,steel ISO4762 M3x25,Nominal shank/head envelope; thread helix omitted. Washer thickness 0.5mm required; nominal engagement 8.50mm.
J5-cover-bolt-1-washer,hardware,J5.fixed,0.00011541583090758179,1,steel flat washer,Flat washer envelope; verify delivered thickness.
J5-cover-nut-1,hardware,J5.fixed,0.0003603844252851178,1,steel M3 hex nut,Nominal hex nut; major-diameter thread void envelope.
J5-cover-nut-1-washer,hardware,J5.fixed,0.00011541583090758179,1,steel rear flat washer,
J5-cover-bolt-2,hardware,J5.fixed,0.001946717340228043,1,steel ISO4762 M3x25,Nominal shank/head envelope; thread helix omitted. Washer thickness 0.5mm required; nominal engagement 8.50mm.
J5-cover-bolt-2-washer,hardware,J5.fixed,0.00011541583090758179,1,steel flat washer,Flat washer envelope; verify delivered thickness.
J5-cover-nut-2,hardware,J5.fixed,0.0003603844252851178,1,steel M3 hex nut,Nominal hex nut; major-diameter thread void envelope.
J5-cover-nut-2-washer,hardware,J5.fixed,0.00011541583090758179,1,steel rear flat washer,
J6-fixed-bolt-1,hardware,J6.fixed,0.0014473219180317748,1,steel ISO4762 M3x16,Nominal shank/head envelope; thread helix omitted. Washer thickness 0.5mm required; nominal engagement 7.50mm.
J6-fixed-bolt-1-washer,hardware,J6.fixed,0.0001154158309075818,1,steel flat washer,Flat washer envelope; verify delivered thickness.
J6-fixed-bolt-2,hardware,J6.fixed,0.0014473219180317748,1,steel ISO4762 M3x16,Nominal shank/head envelope; thread helix omitted. Washer thickness 0.5mm required; nominal engagement 7.50mm.
J6-fixed-bolt-2-washer,hardware,J6.fixed,0.00011541583090758177,1,steel flat washer,Flat washer envelope; verify delivered thickness.
J6-fixed-bolt-3,hardware,J6.fixed,0.0014473219180317753,1,steel ISO4762 M3x16,Nominal shank/head envelope; thread helix omitted. Washer thickness 0.5mm required; nominal engagement 7.50mm.
J6-fixed-bolt-3-washer,hardware,J6.fixed,0.00011541583090758181,1,steel flat washer,Flat washer envelope; verify delivered thickness.
J6-fixed-bolt-4,hardware,J6.fixed,0.0014473219180317753,1,steel ISO4762 M3x16,Nominal shank/head envelope; thread helix omitted. Washer thickness 0.5mm required; nominal engagement 7.50mm.
J6-fixed-bolt-4-washer,hardware,J6.fixed,0.0001154158309075818,1,steel flat washer,Flat washer envelope; verify delivered thickness.
J6-fixed-bolt-5,hardware,J6.fixed,0.0014473219180317753,1,steel ISO4762 M3x16,Nominal shank/head envelope; thread helix omitted. Washer thickness 0.5mm required; nominal engagement 7.50mm.
J6-fixed-bolt-5-washer,hardware,J6.fixed,0.0001154158309075818,1,steel flat washer,Flat washer envelope; verify delivered thickness.
J6-fixed-bolt-6,hardware,J6.fixed,0.0014473219180317753,1,steel ISO4762 M3x16,Nominal shank/head envelope; thread helix omitted. Washer thickness 0.5mm required; nominal engagement 7.50mm.
J6-fixed-bolt-6-washer,hardware,J6.fixed,0.0001154158309075818,1,steel flat washer,Flat washer envelope; verify delivered thickness.
J6-fixed-bolt-7,hardware,J6.fixed,0.0014473219180317748,1,steel ISO4762 M3x16,Nominal shank/head envelope; thread helix omitted. Washer thickness 0.5mm required; nominal engagement 7.50mm.
J6-fixed-bolt-7-washer,hardware,J6.fixed,0.0001154158309075818,1,steel flat washer,Flat washer envelope; verify delivered thickness.
J6-fixed-bolt-8,hardware,J6.fixed,0.0014473219180317748,1,steel ISO4762 M3x16,Nominal shank/head envelope; thread helix omitted. Washer thickness 0.5mm required; nominal engagement 7.50mm.
J6-fixed-bolt-8-washer,hardware,J6.fixed,0.00011541583090758177,1,steel flat washer,Flat washer envelope; verify delivered thickness.
J6-output-bolt-1,hardware,J6.rotor,0.002786749763366826,1,steel ISO4762 M4x16,Nominal shank/head envelope; thread helix omitted. Washer thickness 0.8mm required; nominal engagement 5.20mm.
J6-output-bolt-1-washer,hardware,J6.rotor,0.0003040270007326211,1,steel flat washer,Flat washer envelope; verify delivered thickness.
J6-output-bolt-2,hardware,J6.rotor,0.002786749763366826,1,steel ISO4762 M4x16,Nominal shank/head envelope; thread helix omitted. Washer thickness 0.8mm required; nominal engagement 5.20mm.
J6-output-bolt-2-washer,hardware,J6.rotor,0.0003040270007326211,1,steel flat washer,Flat washer envelope; verify delivered thickness.
J6-output-bolt-3,hardware,J6.rotor,0.002786749763366826,1,steel ISO4762 M4x16,Nominal shank/head envelope; thread helix omitted. Washer thickness 0.8mm required; nominal engagement 5.20mm.
J6-output-bolt-3-washer,hardware,J6.rotor,0.0003040270007326212,1,steel flat washer,Flat washer envelope; verify delivered thickness.
J6-output-bolt-4,hardware,J6.rotor,0.002786749763366826,1,steel ISO4762 M4x16,Nominal shank/head envelope; thread helix omitted. Washer thickness 0.8mm required; nominal engagement 5.20mm.
J6-output-bolt-4-washer,hardware,J6.rotor,0.0003040270007326212,1,steel flat washer,Flat washer envelope; verify delivered thickness.
J6-output-bolt-5,hardware,J6.rotor,0.002786749763366826,1,steel ISO4762 M4x16,Nominal shank/head envelope; thread helix omitted. Washer thickness 0.8mm required; nominal engagement 5.20mm.
J6-output-bolt-5-washer,hardware,J6.rotor,0.0003040270007326211,1,steel flat washer,Flat washer envelope; verify delivered thickness.
J6-output-bolt-6,hardware,J6.rotor,0.002786749763366826,1,steel ISO4762 M4x16,Nominal shank/head envelope; thread helix omitted. Washer thickness 0.8mm required; nominal engagement 5.20mm.
J6-output-bolt-6-washer,hardware,J6.rotor,0.0003040270007326212,1,steel flat washer,Flat washer envelope; verify delivered thickness.
J6-cover-bolt-1,hardware,J6.fixed,0.001946717340228043,1,steel ISO4762 M3x25,Nominal shank/head envelope; thread helix omitted. Washer thickness 0.5mm required; nominal engagement 8.50mm.
J6-cover-bolt-1-washer,hardware,J6.fixed,0.00011541583090758174,1,steel flat washer,Flat washer envelope; verify delivered thickness.
J6-cover-nut-1,hardware,J6.fixed,0.0003603844252851177,1,steel M3 hex nut,Nominal hex nut; major-diameter thread void envelope.
J6-cover-nut-1-washer,hardware,J6.fixed,0.00011541583090758174,1,steel rear flat washer,
J6-cover-bolt-2,hardware,J6.fixed,0.001946717340228043,1,steel ISO4762 M3x25,Nominal shank/head envelope; thread helix omitted. Washer thickness 0.5mm required; nominal engagement 8.50mm.
J6-cover-bolt-2-washer,hardware,J6.fixed,0.00011541583090758174,1,steel flat washer,Flat washer envelope; verify delivered thickness.
J6-cover-nut-2,hardware,J6.fixed,0.0003603844252851177,1,steel M3 hex nut,Nominal hex nut; major-diameter thread void envelope.
J6-cover-nut-2-washer,hardware,J6.fixed,0.00011541583090758174,1,steel rear flat washer,
J7-fixed-bolt-1,hardware,J7.fixed,0.0009963770998519196,1,"steel ISO7380-1 M3x12 button head, D5.7 H1.65",Nominal shank/head envelope; thread helix omitted. Washer thickness 0.5mm required; nominal engagement 3.50mm.
J7-fixed-bolt-1-washer,hardware,J7.fixed,0.00011541583090758183,1,steel flat washer,Flat washer envelope; verify delivered thickness.
J7-fixed-bolt-2,hardware,J7.fixed,0.0009963770998519196,1,"steel ISO7380-1 M3x12 button head, D5.7 H1.65",Nominal shank/head envelope; thread helix omitted. Washer thickness 0.5mm required; nominal engagement 3.50mm.
J7-fixed-bolt-2-washer,hardware,J7.fixed,0.00011541583090758184,1,steel flat washer,Flat washer envelope; verify delivered thickness.
J7-fixed-bolt-3,hardware,J7.fixed,0.0009963770998519196,1,"steel ISO7380-1 M3x12 button head, D5.7 H1.65",Nominal shank/head envelope; thread helix omitted. Washer thickness 0.5mm required; nominal engagement 3.50mm.
J7-fixed-bolt-3-washer,hardware,J7.fixed,0.00011541583090758184,1,steel flat washer,Flat washer envelope; verify delivered thickness.
J7-fixed-bolt-4,hardware,J7.fixed,0.0009963770998519196,1,"steel ISO7380-1 M3x12 button head, D5.7 H1.65",Nominal shank/head envelope; thread helix omitted. Washer thickness 0.5mm required; nominal engagement 3.50mm.
J7-fixed-bolt-4-washer,hardware,J7.fixed,0.00011541583090758184,1,steel flat washer,Flat washer envelope; verify delivered thickness.
J7-fixed-bolt-5,hardware,J7.fixed,0.0009963770998519196,1,"steel ISO7380-1 M3x12 button head, D5.7 H1.65",Nominal shank/head envelope; thread helix omitted. Washer thickness 0.5mm required; nominal engagement 3.50mm.
J7-fixed-bolt-5-washer,hardware,J7.fixed,0.00011541583090758183,1,steel flat washer,Flat washer envelope; verify delivered thickness.
J7-fixed-bolt-6,hardware,J7.fixed,0.0009963770998519196,1,"steel ISO7380-1 M3x12 button head, D5.7 H1.65",Nominal shank/head envelope; thread helix omitted. Washer thickness 0.5mm required; nominal engagement 3.50mm.
J7-fixed-bolt-6-washer,hardware,J7.fixed,0.00011541583090758183,1,steel flat washer,Flat washer envelope; verify delivered thickness.
J7-output-bolt-1,hardware,J7.rotor,0.0027790430438884885,1,steel ISO4762 M3x40,Nominal shank/head envelope; thread helix omitted. Washer thickness 1mm required; nominal engagement 3.50mm.
J7-output-bolt-1-washer,hardware,J7.rotor,0.00023083166181516368,1,steel flat washer,Flat washer envelope; verify delivered thickness.
J7-output-bolt-2,hardware,J7.rotor,0.0027790430438884885,1,steel ISO4762 M3x40,Nominal shank/head envelope; thread helix omitted. Washer thickness 1mm required; nominal engagement 3.50mm.
J7-output-bolt-2-washer,hardware,J7.rotor,0.0002308316618151637,1,steel flat washer,Flat washer envelope; verify delivered thickness.
J7-output-bolt-3,hardware,J7.rotor,0.0027790430438884885,1,steel ISO4762 M3x40,Nominal shank/head envelope; thread helix omitted. Washer thickness 1mm required; nominal engagement 3.50mm.
J7-output-bolt-3-washer,hardware,J7.rotor,0.00023083166181516368,1,steel flat washer,Flat washer envelope; verify delivered thickness.
J7-output-bolt-4,hardware,J7.rotor,0.0027790430438884885,1,steel ISO4762 M3x40,Nominal shank/head envelope; thread helix omitted. Washer thickness 1mm required; nominal engagement 3.50mm.
J7-output-bolt-4-washer,hardware,J7.rotor,0.00023083166181516365,1,steel flat washer,Flat washer envelope; verify delivered thickness.
J7-output-bolt-5,hardware,J7.rotor,0.0027790430438884885,1,steel ISO4762 M3x40,Nominal shank/head envelope; thread helix omitted. Washer thickness 1mm required; nominal engagement 3.50mm.
J7-output-bolt-5-washer,hardware,J7.rotor,0.00023083166181516368,1,steel flat washer,Flat washer envelope; verify delivered thickness.
J7-output-bolt-6,hardware,J7.rotor,0.0027790430438884885,1,steel ISO4762 M3x40,Nominal shank/head envelope; thread helix omitted. Washer thickness 1mm required; nominal engagement 3.50mm.
J7-output-bolt-6-washer,hardware,J7.rotor,0.0002308316618151637,1,steel flat washer,Flat washer envelope; verify delivered thickness.
J7-cover-bolt-1,hardware,J7.fixed,0.0019467173402280425,1,steel ISO4762 M3x25,Nominal shank/head envelope; thread helix omitted. Washer thickness 0.5mm required; nominal engagement 8.50mm.
J7-cover-bolt-1-washer,hardware,J7.fixed,0.00011541583090758181,1,steel flat washer,Flat washer envelope; verify delivered thickness.
J7-cover-nut-1,hardware,J7.fixed,0.0003603844252851181,1,steel M3 hex nut,Nominal hex nut; major-diameter thread void envelope.
J7-cover-nut-1-washer,hardware,J7.fixed,0.00011541583090758181,1,steel rear flat washer,
J7-cover-bolt-2,hardware,J7.fixed,0.0019467173402280425,1,steel ISO4762 M3x25,Nominal shank/head envelope; thread helix omitted. Washer thickness 0.5mm required; nominal engagement 8.50mm.
J7-cover-bolt-2-washer,hardware,J7.fixed,0.00011541583090758181,1,steel flat washer,Flat washer envelope; verify delivered thickness.
J7-cover-nut-2,hardware,J7.fixed,0.0003603844252851181,1,steel M3 hex nut,Nominal hex nut; major-diameter thread void envelope.
J7-cover-nut-2-washer,hardware,J7.fixed,0.00011541583090758181,1,steel rear flat washer,
B0-base-M8-1,hardware,world,0.016227268533587354,1,steel ISO4762 M8x20,Nominal shank/head envelope; thread helix omitted. Washer thickness 1.6mm required; nominal engagement 10.40mm.
B0-base-M8-1-washer,hardware,world,0.001829291596880509,1,steel flat washer,Flat washer envelope; verify delivered thickness.
B0-base-M8-2,hardware,world,0.016227268533587358,1,steel ISO4762 M8x20,Nominal shank/head envelope; thread helix omitted. Washer thickness 1.6mm required; nominal engagement 10.40mm.
B0-base-M8-2-washer,hardware,world,0.0018292915968805108,1,steel flat washer,Flat washer envelope; verify delivered thickness.
B0-base-M8-3,hardware,world,0.016227268533587358,1,steel ISO4762 M8x20,Nominal shank/head envelope; thread helix omitted. Washer thickness 1.6mm required; nominal engagement 10.40mm.
B0-base-M8-3-washer,hardware,world,0.0018292915968805108,1,steel flat washer,Flat washer envelope; verify delivered thickness.
B0-base-M8-4,hardware,world,0.016227268533587354,1,steel ISO4762 M8x20,Nominal shank/head envelope; thread helix omitted. Washer thickness 1.6mm required; nominal engagement 10.40mm.
B0-base-M8-4-washer,hardware,world,0.0018292915968805095,1,steel flat washer,Flat washer envelope; verify delivered thickness.
B0-base-M8-5,hardware,world,0.016227268533587354,1,steel ISO4762 M8x20,Nominal shank/head envelope; thread helix omitted. Washer thickness 1.6mm required; nominal engagement 10.40mm.
B0-base-M8-5-washer,hardware,world,0.0018292915968805103,1,steel flat washer,Flat washer envelope; verify delivered thickness.
B0-base-M8-6,hardware,world,0.016227268533587358,1,steel ISO4762 M8x20,Nominal shank/head envelope; thread helix omitted. Washer thickness 1.6mm required; nominal engagement 10.40mm.
B0-base-M8-6-washer,hardware,world,0.0018292915968805108,1,steel flat washer,Flat washer envelope; verify delivered thickness.
B0-base-M8-7,hardware,world,0.016227268533587358,1,steel ISO4762 M8x20,Nominal shank/head envelope; thread helix omitted. Washer thickness 1.6mm required; nominal engagement 10.40mm.
B0-base-M8-7-washer,hardware,world,0.0018292915968805103,1,steel flat washer,Flat washer envelope; verify delivered thickness.
B0-base-M8-8,hardware,world,0.016227268533587354,1,steel ISO4762 M8x20,Nominal shank/head envelope; thread helix omitted. Washer thickness 1.6mm required; nominal engagement 10.40mm.
B0-base-M8-8-washer,hardware,world,0.0018292915968805103,1,steel flat washer,Flat washer envelope; verify delivered thickness.
B3-panel-bolt-1,hardware,J3.rotor,0.0022241592414481916,1,steel ISO4762 M3x30,Nominal shank/head envelope; thread helix omitted. Washer thickness 0.5mm required; nominal engagement 5.10mm.
B3-panel-bolt-1-washer,hardware,J3.rotor,0.00011541583090758179,1,steel flat washer,Flat washer envelope; verify delivered thickness.
B3-panel-nut-1,hardware,J3.rotor,0.0003603844252851176,1,steel M3 hex nut,Nominal hex nut; major-diameter thread void envelope.
B3-panel-nut-1-washer,hardware,J3.rotor,0.00011541583090758177,1,steel rear flat washer,
B3-panel-bolt-2,hardware,J3.rotor,0.0022241592414481916,1,steel ISO4762 M3x30,Nominal shank/head envelope; thread helix omitted. Washer thickness 0.5mm required; nominal engagement 5.10mm.
B3-panel-bolt-2-washer,hardware,J3.rotor,0.00011541583090758179,1,steel flat washer,Flat washer envelope; verify delivered thickness.
B3-panel-nut-2,hardware,J3.rotor,0.00036038442528511756,1,steel M3 hex nut,Nominal hex nut; major-diameter thread void envelope.
B3-panel-nut-2-washer,hardware,J3.rotor,0.0001154158309075818,1,steel rear flat washer,
B4-panel-bolt-1,hardware,J4.rotor,0.00250160114266834,1,steel ISO4762 M3x35,Nominal shank/head envelope; thread helix omitted. Washer thickness 0.5mm required; nominal engagement 8.10mm.
B4-panel-bolt-1-washer,hardware,J4.rotor,0.00011541583090758173,1,steel flat washer,Flat washer envelope; verify delivered thickness.
B4-panel-nut-1,hardware,J4.rotor,0.0003603844252851176,1,steel M3 hex nut,Nominal hex nut; major-diameter thread void envelope.
B4-panel-nut-1-washer,hardware,J4.rotor,0.00011541583090758174,1,steel rear flat washer,
B4-panel-bolt-2,hardware,J4.rotor,0.00250160114266834,1,steel ISO4762 M3x35,Nominal shank/head envelope; thread helix omitted. Washer thickness 0.5mm required; nominal engagement 8.10mm.
B4-panel-bolt-2-washer,hardware,J4.rotor,0.00011541583090758173,1,steel flat washer,Flat washer envelope; verify delivered thickness.
B4-panel-nut-2,hardware,J4.rotor,0.00036038442528511756,1,steel M3 hex nut,Nominal hex nut; major-diameter thread void envelope.
B4-panel-nut-2-washer,hardware,J4.rotor,0.00011541583090758174,1,steel rear flat washer,
J7-cage-M3-1,hardware,J7.fixed,0.0027790430438884885,1,steel ISO4762 M3x40,Nominal shank/head envelope; thread helix omitted. Washer thickness 0.5mm required; nominal engagement 8.10mm.
J7-cage-M3-1-washer,hardware,J7.fixed,0.00011541583090758188,1,steel flat washer,Flat washer envelope; verify delivered thickness.
J7-cage-nut-1,hardware,J7.fixed,0.00036038442528511794,1,steel M3 hex nut,Nominal hex nut; major-diameter thread void envelope.
J7-cage-nut-1-washer,hardware,J7.fixed,0.00011541583090758188,1,steel rear flat washer,
J7-cage-M3-2,hardware,J7.fixed,0.0027790430438884885,1,steel ISO4762 M3x40,Nominal shank/head envelope; thread helix omitted. Washer thickness 0.5mm required; nominal engagement 8.10mm.
J7-cage-M3-2-washer,hardware,J7.fixed,0.00011541583090758181,1,steel flat washer,Flat washer envelope; verify delivered thickness.
J7-cage-nut-2,hardware,J7.fixed,0.00036038442528511805,1,steel M3 hex nut,Nominal hex nut; major-diameter thread void envelope.
J7-cage-nut-2-washer,hardware,J7.fixed,0.00011541583090758184,1,steel rear flat washer,
J7-cage-M3-3,hardware,J7.fixed,0.0027790430438884885,1,steel ISO4762 M3x40,Nominal shank/head envelope; thread helix omitted. Washer thickness 0.5mm required; nominal engagement 8.10mm.
J7-cage-M3-3-washer,hardware,J7.fixed,0.00011541583090758185,1,steel flat washer,Flat washer envelope; verify delivered thickness.
J7-cage-nut-3,hardware,J7.fixed,0.00036038442528511805,1,steel M3 hex nut,Nominal hex nut; major-diameter thread void envelope.
J7-cage-nut-3-washer,hardware,J7.fixed,0.00011541583090758187,1,steel rear flat washer,
J7-cage-M3-4,hardware,J7.fixed,0.0027790430438884885,1,steel ISO4762 M3x40,Nominal shank/head envelope; thread helix omitted. Washer thickness 0.5mm required; nominal engagement 8.10mm.
J7-cage-M3-4-washer,hardware,J7.fixed,0.00011541583090758183,1,steel flat washer,Flat washer envelope; verify delivered thickness.
J7-cage-nut-4,hardware,J7.fixed,0.0003603844252851179,1,steel M3 hex nut,Nominal hex nut; major-diameter thread void envelope.
J7-cage-nut-4-washer,hardware,J7.fixed,0.00011541583090758184,1,steel rear flat washer,
J7-cage-M3-5,hardware,J7.fixed,0.0027790430438884885,1,steel ISO4762 M3x40,Nominal shank/head envelope; thread helix omitted. Washer thickness 0.5mm required; nominal engagement 8.10mm.
J7-cage-M3-5-washer,hardware,J7.fixed,0.00011541583090758181,1,steel flat washer,Flat washer envelope; verify delivered thickness.
J7-cage-nut-5,hardware,J7.fixed,0.00036038442528511805,1,steel M3 hex nut,Nominal hex nut; major-diameter thread void envelope.
J7-cage-nut-5-washer,hardware,J7.fixed,0.0001154158309075818,1,steel rear flat washer,
J7-cage-M3-6,hardware,J7.fixed,0.0027790430438884885,1,steel ISO4762 M3x40,Nominal shank/head envelope; thread helix omitted. Washer thickness 0.5mm required; nominal engagement 8.10mm.
J7-cage-M3-6-washer,hardware,J7.fixed,0.00011541583090758183,1,steel flat washer,Flat washer envelope; verify delivered thickness.
J7-cage-nut-6,hardware,J7.fixed,0.0003603844252851179,1,steel M3 hex nut,Nominal hex nut; major-diameter thread void envelope.
J7-cage-nut-6-washer,hardware,J7.fixed,0.00011541583090758184,1,steel rear flat washer,
J7-tool-nut-1,hardware,J7.rotor,0.0007503061191774871,1,steel M4 hex nut,Nominal hex nut; major-diameter thread void envelope.
J7-tool-nut-2,hardware,J7.rotor,0.0007503061191774872,1,steel M4 hex nut,Nominal hex nut; major-diameter thread void envelope.
J7-tool-nut-3,hardware,J7.rotor,0.0007503061191774874,1,steel M4 hex nut,Nominal hex nut; major-diameter thread void envelope.
B0-root-adapter,printed_structure,world,0.269928187667116,1,PA12 fit prototype,"B04-P2 interface: D160, PCD120 eight M8 clearance holes; align by +90deg around desk Z and +34.6mm vertical translation."
B1-core,printed_structure,J1.rotor,0.2290908660279713,1,PA12 fit prototype,"Original two-rail rigid link with catalogue bolt patterns; printed fit prototype, load qualification pending."
B2-core,printed_structure,J2.rotor,0.1704048111016579,1,PA12 fit prototype,"Original two-rail rigid link with catalogue bolt patterns; printed fit prototype, load qualification pending."
B5-core,printed_structure,J5.rotor,0.12623826590298312,1,PA12 fit prototype,"Original two-rail rigid link with catalogue bolt patterns; printed fit prototype, load qualification pending."
B7-output-flange,printed_structure,J7.rotor,0.05683054620330844,1,PA12 fit prototype,"D60 project flange, 3 M4 on PCD45 with rear nut traps; 6 recessed M3 motor bolts. Journal must be fit-tested; printed journal is not a precision metal shaft."
B6-core,printed_structure,J6.rotor,0.09246253721427224,1,PA12 fit prototype,"Original two-rail rigid link with catalogue bolt patterns; printed fit prototype, load qualification pending."
J7-bearing-cage,printed_structure,J7.fixed,0.08990198358635304,1,PA12 fit prototype,47.2mm prototype seat; 6807 outer rings supported by 44.8mm shoulders; gauge fit and axial stack before load test.
J7-bearing-retainer,printed_structure,J7.fixed,0.011200789402882067,1,PA12 fit prototype,Bolted outer-ring front retainer; 1mm nominal clearance to rotating flange.
J7-inner-spacer,printed_structure,J7.rotor,0.00043305656997536164,1,PA12 fit prototype,Axial inner-ring spacer; shim to avoid binding; do not preload by deforming printed cage.
B3-core,printed_structure,J3.rotor,0.1556309334702847,1,PA12 fit prototype,Twin-rail printed core with through-bolted removable shield; PA12 material qualification pending.
B4-proximal,printed_structure,J4.rotor,0.10446831819872224,1,PA12 fit prototype,Staggered 30mm splice; M5x60 bolts and 20mm steel spacers; do not use polymer spacers for a load test.
B4-distal,printed_structure,J4.rotor,0.08781485432820621,1,PA12 fit prototype,Upper/lower rails mate without interference; ream splice clearance holes to5.5mm after printing.
GAUGE-RS00,fit_coupon,world,0.018720789892649747,1,PLA dimensional coupon,Check both patterns against delivered motor; gauge contains no tapped threads.
GAUGE-RS03,fit_coupon,world,0.03825040244892029,1,PLA dimensional coupon,Check both patterns against delivered motor; gauge contains no tapped threads.
GAUGE-RS04,fit_coupon,world,0.04736760867142618,1,PLA dimensional coupon,Check both patterns against delivered motor; gauge contains no tapped threads.
GAUGE-RS06,fit_coupon,world,0.027596162203168524,1,PLA dimensional coupon,Check both patterns against delivered motor; gauge contains no tapped threads.
GAUGE-bearing-46.9,fit_coupon,world,0.005258431163000541,1,same filament as cage,Select/calibrate actual bearing fit before printing cage.
GAUGE-bearing-47.1,fit_coupon,world,0.005173529621537275,1,same filament as cage,Select/calibrate actual bearing fit before printing cage.
GAUGE-bearing-47.3,fit_coupon,world,0.005088266796918851,1,same filament as cage,Select/calibrate actual bearing fit before printing cage.
