id,quantity,category,material,specification,cad_files,notes,status
B06-101-LOAD-DECK,1,metal,S355,CNC profile and drill/counterbore; weld assembly B06-W01,load-frame/step/B06-101-LOAD-DECK.step,"15 mm finished thickness; rear Y-59, table rear edge Y-45; corners deburr R0.5 | Datum A upper Z17; flatness0.15 after welding; no polymer carries arm preload",Mechanical DFM / no powered or load release
B06-102-REAR-WEB,1,metal,S355,CNC plate profile/drill/tap; weld B06-W01,load-frame/step/B06-102-REAR-WEB.step,"8 mm thickness; top Z2; rear Y-59; F6 continuous fillet welds at upper and lower plate joints | Front fillet ends at Y-45, clear of desk; machine datums after weld/stress relief; no weld in desk pad seat",Mechanical DFM / no powered or load release
B06-103-LOWER-JAW,1,metal,S355,CNC profile/drill/tap; weld B06-W01,load-frame/step/B06-103-LOWER-JAW.step,14 mm finished thickness; two full steel threaded legs | M12 thrust screws turn from BELOW with AF6 key; no side knob hidden behind the box,Mechanical DFM / no powered or load release
B06-104-LOAD-FLANGE,1,metal,6061-T651,"CNC turn/mill + drill/tap; clear anodize, mask datums",load-frame/step/B06-104-LOAD-FLANGE.step,OD160/ID56 x12; upper mating datum Z58 flatness0.1; 8xM6 PCD120 phase22.5deg | Bottom open cable pocket X±17/Y28..83/Z46..48; breaks into central bore | No motor interface added: this mates to the frozen A11 root-foot pattern,Mechanical DFM / no powered or load release
B06-105-POST-1,4,metal,6061-T651,Turn + through drill/tap,load-frame/step/B06-105-POST-1.step;load-frame/step/B06-105-POST-2.step;load-frame/step/B06-105-POST-3.step;load-frame/step/B06-105-POST-4.step,"Four identical OD18 x29 spacers; ends parallel0.05 | M8 full through thread; top bolt engagement12.5, bottom13.5 mm; nominal tip gap3.0 mm",Mechanical DFM / no powered or load release
B06-106-DESK-PAD,1,soft,silicone,"Cut 2 mm solid silicone, nominal60A; bond to deck",load-frame/step/B06-106-DESK-PAD.step,Friction and desk-surface compression require bench test,Mechanical DFM / no powered or load release
B06-107-SPREADER--1,2,metal,6061-T651,CNC flat plate; R2 edge breaks,load-frame/step/B06-107-SPREADER--1.step;load-frame/step/B06-107-SPREADER-1.step,"Foot bears directly on metal at (X±45,Y50); swivel foot retained by its supplied retaining spring | Place spreader during installation; pad must cover the entire contact footprint",Mechanical DFM / no powered or load release
B06-108-PRESS-PAD--1,2,soft,silicone,Cut 2 mm solid silicone60A; bond to spreader,load-frame/step/B06-108-PRESS-PAD--1.step;load-frame/step/B06-108-PRESS-PAD-1.step,,Mechanical DFM / no powered or load release
HW-DIN6311--1,2,hardware,steel,Purchase Ganter DIN6311-25-S,load-frame/step/HW-DIN6311--1.step;load-frame/step/HW-DIN6311-1.step,"D25 x13; inverted flat face at spreader underside; snap ring supplied | Bore represented as conservative cylindrical clearance, supplier swivel seat omitted; sample fit required",Mechanical DFM / no powered or load release
HW-DIN6332--1,2,hardware,steel,Purchase Ganter DIN6332-M12-100-SK; AF6,load-frame/step/HW-DIN6332--1.step;load-frame/step/HW-DIN6332-1.step,"Length100 includes thrust pin; thread portion conservatively90; thread class5.8 | Thrust seat approximation, not machining geometry; verify supplier seat/pin retention | Tighten from BELOW; do not print hardware",Mechanical DFM / no powered or load release
B06-201-HANGER--1,1,metal,6061-T651,CNC profile from8 mm plate + drill/tap,load-frame/step/B06-201-HANGER--1.step,Inward cantilever height20 mm; remove hanger independently of desk clamp; deburr R0.5,Mechanical DFM / no powered or load release
B06-201-HANGER-1,1,metal,6061-T651,CNC profile from8 mm plate + drill/tap,load-frame/step/B06-201-HANGER-1.step,Inward cantilever height20 mm; remove hanger independently of desk clamp; deburr R0.5,Mechanical DFM / no powered or load release
B06-202-TRAY,1,metal,6061-T651,CNC profile + drill/tap,load-frame/step/B06-202-TRAY.step,"Confirmed maximum box180x150x50 mm/3 kg; footprint X±90,Y120..270; slides +Y | 20 mm hook/loop straps secure vertically; front stop removable; ventilation not covered by this mechanical budget",Mechanical DFM / no powered or load release
B06-203-STOP-BACK,1,metal,6061-T651,Mill/drill,load-frame/step/B06-203-STOP-BACK.step,Front stop removes before box slides toward +Y,Mechanical DFM / no powered or load release
B06-203-STOP-FRONT,1,metal,6061-T651,Mill/drill,load-frame/step/B06-203-STOP-FRONT.step,Front stop removes before box slides toward +Y,Mechanical DFM / no powered or load release
B06-309-COAX-BRACKET,1,metal,6061-T651,CNC mill original RF bulkhead bracket,load-frame/step/B06-309-COAX-BRACKET.step,"Base2 mm at PCB top Z25.6; rear panel4.5 mm Y-19..-14.5; flange bearing face Y-16, internal fillet R1 | H5/H6 mounting centres X±10,Y-8; coax axes X±10,Z35; mounts independent of cosmetic rear lid | Fixed coax rear datum retained at Y-16, separate from RJ45/power PCB shift; bond to chassis via J6 lug",Mechanical DFM / no powered or load release
B06-307-LOWER-CARRIER,1,printed,PETG,FDM print; exported exact CAD geometry,load-frame/step/B06-307-LOWER-CARRIER.step,Printed PCB/cover locating scaffold only; no arm or clamp load | Board bottom Z24; side-insert nuts Z19.2..21.6; rear screw axis Z32 | Retain 1mm nut-pocket floor and >=2.2mm roof; verify print fit coupon,Mechanical DFM / no powered or load release
HW-M8-TOP-1,4,hardware,steel,Purchase standard screw; strength class8.8 minimum for load-path screws,load-frame/step/HW-M8-TOP-1.step;load-frame/step/HW-M8-TOP-2.step;load-frame/step/HW-M8-TOP-3.step;load-frame/step/HW-M8-TOP-4.step,"M8x16; head envelope D13 x8; hex AF6 | Threads and chamfers omitted; dimensions are maximum planning envelopes, NOT hardware manufacturing STLs",Mechanical DFM / no powered or load release
HW-M8-BOTTOM-1,4,hardware,steel,Purchase standard screw; strength class8.8 minimum for load-path screws,load-frame/step/HW-M8-BOTTOM-1.step;load-frame/step/HW-M8-BOTTOM-2.step;load-frame/step/HW-M8-BOTTOM-3.step;load-frame/step/HW-M8-BOTTOM-4.step,"M8x20; head envelope D13 x8; hex AF6 | Threads and chamfers omitted; dimensions are maximum planning envelopes, NOT hardware manufacturing STLs",Mechanical DFM / no powered or load release
HW-ROOT-WASHER-1,12,hardware,steel,Purchase ISO7089 washer,load-frame/step/HW-ROOT-WASHER-1.step;load-frame/step/HW-ROOT-WASHER-2.step;load-frame/step/HW-ROOT-WASHER-3.step;load-frame/step/HW-ROOT-WASHER-4.step;load-frame/step/HW-ROOT-WASHER-5.step;load-frame/step/HW-ROOT-WASHER-6.step;load-frame/step/HW-ROOT-WASHER-7.step;load-frame/step/HW-ROOT-WASHER-8.step;load-frame/step/HW-HANGER-WASHER--1-1.step;load-frame/step/HW-HANGER-WASHER--1-2.step;load-frame/step/HW-HANGER-WASHER-1-1.step;load-frame/step/HW-HANGER-WASHER-1-2.step,,Mechanical DFM / no powered or load release
HW-ROOT-M6-1,12,hardware,steel,Purchase standard screw; strength class8.8 minimum for load-path screws,load-frame/step/HW-ROOT-M6-1.step;load-frame/step/HW-ROOT-M6-2.step;load-frame/step/HW-ROOT-M6-3.step;load-frame/step/HW-ROOT-M6-4.step;load-frame/step/HW-ROOT-M6-5.step;load-frame/step/HW-ROOT-M6-6.step;load-frame/step/HW-ROOT-M6-7.step;load-frame/step/HW-ROOT-M6-8.step;load-frame/step/HW-HANGER-M6--1-1.step;load-frame/step/HW-HANGER-M6--1-2.step;load-frame/step/HW-HANGER-M6-1-1.step;load-frame/step/HW-HANGER-M6-1-2.step,"M6x20; head envelope D10 x6; hex AF5 | Threads and chamfers omitted; dimensions are maximum planning envelopes, NOT hardware manufacturing STLs",Mechanical DFM / no powered or load release
HW-TRAY-M4-1,4,hardware,steel,Purchase standard screw; strength class8.8 minimum for load-path screws,load-frame/step/HW-TRAY-M4-1.step;load-frame/step/HW-TRAY-M4-2.step;load-frame/step/HW-TRAY-M4-3.step;load-frame/step/HW-TRAY-M4-4.step,"M4x10; head envelope D7.6 x2.2; hex AF2.5 | Threads and chamfers omitted; dimensions are maximum planning envelopes, NOT hardware manufacturing STLs",Mechanical DFM / no powered or load release
HW-STOP-M4-BACK--88,4,hardware,steel,Purchase standard screw; strength class8.8 minimum for load-path screws,load-frame/step/HW-STOP-M4-BACK--88.step;load-frame/step/HW-STOP-M4-BACK-88.step;load-frame/step/HW-STOP-M4-FRONT--88.step;load-frame/step/HW-STOP-M4-FRONT-88.step,"M4x20; head envelope D7.6 x2.2; hex AF2.5 | Threads and chamfers omitted; dimensions are maximum planning envelopes, NOT hardware manufacturing STLs",Mechanical DFM / no powered or load release
HW-COAX-TOP-WASHER--1,4,hardware,steel,Purchase ISO7089 washer,load-frame/step/HW-COAX-TOP-WASHER--1.step;load-frame/step/HW-COAX-BOTTOM-WASHER--1.step;load-frame/step/HW-COAX-TOP-WASHER-1.step;load-frame/step/HW-COAX-BOTTOM-WASHER-1.step,,Mechanical DFM / no powered or load release
HW-COAX-M3--1,2,hardware,steel,Purchase standard screw; strength class8.8 minimum for load-path screws,load-frame/step/HW-COAX-M3--1.step;load-frame/step/HW-COAX-M3-1.step,"M3x8; head envelope D5.7 x1.65; hex AF2 | Threads and chamfers omitted; dimensions are maximum planning envelopes, NOT hardware manufacturing STLs",Mechanical DFM / no powered or load release
HW-COAX-NUT--1,2,hardware,steel,Purchase DIN934 M3 nut; nominal unthreaded bore envelope,load-frame/step/HW-COAX-NUT--1.step;load-frame/step/HW-COAX-NUT-1.step,,Mechanical DFM / no powered or load release
B06-301-MAIN-SHIELD,1,printed,PETG,FDM; 0.4 nozzle target; final slicing/fit coupon required,exterior/print-parts/B06-301-MAIN-SHIELD.stl,"Printed locating/cosmetic component, no arm load",Mesh and bed checked; slicing/physical fit not qualified
B06-306-LIGHT-LENS,1,printed,Translucent PETG,FDM; 0.4 nozzle target; final slicing/fit coupon required,exterior/print-parts/B06-306-LIGHT-LENS.stl,"Printed locating/cosmetic component, no arm load",Mesh and bed checked; slicing/physical fit not qualified
B06-308-LENS-RETAINER,1,printed,PETG,FDM; 0.4 nozzle target; final slicing/fit coupon required,exterior/print-parts/B06-308-LENS-RETAINER.stl,"Printed locating/cosmetic component, no arm load",Mesh and bed checked; slicing/physical fit not qualified
B06-304-REAR-LID,1,printed,PETG,FDM; 0.4 nozzle target; final slicing/fit coupon required,exterior/print-parts/B06-304-REAR-LID.stl,"Printed locating/cosmetic component, no arm load",Mesh and bed checked; slicing/physical fit not qualified
HW-COVER-PCB-REAR-M3,10,purchase,steel,"ISO7380-1 M3x10, AF2, head D5.7x1.65",,Current model / confirmed box budget,Supplier selection and first article fit required
HW-COVER-PCB-REAR-NUT,10,purchase,steel,DIN934 M3 nut AF5.5 x2.4,,Current model / confirmed box budget,Supplier selection and first article fit required
SHELF-STRAP,1,purchase,textile,"20mm hook/loop strap, minimum600mm; trim to box after installation",,Current model / confirmed box budget,Supplier selection and first article fit required
PCB-B06-IO,1,electronics,FR4 1.6mm 4-layer,Native JLCEDA project + B06-IO-PROTOTYPE-Gerber.zip,../electronics/base-io-b05/manufacturing/b06-io-prototype/,Refer original BRI01 component list; BOM not automatically migrated by this script,Board candidate; complete electrical assembly release pending
