id,parent,quantity,unit,kind,specification,manufacturer_part,source,status,open_item
B06-101-LOAD-DECK,BASE,1,pcs,metal,CNC profile and drill/counterbore; weld assembly B06-W01,,load-frame/step/B06-101-LOAD-DECK.step,RFQ_CANDIDATE,"15 mm finished thickness; rear Y-59, table rear edge Y-45; corners deburr R0.5 | Datum A upper Z17; flatness0.15 after welding; no polymer carries arm preload"
B06-102-REAR-WEB,BASE,1,pcs,metal,CNC plate profile/drill/tap; weld B06-W01,,load-frame/step/B06-102-REAR-WEB.step,RFQ_CANDIDATE,"8 mm thickness; top Z2; rear Y-59; Four z5 continuous fillets; leg5.0..5.5 clearance envelope at upper and lower plate joints | Front fillet nominal toe Y-46, maximum envelope Y-45.5; nominal desk edgeY-45; machine datums after weld/stress relief; no weld in desk pad seat"
B06-103-LOWER-JAW,BASE,1,pcs,metal,CNC profile/drill/tap; weld B06-W01,,load-frame/step/B06-103-LOWER-JAW.step,RFQ_CANDIDATE,14 mm finished thickness; two full steel threaded legs | M12 thrust screws turn from BELOW with AF6 key; no side knob hidden behind the box
B06-104-LOAD-FLANGE,BASE,1,pcs,metal,"CNC turn/mill + drill/tap; clear anodize, mask datums",,load-frame/step/B06-104-LOAD-FLANGE.step,RFQ_CANDIDATE,OD160/ID56 x12; upper mating datum Z58 flatness0.1; 8xM6 PCD120 phase22.5deg; interface-contract.json governs | Bottom open cable pocket X±17/Y28..83/Z46..48; breaks into central bore | No motor dependency: independent test adapter or arm module fits this same base interface
B06-105-POST-1,BASE,4,pcs,metal,Turn + through drill/tap,,load-frame/step/B06-105-POST-1.step;load-frame/step/B06-105-POST-2.step;load-frame/step/B06-105-POST-3.step;load-frame/step/B06-105-POST-4.step,RFQ_CANDIDATE,"Four identical OD18 x29 spacers; ends parallel0.05 | M8 full through thread; top bolt engagement12.5, bottom13.5 mm; nominal tip gap3.0 mm"
B06-106-DESK-PAD,BASE,1,pcs,soft,"Cut 2 mm solid silicone, nominal60A; bond to deck",,load-frame/step/B06-106-DESK-PAD.step,RFQ_CANDIDATE,Friction and desk-surface compression require bench test
B06-107-SPREADER--1,BASE,2,pcs,metal,CNC flat plate; R2 edge breaks,,load-frame/step/B06-107-SPREADER--1.step;load-frame/step/B06-107-SPREADER-1.step,RFQ_CANDIDATE,"Foot bears directly on metal at (X±45,Y50); swivel foot retained by its supplied retaining spring | Place spreader during installation; pad must cover the entire contact footprint"
B06-108-PRESS-PAD--1,BASE,2,pcs,soft,Cut 2 mm solid silicone60A; bond to spreader,,load-frame/step/B06-108-PRESS-PAD--1.step;load-frame/step/B06-108-PRESS-PAD-1.step,RFQ_CANDIDATE,
HW-DIN6311--1,BASE,2,pcs,hardware,Purchase Ganter DIN6311-25-S,,load-frame/step/HW-DIN6311--1.step;load-frame/step/HW-DIN6311-1.step,RFQ_CANDIDATE,"D25 x13; inverted flat face at spreader underside; snap ring supplied | Bore represented as conservative cylindrical clearance, supplier swivel seat omitted; sample fit required"
HW-DIN6332--1,BASE,2,pcs,hardware,Purchase Ganter DIN6332-M12-100-SK; AF6,,load-frame/step/HW-DIN6332--1.step;load-frame/step/HW-DIN6332-1.step,RFQ_CANDIDATE,"Length100 includes thrust pin; thread portion conservatively90; thread class5.8 | Thrust seat approximation, not machining geometry; verify supplier seat/pin retention | Tighten from BELOW; do not print hardware"
B06-201-HANGER--1,BASE,1,pcs,metal,CNC profile from8 mm plate + drill/tap,,load-frame/step/B06-201-HANGER--1.step,RFQ_CANDIDATE,Inward cantilever height20 mm; remove hanger independently of desk clamp; deburr R0.5
B06-201-HANGER-1,BASE,1,pcs,metal,CNC profile from8 mm plate + drill/tap,,load-frame/step/B06-201-HANGER-1.step,RFQ_CANDIDATE,Inward cantilever height20 mm; remove hanger independently of desk clamp; deburr R0.5
B06-202-TRAY,BASE,1,pcs,metal,CNC profile + drill/tap,,load-frame/step/B06-202-TRAY.step,RFQ_CANDIDATE,"Confirmed maximum box180x150x50 mm/3 kg; footprint X±90,Y120..270; slides +Y | 20 mm hook/loop straps secure vertically; front stop removable; ventilation not covered by this mechanical budget"
B06-203-STOP-BACK,BASE,1,pcs,metal,Mill/drill,,load-frame/step/B06-203-STOP-BACK.step,RFQ_CANDIDATE,Front stop removes before box slides toward +Y
B06-203-STOP-FRONT,BASE,1,pcs,metal,Mill/drill,,load-frame/step/B06-203-STOP-FRONT.step,RFQ_CANDIDATE,Front stop removes before box slides toward +Y
B06-309-COAX-BRACKET,BASE,1,pcs,metal,CNC mill original RF bulkhead bracket,,load-frame/step/B06-309-COAX-BRACKET.step,RFQ_CANDIDATE,"Base2 mm at PCB top Z25.6; rear panel4.5 mm Y-19..-14.5; flange bearing face Y-16, internal fillet R1 | H5/H6 mounting centres X±10,Y-8; coax axes X±10,Z35; mounts independent of cosmetic rear lid | Fixed coax rear datum retained at Y-16, separate from RJ45/power PCB shift; bond to chassis via J6 lug"
B06-307-LOWER-CARRIER,BASE,1,pcs,printed,FDM print; exported exact CAD geometry,,load-frame/step/B06-307-LOWER-CARRIER.step,RFQ_CANDIDATE,Printed PCB/cover locating scaffold only; no arm or clamp load | Board bottom Z24; side-insert nuts Z19.2..21.6; rear screw axis Z32 | Retain 1mm nut-pocket floor and >=2.2mm roof; verify print fit coupon
HW-M8-TOP-1,BASE,4,pcs,hardware,Purchase standard screw; strength class8.8 minimum for load-path screws,,load-frame/step/HW-M8-TOP-1.step;load-frame/step/HW-M8-TOP-2.step;load-frame/step/HW-M8-TOP-3.step;load-frame/step/HW-M8-TOP-4.step,RFQ_CANDIDATE,"M8x16; head envelope D13 x8; hex AF6 | Threads and chamfers omitted; dimensions are maximum planning envelopes, NOT hardware manufacturing STLs"
HW-M8-BOTTOM-1,BASE,4,pcs,hardware,Purchase standard screw; strength class8.8 minimum for load-path screws,,load-frame/step/HW-M8-BOTTOM-1.step;load-frame/step/HW-M8-BOTTOM-2.step;load-frame/step/HW-M8-BOTTOM-3.step;load-frame/step/HW-M8-BOTTOM-4.step,RFQ_CANDIDATE,"M8x20; head envelope D13 x8; hex AF6 | Threads and chamfers omitted; dimensions are maximum planning envelopes, NOT hardware manufacturing STLs"
HW-HANGER-WASHER--1-1,BASE,4,pcs,hardware,Purchase ISO7089 washer,,load-frame/step/HW-HANGER-WASHER--1-1.step;load-frame/step/HW-HANGER-WASHER--1-2.step;load-frame/step/HW-HANGER-WASHER-1-1.step;load-frame/step/HW-HANGER-WASHER-1-2.step,RFQ_CANDIDATE,
HW-HANGER-M6--1-1,BASE,4,pcs,hardware,Purchase standard screw; strength class8.8 minimum for load-path screws,,load-frame/step/HW-HANGER-M6--1-1.step;load-frame/step/HW-HANGER-M6--1-2.step;load-frame/step/HW-HANGER-M6-1-1.step;load-frame/step/HW-HANGER-M6-1-2.step,RFQ_CANDIDATE,"M6x20; head envelope D10 x6; hex AF5 | Threads and chamfers omitted; dimensions are maximum planning envelopes, NOT hardware manufacturing STLs"
HW-TRAY-M4-1,BASE,4,pcs,hardware,Purchase standard screw; strength class8.8 minimum for load-path screws,,load-frame/step/HW-TRAY-M4-1.step;load-frame/step/HW-TRAY-M4-2.step;load-frame/step/HW-TRAY-M4-3.step;load-frame/step/HW-TRAY-M4-4.step,RFQ_CANDIDATE,"M4x10; head envelope D7.6 x2.2; hex AF2.5 | Threads and chamfers omitted; dimensions are maximum planning envelopes, NOT hardware manufacturing STLs"
HW-STOP-M4-BACK--88,BASE,4,pcs,hardware,Purchase standard screw; strength class8.8 minimum for load-path screws,,load-frame/step/HW-STOP-M4-BACK--88.step;load-frame/step/HW-STOP-M4-BACK-88.step;load-frame/step/HW-STOP-M4-FRONT--88.step;load-frame/step/HW-STOP-M4-FRONT-88.step,RFQ_CANDIDATE,"M4x20; head envelope D7.6 x2.2; hex AF2.5 | Threads and chamfers omitted; dimensions are maximum planning envelopes, NOT hardware manufacturing STLs"
HW-COAX-TOP-WASHER--1,BASE,4,pcs,hardware,Purchase ISO7089 washer,,load-frame/step/HW-COAX-TOP-WASHER--1.step;load-frame/step/HW-COAX-BOTTOM-WASHER--1.step;load-frame/step/HW-COAX-TOP-WASHER-1.step;load-frame/step/HW-COAX-BOTTOM-WASHER-1.step,RFQ_CANDIDATE,
HW-COAX-M3--1,BASE,2,pcs,hardware,Purchase standard screw; strength class8.8 minimum for load-path screws,,load-frame/step/HW-COAX-M3--1.step;load-frame/step/HW-COAX-M3-1.step,RFQ_CANDIDATE,"M3x8; head envelope D5.7 x1.65; hex AF2 | Threads and chamfers omitted; dimensions are maximum planning envelopes, NOT hardware manufacturing STLs"
HW-COAX-NUT--1,BASE,2,pcs,hardware,Purchase DIN934 M3 nut; nominal unthreaded bore envelope,,load-frame/step/HW-COAX-NUT--1.step;load-frame/step/HW-COAX-NUT-1.step,RFQ_CANDIDATE,
B06-301-MAIN-SHIELD,BASE,1,pcs,printed,FDM; 0.4 nozzle target; final slicing/fit coupon required,,exterior/print-parts/B06-301-MAIN-SHIELD.stl,RFQ_CANDIDATE,"Printed locating/cosmetic component, no arm load"
B06-306-LIGHT-LENS,BASE,1,pcs,printed,FDM; 0.4 nozzle target; final slicing/fit coupon required,,exterior/print-parts/B06-306-LIGHT-LENS.stl,RFQ_CANDIDATE,"Printed locating/cosmetic component, no arm load"
B06-308-LENS-RETAINER,BASE,1,pcs,printed,FDM; 0.4 nozzle target; final slicing/fit coupon required,,exterior/print-parts/B06-308-LENS-RETAINER.stl,RFQ_CANDIDATE,"Printed locating/cosmetic component, no arm load"
B06-304-REAR-LID,BASE,1,pcs,printed,FDM; 0.4 nozzle target; final slicing/fit coupon required,,exterior/print-parts/B06-304-REAR-LID.stl,RFQ_CANDIDATE,"Printed locating/cosmetic component, no arm load"
HW-COVER-PCB-REAR-M3,BASE,10,pcs,purchase,"ISO7380-1 M3x10, AF2, head D5.7x1.65",,,RFQ_CANDIDATE,Current model / confirmed box budget
HW-COVER-PCB-REAR-NUT,BASE,10,pcs,purchase,DIN934 M3 nut AF5.5 x2.4,,,RFQ_CANDIDATE,Current model / confirmed box budget
HW-LIGHT-M2,BASE,2,pcs,purchase,"ISO4762 M2x8, AF1.5, head D3.8x2",,,RFQ_CANDIDATE,Current model / confirmed box budget
HW-LIGHT-NUT,BASE,2,pcs,purchase,DIN934 M2 AF4 x1.6,,,RFQ_CANDIDATE,Current model / confirmed box budget
SHELF-STRAP,BASE,1,pcs,purchase,"20mm hook/loop strap, minimum600mm; trim to box after installation",,,RFQ_CANDIDATE,Current model / confirmed box budget
PCB-B06-IO,BASE,1,pcs,assembly_parent,Native JLCEDA project + B06-IO-PROTOTYPE-Gerber.zip,,../electronics/base-io-b05/manufacturing/b06-io-prototype/,RFQ_CANDIDATE,Assembly parent; six native component lines in current B06-IO-Native-BOM.csv; do not buy both populated PCBA and separate components
PCB-B06-LIGHT,BASE,1,pcs,assembly_parent,50x14; independent 5V PWM; 12 SMT parts; native BOM/pick-place,,../electronics/base-light-b06/manufacturing/,RFQ_CANDIDATE,"JST GH: 1=5V,2=PWM,3=GND; DO NOT CONNECT48V"
PCB-B06-IO/J1,PCB-B06-IO,1,pcs,component_child,SHIELDED_RJ45,615008160221,electronics/base-io-b05/manufacturing/b06-io-prototype/B06-IO-Native-BOM.csv,NATIVE_BOM_VERIFIED,Supplier availability/lot and PCBA process must be confirmed; buy either populated parent or children
PCB-B06-IO/J2,PCB-B06-IO,1,pcs,component_child,SHIELDED_RJ45,615008160221,electronics/base-io-b05/manufacturing/b06-io-prototype/B06-IO-Native-BOM.csv,NATIVE_BOM_VERIFIED,Supplier availability/lot and PCBA process must be confirmed; buy either populated parent or children
PCB-B06-IO/J3,PCB-B06-IO,1,pcs,component_child,48V_EXTERNAL,1720466,electronics/base-io-b05/manufacturing/b06-io-prototype/B06-IO-Native-BOM.csv,NATIVE_BOM_VERIFIED,Supplier availability/lot and PCBA process must be confirmed; buy either populated parent or children
PCB-B06-IO/J4,PCB-B06-IO,1,pcs,component_child,ARM_48V,74651173,electronics/base-io-b05/manufacturing/b06-io-prototype/B06-IO-Native-BOM.csv,NATIVE_BOM_VERIFIED,Supplier availability/lot and PCBA process must be confirmed; buy either populated parent or children
PCB-B06-IO/J5,PCB-B06-IO,1,pcs,component_child,ARM_RETURN,74651173,electronics/base-io-b05/manufacturing/b06-io-prototype/B06-IO-Native-BOM.csv,NATIVE_BOM_VERIFIED,Supplier availability/lot and PCBA process must be confirmed; buy either populated parent or children
PCB-B06-IO/J6,PCB-B06-IO,1,pcs,component_child,CHASSIS_BOND,74651173,electronics/base-io-b05/manufacturing/b06-io-prototype/B06-IO-Native-BOM.csv,NATIVE_BOM_VERIFIED,Supplier availability/lot and PCBA process must be confirmed; buy either populated parent or children
PCB-B06-LIGHT/C1,PCB-B06-LIGHT,1,pcs,component_child,100nF,CC0603KRX7R8BB104,electronics/base-light-b06/manufacturing/bom.csv,NATIVE_BOM_VERIFIED,Supplier availability/lot and PCBA process must be confirmed; buy either populated parent or children
PCB-B06-LIGHT/D1,PCB-B06-LIGHT,1,pcs,component_child,NSVBAT54HT1G,NSVBAT54HT1G,electronics/base-light-b06/manufacturing/bom.csv,NATIVE_BOM_VERIFIED,Supplier availability/lot and PCBA process must be confirmed; buy either populated parent or children
PCB-B06-LIGHT/J1,PCB-B06-LIGHT,1,pcs,component_child,BM03B-GHS-TBT(LF)(SN),BM03B-GHS-TBT(LF)(SN),electronics/base-light-b06/manufacturing/bom.csv,NATIVE_BOM_VERIFIED,Supplier availability/lot and PCBA process must be confirmed; buy either populated parent or children
"PCB-B06-LIGHT/LED1,LED2,LED3",PCB-B06-LIGHT,3,pcs,component_child,LTST-C170KFKT,LTST-C170KFKT,electronics/base-light-b06/manufacturing/bom.csv,NATIVE_BOM_VERIFIED,Supplier availability/lot and PCBA process must be confirmed; buy either populated parent or children
PCB-B06-LIGHT/Q1,PCB-B06-LIGHT,1,pcs,component_child,DMG2302UK-7,DMG2302UK-7,electronics/base-light-b06/manufacturing/bom.csv,NATIVE_BOM_VERIFIED,Supplier availability/lot and PCBA process must be confirmed; buy either populated parent or children
"PCB-B06-LIGHT/R1,R2,R3",PCB-B06-LIGHT,3,pcs,component_child,470Ω,RC0603FR-07470RL,electronics/base-light-b06/manufacturing/bom.csv,NATIVE_BOM_VERIFIED,Supplier availability/lot and PCBA process must be confirmed; buy either populated parent or children
PCB-B06-LIGHT/R4,PCB-B06-LIGHT,1,pcs,component_child,1kΩ,RC0603FR-071KL,electronics/base-light-b06/manufacturing/bom.csv,NATIVE_BOM_VERIFIED,Supplier availability/lot and PCBA process must be confirmed; buy either populated parent or children
PCB-B06-LIGHT/R5,PCB-B06-LIGHT,1,pcs,component_child,47kΩ,RC0603FR-0747KL,electronics/base-light-b06/manufacturing/bom.csv,NATIVE_BOM_VERIFIED,Supplier availability/lot and PCBA process must be confirmed; buy either populated parent or children
W01,BASE,1,operation,weld_process,"Four continuous 140mm fillets; z5, proposed leg5.0..5.5; postweld datum machining",,manufacturing.md,DEFINITION_OPEN,"WPS, bead profile, end allowance, distortion and joint strength unqualified"
EXT-48V-MATE,BASE,1,pcs,connector,Phoenix PC5/2 mating spring plug,1718481,manufacturing.md,DEFINITION_OPEN,Real ClickLock operation / conductor preparation / cable exit fit
RF-BULKHEAD,BASE,2,pcs,connector,Amphenol SMA female-female 50ohm bulkhead,132170,manufacturing.md,DEFINITION_OPEN,Current manufacturer drawing and actual nut/tool fit required; GMSL channel/PoC not qualified
POWER-M3-LUG,BASE,2,pcs,terminal_candidate,TE M3 ring lug; 1.5..2.5mm2; plate0.79mm,165295,manufacturing.md,DEFINITION_OPEN,"Actual tolerance, crimp tool, wire gauge/current/length, barrel rotation and boot required"
BOND-M3-LUG,BASE,1,pcs,terminal_candidate,TE M3 ring lug at J6; never use power return as chassis bond,165295,manufacturing.md,DEFINITION_OPEN,Bond conductor and topology to external box require definition
STUD-HALF-NUT,BASE,3,pcs,hardware_candidate,M3 ISO4035 thin nut; nominal1.8mm; no extra washer,,manufacturing.md,DEFINITION_OPEN,Not released: tolerance/full-thread engagement/retention/anti-rotation and torque sample tests
FRAME-BOND-LUG,BASE,1,pcs,terminal_candidate,TE M6 ring lug at dedicated frame hole,165299,manufacturing.md,DEFINITION_OPEN,"Drawing, cross section, crimp and grounding contact preparation required"
FRAME-BOND-SCREW,BASE,1,pcs,hardware_candidate,M6 screw + contact locking hardware,,manufacturing.md,DEFINITION_OPEN,Length/stack/thread engagement and MCAD/tool clearance must be selected before purchase
H-POWER,BASE,1,assembly,harness_open,48V + return from J4/J5 to module boundary,,manufacturing.md,DEFINITION_OPEN,Gauge/current/length/ends/boots/clamps unknown; no arm harness required for base dummy load
H-BOND,BASE,1,assembly,harness_open,J6 to metal frame and external protective-bond boundary,,manufacturing.md,DEFINITION_OPEN,Topology/length/cross section and low resistance acceptance not frozen
H-ECAT,BASE,1,assembly,harness_open,Internal shielded Ethernet J2 to module boundary; two-ended base loopback test,,manufacturing.md,DEFINITION_OPEN,Exact cable/plug/length; shield termination and fixed bend radius to be checked
H-RF,BASE,2,assembly,harness_open,50ohm coax from bulkhead to module-side test connector,,manufacturing.md,DEFINITION_OPEN,Connector family/length/route/minimum bend/channel budget/PoC unknown
H-LAMP,BASE,1,assembly,harness_open,Internal short lead only: base board to JST GH 1=5V 2=PWM 3=GND,GHR-03V-S + 3xSSHL-002T-P0.2,manufacturing.md,DEFINITION_OPEN,No separate desk-box5V lead; local converter and PWM circuit pending; actual length/colors/crimp/route unknown
LOCAL-5V-CONVERTER,BASE,1,pcs,power_candidate,"PCB mounted non-isolated DC/DC 9..72V input,5V/500mA;11.5x8.5x17.5mm",R-78HB5.0-0.5,manufacturing.md,DEFINITION_OPEN,"Candidate only; not present on current native IO PCB; footprint, protection, output tolerance and thermal/EMI check pending"
LOCAL-5V-CIN,BASE,1,pcs,power_open,3.3uF/100V input capacitor per converter >50V application,,manufacturing.md,DEFINITION_OPEN,Exact capacitor/derating/ripple and placement pending
LOCAL-5V-BLEED,BASE,1,pcs,power_open,"470ohm1%,>=0.125W:10.0..11.3mA at4.75..5.25V minimum-load candidate",,manufacturing.md,DEFINITION_OPEN,Required if no other always-on10mA load; not fitted on current native PCB
LIGHT-SHIM,BASE,2,pcs,optical_open,Soft optical-support pad; current nominal support gap at least0.4mm,,manufacturing.md,DEFINITION_OPEN,Material/thickness/compression/translucency measured on actual printed lens
CABLE-RESTRAINT,BASE,1,set,consumable_open,Rounded ties / saddles at existing carrier ears; wire boots and insulated separation,,manufacturing.md,DEFINITION_OPEN,Count/position/tool and pull-force criteria after actual harness route
FINISH,BASE,1,operation,finish_open,"Deburr, corrosion protection; mask bond faces/threads/datum seats",,manufacturing.md,DEFINITION_OPEN,Coating and weld preparation agreed with supplier; no coating in conductive bond interface
