id,quantity,kind,part_number,material,mass_kg,mass_basis,preceding_joints,source_file,nominal_engagement_mm,effective_engagement_mm,manufacturing_release
L12_output_adapter,1,original_metal,,6061-T6_candidate_stock_certificate_unfrozen,0.26379674898786837,Nominal CAD volume x nominal material density; not weighed,1,engineering/generated/shoulder-raise02/L12_output_adapter.step,,,False
L12_rear_fork,1,original_metal,,6061-T651_101.6mm_wrought_plate_PROC01,0.7202296200550251,Nominal CAD volume x nominal material density; not weighed,1,engineering/generated/shoulder-raise02/L12_rear_fork.step,,,False
L12_front_ring,1,original_metal,,6061-T6_candidate_stock_certificate_unfrozen,0.03436145867515884,Nominal CAD volume x nominal material density; not weighed,1,engineering/generated/shoulder-raise02/L12_front_ring.step,,,False
L12_steel_thread_block_1,1,original_metal,,42CrMo4+QT_D50_round_bar_candidate,0.023613779521190762,Nominal CAD volume x nominal material density; not weighed,1,engineering/generated/shoulder-port01/SHOULDER-PORT01-BLOCK-1-R38.step,,,False
L12_steel_thread_block_2,1,original_metal,,42CrMo4+QT_D50_round_bar_candidate,0.027022763558481367,Nominal CAD volume x nominal material density; not weighed,1,engineering/generated/shoulder-raise02/STEEL_THREAD_BLOCK_2.step,,,False
L12_steel_thread_block_3,1,original_metal,,42CrMo4+QT_D50_round_bar_candidate,0.027022763558487265,Nominal CAD volume x nominal material density; not weighed,1,engineering/generated/shoulder-raise02/STEEL_THREAD_BLOCK_3.step,,,False
L12_steel_thread_block_4,1,original_metal,,42CrMo4+QT_D50_round_bar_candidate,0.027022763558483966,Nominal CAD volume x nominal material density; not weighed,1,engineering/generated/shoulder-raise02/STEEL_THREAD_BLOCK_4.step,,,False
L12_steel_thread_block_5,1,original_metal,,42CrMo4+QT_D50_round_bar_candidate,0.027022763558479303,Nominal CAD volume x nominal material density; not weighed,1,engineering/generated/shoulder-raise02/STEEL_THREAD_BLOCK_5.step,,,False
L12_steel_thread_block_6,1,original_metal,,42CrMo4+QT_D50_round_bar_candidate,0.027022763558475757,Nominal CAD volume x nominal material density; not weighed,1,engineering/generated/shoulder-raise02/STEEL_THREAD_BLOCK_6.step,,,False
L12_steel_thread_block_7,1,original_metal,,42CrMo4+QT_D50_round_bar_candidate,0.027022763558483844,Nominal CAD volume x nominal material density; not weighed,1,engineering/generated/shoulder-raise02/STEEL_THREAD_BLOCK_7.step,,,False
L12_steel_thread_block_8,1,original_metal,,42CrMo4+QT_D50_round_bar_candidate,0.023613779521182116,Nominal CAD volume x nominal material density; not weighed,1,engineering/generated/shoulder-port01/SHOULDER-PORT01-BLOCK-8-R38.step,,,False
L12_HW_FOOT_M6x35_1,1,fastener_nominal_envelope,Accu SSC-M6-35-HK-12.9,class12.9_plain_steel_candidate,0.0099,"Manufacturer catalogue mass, uniformly distributed over nominal external envelope as COM/I proxy",1,engineering/generated/link12-study/bom.json,13,,False
L12_HW_FOOT_M6x35_2,1,fastener_nominal_envelope,Accu SSC-M6-35-HK-12.9,class12.9_plain_steel_candidate,0.0099,"Manufacturer catalogue mass, uniformly distributed over nominal external envelope as COM/I proxy",1,engineering/generated/link12-study/bom.json,13,,False
L12_HW_FOOT_M6x35_3,1,fastener_nominal_envelope,Accu SSC-M6-35-HK-12.9,class12.9_plain_steel_candidate,0.0099,"Manufacturer catalogue mass, uniformly distributed over nominal external envelope as COM/I proxy",1,engineering/generated/link12-study/bom.json,13,,False
L12_HW_FOOT_M6x35_4,1,fastener_nominal_envelope,Accu SSC-M6-35-HK-12.9,class12.9_plain_steel_candidate,0.0099,"Manufacturer catalogue mass, uniformly distributed over nominal external envelope as COM/I proxy",1,engineering/generated/link12-study/bom.json,13,,False
L12_HW_OUT_M4_unknown_1,1,fastener_nominal_envelope,,unselected,,Unknown: partial output channel proxy is not complete screw; no mass inferred,1,engineering/generated/link12-study/bom.json,,,False
L12_HW_OUT_M4_unknown_2,1,fastener_nominal_envelope,,unselected,,Unknown: partial output channel proxy is not complete screw; no mass inferred,1,engineering/generated/link12-study/bom.json,,,False
L12_HW_OUT_M4_unknown_3,1,fastener_nominal_envelope,,unselected,,Unknown: partial output channel proxy is not complete screw; no mass inferred,1,engineering/generated/link12-study/bom.json,,,False
L12_HW_OUT_M4_unknown_4,1,fastener_nominal_envelope,,unselected,,Unknown: partial output channel proxy is not complete screw; no mass inferred,1,engineering/generated/link12-study/bom.json,,,False
L12_HW_OUT_M4_unknown_5,1,fastener_nominal_envelope,,unselected,,Unknown: partial output channel proxy is not complete screw; no mass inferred,1,engineering/generated/link12-study/bom.json,,,False
L12_HW_OUT_M4_unknown_6,1,fastener_nominal_envelope,,unselected,,Unknown: partial output channel proxy is not complete screw; no mass inferred,1,engineering/generated/link12-study/bom.json,,,False
L12_HW_OUT_M4_unknown_7,1,fastener_nominal_envelope,,unselected,,Unknown: partial output channel proxy is not complete screw; no mass inferred,1,engineering/generated/link12-study/bom.json,,,False
L12_HW_OUT_M4_unknown_8,1,fastener_nominal_envelope,,unselected,,Unknown: partial output channel proxy is not complete screw; no mass inferred,1,engineering/generated/link12-study/bom.json,,,False
L12_HW_OUT_M4_unknown_9,1,fastener_nominal_envelope,,unselected,,Unknown: partial output channel proxy is not complete screw; no mass inferred,1,engineering/generated/link12-study/bom.json,,,False
L12_HW_OUT_M4_unknown_10,1,fastener_nominal_envelope,,unselected,,Unknown: partial output channel proxy is not complete screw; no mass inferred,1,engineering/generated/link12-study/bom.json,,,False
L12_HW_OUT_M4_unknown_11,1,fastener_nominal_envelope,,unselected,,Unknown: partial output channel proxy is not complete screw; no mass inferred,1,engineering/generated/link12-study/bom.json,,,False
L12_HW_OUT_M4_unknown_12,1,fastener_nominal_envelope,,unselected,,Unknown: partial output channel proxy is not complete screw; no mass inferred,1,engineering/generated/link12-study/bom.json,,,False
L12_HW_OUT_M4_unknown_13,1,fastener_nominal_envelope,,unselected,,Unknown: partial output channel proxy is not complete screw; no mass inferred,1,engineering/generated/link12-study/bom.json,,,False
L12_HW_OUT_M4_unknown_14,1,fastener_nominal_envelope,,unselected,,Unknown: partial output channel proxy is not complete screw; no mass inferred,1,engineering/generated/link12-study/bom.json,,,False
L12_HW_OUT_M4_unknown_15,1,fastener_nominal_envelope,,unselected,,Unknown: partial output channel proxy is not complete screw; no mass inferred,1,engineering/generated/link12-study/bom.json,,,False
L12_HW_OUT_M4_unknown_16,1,fastener_nominal_envelope,,unselected,,Unknown: partial output channel proxy is not complete screw; no mass inferred,1,engineering/generated/link12-study/bom.json,,,False
L12_HW_FIX_FABORY_07000_040_100_1,1,fastener_nominal_envelope,Fabory 07000.040.100,class12.9_plain_steel_candidate,0.011,"Manufacturer catalogue mass, uniformly distributed over nominal external envelope as COM/I proxy",1,docs/engineering/sources/shoulder-procurement01.json,7,,False
L12_HW_FIX_FABORY_07000_040_100_2,1,fastener_nominal_envelope,Fabory 07000.040.100,class12.9_plain_steel_candidate,0.011,"Manufacturer catalogue mass, uniformly distributed over nominal external envelope as COM/I proxy",1,docs/engineering/sources/shoulder-procurement01.json,7,,False
L12_HW_FIX_FABORY_07000_040_100_3,1,fastener_nominal_envelope,Fabory 07000.040.100,class12.9_plain_steel_candidate,0.011,"Manufacturer catalogue mass, uniformly distributed over nominal external envelope as COM/I proxy",1,docs/engineering/sources/shoulder-procurement01.json,7,,False
L12_HW_FIX_FABORY_07000_040_100_4,1,fastener_nominal_envelope,Fabory 07000.040.100,class12.9_plain_steel_candidate,0.011,"Manufacturer catalogue mass, uniformly distributed over nominal external envelope as COM/I proxy",1,docs/engineering/sources/shoulder-procurement01.json,7,,False
L12_HW_FIX_FABORY_07000_040_100_5,1,fastener_nominal_envelope,Fabory 07000.040.100,class12.9_plain_steel_candidate,0.011,"Manufacturer catalogue mass, uniformly distributed over nominal external envelope as COM/I proxy",1,docs/engineering/sources/shoulder-procurement01.json,7,,False
L12_HW_FIX_FABORY_07000_040_100_6,1,fastener_nominal_envelope,Fabory 07000.040.100,class12.9_plain_steel_candidate,0.011,"Manufacturer catalogue mass, uniformly distributed over nominal external envelope as COM/I proxy",1,docs/engineering/sources/shoulder-procurement01.json,7,,False
L12_HW_FIX_FABORY_07000_040_100_7,1,fastener_nominal_envelope,Fabory 07000.040.100,class12.9_plain_steel_candidate,0.011,"Manufacturer catalogue mass, uniformly distributed over nominal external envelope as COM/I proxy",1,docs/engineering/sources/shoulder-procurement01.json,7,,False
L12_HW_FIX_FABORY_07000_040_100_8,1,fastener_nominal_envelope,Fabory 07000.040.100,class12.9_plain_steel_candidate,0.011,"Manufacturer catalogue mass, uniformly distributed over nominal external envelope as COM/I proxy",1,docs/engineering/sources/shoulder-procurement01.json,7,,False
