id,qty,manufacturer_part_or_request,description,unit_mass_kg,mass_basis,selection_status,source_url,remaining_gap,budget_price
FD-B01,1,Gates180-3MGT3-6 /9400-53250,3mmGT3;60teeth;180mm pitch;6mm width; same belt catalogue alternative code SDP A36R53M060060,0.003,2024 catalogue,candidate,https://www.gates.com/content/dam/gates/home/knowledge-center/resource-library/catalogs/industrial-power-transmission-catalogue-en.pdf,Exact delivered regional belt identity/current availability; reversing registration/tension/life,TBD
FD-P01,2,SDP/SI A 6D53M030DF0906,30T3mm;6mm bore;FairlocM3;L20.6±.4;flange31.8±.4,,TBD; geometric proxy separate,candidate,https://sdp-si.com/D815/D815-Metric-Section2-Belt-and-Chain-Drives.pdf,Exact6mmM3 slip/installation torque; flange plane; runout; mass/inertia,TBD
FD-C01,1,NBK MST-16C-5-6,Motor5 to jackshaft6;L23;insertion6.5 each;rotating reference17.6,0.0092,largest-bore catalogue reference only,candidate,https://www.nbk1560.com/en/products/coupling/couplicon/slit_type/MST-C/MST-16C/,Actual selected variant mass/J/slip and combined misalignment/tool access,TBD
FD-C02,1,NBK MST-16C-4.5-6,Screw4.5 to jackshaft6;L23;insertion6.5 each;rotating reference17.6,0.0092,largest-bore catalogue reference only,candidate,https://www.nbk1560.com/en/products/coupling/couplicon/slit_type/MST-C/MST-16C/,KSS nominal1.5mm axial gap lacks tolerance and wrench clearance,TBD
FD-BR01,4,SKF626-2Z,6x19x6;C2340N;C0950N;limiting40krpm,0.0088,catalogue,candidate,https://cdn.skfmediahub.skf.com/api/public/0901d196802809de/pdf_preview_medium/0901d196802809de_pdf_preview_medium.pdf,Fits/retention/floating outer ring/alignment and friction/temperature,TBD
FD-SH01,2,CUSTOM-JACKSHAFT-01 (not a supplier SKU),Ø6 seats;shoulderØ9;nominal51.5 overall; original requirement drawing,,TBD; nominal steel proxy separate,blocked,engineering/electronics/r5-folded-drive01/shaft-interface-requirements.svg,Journal fits/retainer grooves/material/heat treatment/finish/runout not frozen,TBD
FD-H01,1,TBD custom split bearing bridge,Two axes45mm; bearings atZ0..6 and32..38; whole motor/cartridge can translate for tension,,unallocated,TBD,engineering/electronics/r5-folded-drive01/layout-parameters.json,Actual housing/fasteners/retainers/tension actuator/assembly access not designed,TBD
FD-G01,1,TBD custom guard,Belt and coupling isolation; no self-locking or brake claim,,unallocated,TBD,,Envelope and retention/ventilation not designed,TBD
FD-M01,1,FAULHABER3274G024BP4 /PN3274.00001,Inherited24V motor; no gearbox,0.325,catalogue,candidate,https://www.faulhaber.com/fileadmin/Import/Media/EN_3274_BP4_DFF.pdf,"0.140Nm zero-speed value remains graph-read thermal budget, not installed guarantee",TBD
FD-E01,1,IE3-1024L,Inherited encoder;3274 combination body90.8±.6,0.0135,typical catalogue,candidate,https://www.faulhaber.com/fileadmin/Import/Media/EN_IE3-1024L_DFF.pdf,Encoder harness/total actual combined mass and screw clearances,TBD
FD-SC01,1,SG0802.5-080R130C5B1X (configuration request),Inherited130mm total2.5mm lead request; stock mother SG0802.5-129R170C5,,TBD; geometric proxy separate,candidate,https://kssballscrew.com/us/pdf/catalog/A219.pdf,Not factory-accepted SKU; circulation acceleration/actual J/end machining/stroke/limits,TBD
FD-SU01,1,KSS MSU-6C,Inherited fixed support; includes factory bearing pair/collar/locknut,0.05,catalogue,candidate,https://kssballscrew.com/us/pdf/catalog/E107-E108.pdf,Nominal CAD/table22mm cross-check; tolerance/tool access/installed axial duty,TBD
FD-SU02,1,KSS MSU-6CS,Inherited support side; do not duplicate axial locating,0.032,catalogue,candidate,https://kssballscrew.com/us/pdf/catalog/E109-E110.pdf,B-end request and final bearing alignment,TBD
FD-GD01,2,HIWIN MGN9C,Inherited guide blocks; combined rail request MGN9C2R115Z0HM,0.016,catalogue,candidate,https://www.hiwin.com/wp-content/uploads/Linear_Guideway-E.pdf,Original common90 rod force only; new carrier offsets/fasteners/limits not checked,TBD
FD-GD02,1,MGN rail115mm (configuration request),Inherited9mm rail; mass.38kg/m,0.0437,catalogue per length,candidate,https://www.hiwin.com/wp-content/uploads/Linear_Guideway-E.pdf,Request identity/actual rail and support geometry,TBD
