ref,pin,name,net,role
J1,1,1,VIN_RAW,passive
J1,2,2,GND,passive
J2,1,1,FIELD_RUN_P,passive
J2,2,2,FIELD_RUN_N,passive
J2,3,3,FIELD_FAULT_P,passive
J2,4,4,FIELD_FAULT_N,passive
J3,1,1,GND,passive
J3,2,2,LED_PWR_A,passive
J3,3,3,LED_RUN_A,passive
J3,4,4,LED_FAULT_A,passive
F1,1,1,VIN_RAW,passive
F1,2,2,VIN_FUSED,passive
D1,1,K,VIN_DIODE,passive
D1,2,A,VIN_FUSED,passive
R1,1,1,VIN_DIODE,passive
R1,2,2,VIN_PROT,passive
D2,1,K,VIN_PROT,passive
D2,2,A,GND,passive
C1,1,1,VIN_PROT,passive
C1,2,2,GND,passive
C2,1,1,VIN_PROT,passive
C2,2,2,GND,passive
U1,1,GND,GND,power_in
U1,2,VIN,VIN_PROT,power_in
U1,3,EN_UVLO,UVLO,input
U1,4,RON,RON,input
U1,5,FB,FB,input
U1,6,PGOOD,PGOOD,open_collector
U1,7,BST,BST,power_in
U1,8,SW,SW,power_out
U1,9,EP,GND,passive
C3,1,1,BST,passive
C3,2,2,SW,passive
L1,1,1,SW,passive
L1,2,2,V5,passive
C4,1,1,V5,passive
C4,2,2,GND,passive
C5,1,1,V5,passive
C5,2,2,GND,passive
R2,1,1,RON,passive
R2,2,2,GND,passive
R3,1,1,V5,passive
R3,2,2,FB,passive
R4,1,1,FB,passive
R4,2,2,GND,passive
R5,1,1,VIN_PROT,passive
R5,2,2,UVLO,passive
R6,1,1,UVLO,passive
R6,2,2,GND,passive
R7,1,1,SW,passive
R7,2,2,RIPPLE,passive
C6,1,1,RIPPLE,passive
C6,2,2,V5,passive
C7,1,1,RIPPLE,passive
C7,2,2,FB,passive
R8,1,1,V5,passive
R8,2,2,PGOOD,passive
R10,1,1,FIELD_RUN_P,passive
R10,2,2,FIELD_RUN_MID,passive
R11,1,1,FIELD_RUN_MID,passive
R11,2,2,FIELD_RUN_A,passive
D3,1,K,FIELD_RUN_A,passive
D3,2,A,FIELD_RUN_N,passive
U2,1,A,FIELD_RUN_A,passive
U2,2,K,FIELD_RUN_N,passive
U2,3,E,GND,passive
U2,4,C,RUN_OC,open_collector
R12,1,1,RUN_OC,passive
R12,2,2,RUN_BASE,passive
R13,1,1,RUN_BASE,passive
R13,2,2,V5,passive
Q1,1,B,RUN_BASE,passive
Q1,2,E,V5,passive
Q1,3,C,RUN_DRIVE,passive
R14,1,1,RUN_DRIVE,passive
R14,2,2,LED_RUN_A,passive
R16,1,1,FIELD_FAULT_P,passive
R16,2,2,FIELD_FAULT_MID,passive
R17,1,1,FIELD_FAULT_MID,passive
R17,2,2,FIELD_FAULT_A,passive
D4,1,K,FIELD_FAULT_A,passive
D4,2,A,FIELD_FAULT_N,passive
U3,1,A,FIELD_FAULT_A,passive
U3,2,K,FIELD_FAULT_N,passive
U3,3,E,GND,passive
U3,4,C,FAULT_OC,open_collector
R18,1,1,FAULT_OC,passive
R18,2,2,FAULT_BASE,passive
R19,1,1,FAULT_BASE,passive
R19,2,2,V5,passive
Q2,1,B,FAULT_BASE,passive
Q2,2,E,V5,passive
Q2,3,C,FAULT_DRIVE,passive
R20,1,1,FAULT_DRIVE,passive
R20,2,2,LED_FAULT_A,passive
R22,1,1,V5,passive
R22,2,2,LED_PWR_A,passive
TP1,1,1,GND,passive
TP2,1,1,V5,passive
TP3,1,1,VIN_PROT,passive
TP4,1,1,PGOOD,passive
