kind,bearing_center_span_mm,cam_center_lateral_y_mm,follower_N,near_bearing_r_N,near_bearing_z_N,far_bearing_r_N,far_bearing_z_N,near_resultant_N,far_resultant_N,SKF607slash8_C0_ratio,near_resultant_mirrored_COM_same_positive_cam_y_N,far_resultant_mirrored_COM_same_positive_cam_y_N,worst_same_chirality_C0_ratio,moment_balance_residual_Nm,scope
upper,30.0,22.0,271.2190935068381,-12.258312499999999,-329.2679822494068,-12.258312499999999,68.5563010567191,329.4960855001822,69.64361162322902,2.8831905500724826,329.45983112238673,69.60789883350742,2.8831905500724826,0.0,static coplanar centered object; canonicalright plus reflected COM with cam kept positiveY; actual3D assembly and bearing retention not released
upper,30.0,25.0,271.2190935068381,-12.258312499999999,-356.38989160009066,-12.258312499999999,95.67821040740293,356.60064646614427,96.46028287389024,2.664044525477867,356.56438841380583,96.42429763182469,2.664044525477867,0.0,static coplanar centered object; canonicalright plus reflected COM with cam kept positiveY; actual3D assembly and bearing retention not released
upper,30.0,27.0,271.2190935068381,-12.258312499999999,-374.4711645005466,-12.258312499999999,113.7594833078588,374.6717486917623,114.4180329660437,2.5355527960597666,374.6354886201295,114.38196234791225,2.5355527960597666,-8.881784197001252e-16,static coplanar centered object; canonicalright plus reflected COM with cam kept positiveY; actual3D assembly and bearing retention not released
upper,30.0,30.0,271.2190935068381,-12.258312499999999,-401.59307385123043,-12.258312499999999,140.88139265854264,401.78011796333016,141.41369460825968,2.364477378362224,401.7438553582602,141.37755170850082,2.364477378362224,0.0,static coplanar centered object; canonicalright plus reflected COM with cam kept positiveY; actual3D assembly and bearing retention not released
upper,33.0,32.5,271.2190935068381,-12.258312499999999,-397.48204457857685,-12.258312499999999,136.7703633858891,397.6710223133104,137.31860225787258,2.3889092910861627,397.6380566276347,137.28575260607903,2.3889092910861627,1.7763568394002505e-15,static coplanar centered object; canonicalright plus reflected COM with cam kept positiveY; actual3D assembly and bearing retention not released
upper,32.0,32.0,271.2190935068381,-12.258312499999999,-401.5919401169774,-12.258312499999999,140.88025892428962,401.77898475687556,141.41256514158331,2.3644840473049227,401.7449885646224,141.3786811730591,2.3644840473049227,-1.7763568394002505e-15,static coplanar centered object; canonicalright plus reflected COM with cam kept positiveY; actual3D assembly and bearing retention not released
lower,30.0,22.0,271.2521067040486,-12.258312499999999,-329.4009378814749,-12.258312499999999,68.4114494948345,329.6289491269584,69.50102623222155,2.8820284217030414,329.65296829173985,69.52468533886082,2.881818431433806,8.881784197001252e-16,static coplanar centered object; canonicalright plus reflected COM with cam kept positiveY; actual3D assembly and bearing retention not released
lower,30.0,25.0,271.2521067040486,-12.258312499999999,-356.52614855187977,-12.258312499999999,95.53666016523937,356.7368229193402,96.31988196045555,2.663027584945441,356.76084451535763,96.34372235245199,2.662848276667046,8.881784197001252e-16,static coplanar centered object; canonicalright plus reflected COM with cam kept positiveY; actual3D assembly and bearing retention not released
lower,30.0,27.0,271.2521067040486,-12.258312499999999,-374.6096223321497,-12.258312499999999,113.62013394550928,374.81013242598374,114.27948662442935,2.5346166440353715,374.8341553581437,114.3033837650332,2.5344542017317,0.0,static coplanar centered object; canonicalright plus reflected COM with cam kept positiveY; actual3D assembly and bearing retention not released
lower,30.0,30.0,271.2521067040486,-12.258312499999999,-401.7348330025545,-12.258312499999999,140.74534461591415,401.92181114358306,141.27815916269608,2.3636438074783177,401.9458357521847,141.30210431946168,2.3635025306885185,0.0,static coplanar centered object; canonicalright plus reflected COM with cam kept positiveY; actual3D assembly and bearing retention not released
lower,33.0,32.5,271.2521067040486,-12.258312499999999,-397.62604513383997,-12.258312499999999,136.63655674719953,397.8149544626574,137.18533035670518,2.3880449674980126,397.83679480487893,137.20709368042728,2.3879138692184876,-1.7763568394002505e-15,static coplanar centered object; canonicalright plus reflected COM with cam kept positiveY; actual3D assembly and bearing retention not released
lower,32.0,32.0,271.2521067040486,-12.258312499999999,-401.73558412098043,-12.258312499999999,140.74609573434,401.9225619125816,141.27890744837907,2.363639392323105,401.94508498314565,141.30135603284688,2.3635069453326825,0.0,static coplanar centered object; canonicalright plus reflected COM with cam kept positiveY; actual3D assembly and bearing retention not released
