J2_deg,eye_length_mm,assist_lever_m,raw_min_Nm,raw_max_Nm,required_measured_force_min_N,required_measured_force_max_N,sampled_force_window_nonempty
-60,210.22725314132197,-0.02112377175761129,4.283637729630696,41.44825197305494,882.8088178114131,1282.140237094351,True
-59,210.59351979506218,-0.02084647103403609,3.9571185362170374,41.21389380127084,883.3098787418949,1283.5322819162352,True
-58,210.95490374730647,-0.02056427015647574,3.629393966163774,40.966981478186916,883.4245679497693,1285.209431944809,True
-57,211.31132024796378,-0.020277257792274454,3.3005638475496895,40.70759021568868,883.1366844145659,1287.1841012690527,True
-56,211.66268609467906,-0.019985522629695402,2.9707283452143614,40.43579902686746,882.4287137061596,1289.4698238675549,True
-55,212.00891963310278,-0.019689153367102922,2.6399879302469884,40.151690701952276,881.2817076707762,1292.0813534193244,True
-54,212.34994075697844,-0.019388238702910034,2.3084433493819265,39.85535178309112,879.6751496839802,1295.0347751605375,True
-53,212.68567090806096,-0.019082867326259138,1.9761955943102478,39.546872537989366,877.5868034750047,1298.3476314493241,True
-52,213.0160330758788,-0.018773127908404817,1.6433458709167077,39.24761830610703,876.125618828994,1302.0390629722024,True
-51,213.34095179735132,-0.0184591090947687,1.309995568451436,38.97214412137266,876.1064273657623,1306.1299678479172,True
-50,213.66035315627352,-0.018140899497637156,0.9762462286458007,38.70517632643756,876.7578657557307,1310.6431812679768,True
-49,213.9741647826782,-0.017818587689473638,0.6421995147818134,38.426418559847974,876.9729022395702,1315.6036787713726,True
-48,214.28231585208695,-0.017492262196818393,0.30795718072449496,38.135955733919985,876.7279818564227,1321.0388068003876,True
-47,214.5847370846597,-0.017162011494749205,-0.02637896007331797,37.83387632644414,875.9973346389975,1326.9785448456537,True
-46,214.8813607442517,-0.016827924001877707,-0.3607070655843554,37.52027235373427,874.7527236331553,1333.4558042876713,True
-45,215.1721206373885,-0.016490088075856668,-0.6949252962289698,37.19523934259842,872.9631567993052,1340.506770011455,True
-44,215.45695211216605,-0.016148592009374668,-1.0289318458964587,36.858876301240436,870.5945566696404,1348.171292052266,True
-43,215.73579205708552,-0.015803524026615254,-1.3626249729561994,36.511285689101136,867.609380414741,1356.493335976228,True
-42,216.00857889982979,-0.015454972280158645,-1.6986309658166743,36.15257338564818,863.9661814722529,1365.3449939391753,True
-41,216.27525260598998,-0.015103024848304777,-2.0562538624399807,35.78284865812411,859.6191020357988,1373.4828847804206,True
-40,216.5357546777484,-0.014747769732797384,-2.413250404217411,35.40222412826253,854.5172833988993,1382.3615343304925,True
-39,216.79002815252557,-0.01438929485692947,-2.7695118465440327,35.01081573798244,848.6041782722982,1392.0409827316773,True
-38,217.03801760159678,-0.014027688064011381,-3.1249296687333334,34.611713528064925,842.0285277349707,1402.5882413042732,True
-37,217.27966912868555,-0.013663037116183349,-3.4793956070736662,34.22681390333144,836.3304444073282,1414.0783069411275,True
-36,217.5149303685388,-0.013295429693555216,-3.8328016878064215,33.831488459520415,829.7203410332637,1426.5953601625738,True
-35,217.74375048549012,-0.012924953393656515,-4.185040260015887,33.42585761659163,822.1196079365927,1440.2341867724042,True
-34,217.96608017201558,-0.012551695731181058,-4.536004028420756,33.010044933629274,813.4394867671441,1455.1018733036708,True
-33,218.1818716472879,-0.01217574413801052,-4.8855860860573115,32.634189376076336,807.6869277644998,1471.3198397473757,True
-32,218.3910786557333,-0.011797185963502403,-5.246981080534066,32.277080987130276,803.3340337644958,1487.8988068655242,True
-31,218.59365646559547,-0.011416108475028174,-5.63917801057676,31.91014068664045,798.0075440390352,1503.2111885552918,True
-30,218.789561867511,-0.011032598858748067,-6.0296571923694895,31.549053733237727,793.0183853553552,1520.0718364134868,True
-29,218.97875317310047,-0.01064674422060955,-6.418299682170818,31.201966396501934,789.1582837350161,1538.6582018302017,True
-28,219.16119021357878,-0.010258631587557014,-6.872456516192555,30.845374638541532,784.254173656065,1552.5992280614128,True
-27,219.33683433838806,-0.009868347908940813,-7.325971686229719,30.479387080660373,778.1836586550397,1568.046491323099,True
-26,219.5056484138574,-0.009475980058114095,-7.777255294322977,30.104115206213997,770.8031424105443,1585.3499705092079,True
-25,219.66759682189135,-0.009081614834206624,-8.22616987511362,29.719673326650693,761.9430523068643,1604.7619714054479,True
-24,219.8226454586915,-0.008685338964065013,-8.672578684871608,29.326178546691146,751.4017096733653,1626.5826093350665,True
-23,219.97076173351272,-0.008287239104349304,-9.116345743149026,28.923750728657215,738.9373772796481,1651.1716489113398,True
-22,220.1119145674576,-0.007887401843776282,-9.55733587420106,28.512512455960668,724.2578188745694,1678.9640477425833,True
-21,220.2460743923113,-0.007485913705500265,-9.995414748161815,28.09258899576312,707.0064128410131,1710.4906302125862,True
-20,220.37321314941894,-0.007082861149622461,-10.43044892196253,27.664108260818445,686.7434159820733,1746.405981528638,True
-19,220.49330428860782,-0.006678330575820385,-10.862305879979582,27.22720077050929,662.9202792893254,1787.5266856723335,True
-18,220.60632276715657,-0.00627240832608917,-11.290854074400077,26.781999611089624,634.8438118301507,1834.8846770273717,True
-17,220.71224504881334,-0.0058651806875868575,-11.715962965292544,26.328640395145364,601.6251814054804,1889.8031663655056,True
-16,220.811049102864,-0.0054567338955761125,-12.137503060370708,25.867261220285474,562.1056989368982,1954.007130212745,True
-15,220.90271440325273,-0.005047154136455068,-12.555345954438046,25.398002627076103,514.7460443720156,2029.7882269070976,True
-14,220.98722192775634,-0.004636527550870246,-12.969364368501296,24.988813219314586,472.0802788940098,2120.2582155806576,True
-13,221.06455415721342,-0.00422494023690476,-13.379432188540848,24.608696217450518,428.09983479803947,2229.7517321477594,True
-12,221.1346950748098,-0.003812478253335246,-13.7854245039263,24.221083168328825,372.7452522740627,2364.492305808574,True
-11,221.19763016542132,-0.003399227622951122,-14.22876500292639,23.826092142639155,301.86038019670104,2521.524283693683,True
-10,221.25334641501533,-0.002985274335930016,-14.675856691336222,23.423843458474302,208.97357772646794,2721.4059394420206,True
-9,221.30183231011102,-0.0025707043532633487,-15.118477971629655,23.01445964468013,83.42446863167534,2988.1001362988836,True
-8,221.34307783730057,-0.002155603610226217,-15.556494017076945,22.598065403532114,0.0,3360.314460673452,True
-7,221.37707448283058,-0.0017400580198858493,-15.989771403747493,22.174787572749803,0.0,3913.793976076309,True
-6,221.40381523224562,-0.0013241534766430458,-16.418178151152066,21.74475508686084,0.0,4819.548459765358,True
-5,221.42329457009333,-0.000907975859801094,-16.84158376244533,21.308098937926253,0.0,6562.306886506819,True
-4,221.43550847969226,-0.0004916110371567563,-17.259859264176473,20.86495213563898,0.0,11269.357921386507,True
-3,221.44045444296262,-7.514486860797682e-05,-17.672877245575734,20.415449666807863,0.0,68229.84522299118,True
-2,221.43813144031992,0.0003413367902269728,-18.080511897364993,19.95972845423934,0.0,8321.023772069851,True
-1,221.42853995063186,0.0007577480843841698,-18.482639050080458,19.49792731502942,0.0,4357.744681933724,True
0,221.41168195123862,0.0011740031559277758,-18.879136211895922,19.030186918278673,0.0,3211.075764734354,True
1,221.38756091803629,0.001590016140328057,-19.269882605934946,18.556649742243064,0.0,2668.746656170066,True
2,221.35618182562368,0.002005701162848941,-19.704622836965893,18.077460030933665,0.0,2354.55812487955,True
3,221.31755114751147,0.0024209723349503834,-20.150406393075844,17.62413787663051,0.0,2137.9270009194747,True
4,221.27167685639495,0.0028357437507108667,-20.62076900185085,17.209779402210078,0.0,1971.3419438510837,True
5,221.21856842448796,0.003249929483275418,-21.111325238235203,16.790178662268858,0.0,1849.2159195017944,True
6,221.1582368239191,0.0036634435813346113,-21.595450760441985,16.365463471256998,0.0,1756.4175306335326,True
7,221.09069452718933,0.004076200065640107,-22.07299809914731,15.93576320153599,0.0,1683.979365077137,True
8,221.01595550768923,0.004488112925562425,-22.5438217888057,15.501208743970587,0.0,1626.249467667922,True
9,220.93403524027678,0.004899096115696726,-23.007778411960317,15.06193246805819,42.411581045448955,1579.4888177737537,True
10,220.84495070191326,0.00530906355252258,-23.464726642929293,14.618068181607805,125.20600598451111,1541.1252356368166,True
11,220.74872037235747,0.005717929111123826,-23.914527290854924,14.169751089980899,194.91799726699813,1509.3312180505286,True
12,220.64536423491614,0.00612560662197482,-24.35704334210253,13.717117754906521,254.18598323255637,1482.7726959334634,True
13,220.53490377725015,0.006532009867799574,-24.80698068776942,13.260306052883298,307.25316225609265,1460.4530826176358,True
14,220.4173619922348,0.006937052580510491,-25.25191621396597,12.799455133180897,353.4521593298252,1441.6129546019922,True
15,220.29276337887254,0.0073406484382336785,-25.68915976186294,12.334705375453822,393.58372576662094,1425.6635108743008,True
16,220.16113394325725,0.0077427110624279805,-26.118578142839972,11.866198346980411,428.60673943311565,1412.1412467625955,True
17,220.02250119958748,0.008143154015105274,-26.540040551898343,11.415203928479558,459.2864810073215,1398.0818796257608,True
18,219.8768941712277,0.008541890796159732,-26.953418607505455,11.009824293676449,486.2411270081737,1380.2770355743937,True
19,219.7243433918145,0.008938834840814194,-27.358586390701106,10.601090959738926,509.9754578624574,1364.709076462804,True
20,219.56488090640727,0.00933389951719195,-27.755420483453562,10.189128430799988,530.9057028443747,1351.0828508462366,True
21,219.39854027267899,0.009726998124022813,-28.14380000625396,9.774062194636727,549.378126542078,1339.152906094744,True
22,219.22535656214671,0.01011804388849246,-28.523606654937346,9.356018684445512,565.6831219567022,1328.7134809569973,True
23,219.04536636143777,0.010506949964244663,-28.894724736719255,8.93512524032923,580.0660284344848,1319.5908238692662,True
24,218.85860777358957,0.010893629429546225,-29.258103465729114,8.511510070508237,592.8330413198319,1311.6372299885504,True
25,218.66512041937992,0.011277995285625052,-29.663700257699077,8.085302212266921,608.5922261776043,1304.7263644885943,True
26,218.4649454386849,0.01165996045519203,-30.07138645463109,7.656631492647666,623.6201642856545,1298.749559704483,True
27,218.2581254918607,0.012039437781158088,-30.51701379609805,7.245434582380489,640.9779207609924,1291.9677563318326,True
28,218.04470476114594,0.012416340025558085,-30.953345359537764,6.87536491370154,656.6625384577683,1282.5546862858798,True
29,217.82472895208113,0.012790579868693827,-31.38024823412918,6.503200942266718,670.8255858774754,1274.1251159082524,True
30,217.59824529494114,0.013162069908508992,-31.797592381121184,6.129056032826966,683.6001057329468,1266.5898360253832,True
31,217.3653025461759,0.013530722660209335,-32.205250673443715,5.753044153546112,695.1033518041381,1259.8703169480348,True
32,217.12595098985642,0.013896450556141962,-32.60309893443183,5.3752798412850975,705.4390540107414,1253.8971795940738,True
33,216.8802424391196,0.0142591659459484,-32.99101597565122,4.995878166712924,714.6993038920974,1248.6089229044944,True
34,216.62823023760845,0.014618781097006386,-33.368883633813276,4.61495469925501,722.9661326536695,1243.9508588352073,True
35,216.36996926090174,0.01497520819517627,-33.73658680676883,4.2326254718896354,730.3128386750348,1239.8742165128083,True
36,216.10551591792807,0.015328359345868472,-34.094013488569395,3.8740202852768437,736.805109648837,1234.7035509592465,True
37,215.834928152358,0.015678146575449026,-34.44105480358522,3.521772037348436,742.5019754448758,1229.6241695328983,True
38,215.55826544396893,0.016024481833001133,-34.77760503966988,3.1684510235412784,747.4566207191151,1225.097271852443,True
39,215.27558880997594,0.016367276992461245,-35.13327692797104,2.81416486885888,753.532608609956,1221.0849208665916,True
40,214.9869608063217,0.016706443855149015,-35.50930405545243,2.459021492295996,760.7426311456077,1217.5528606846397,True
41,214.69244552891868,0.017041894152711137,-35.87451470493218,2.1031290739654835,767.1984456523691,1214.4701017722211,True
42,214.3921086148368,0.017373539550499983,-36.22879762970858,1.7481646288295156,772.9454087737763,1211.7182747924642,True
43,214.08601724342714,0.01770129165140879,-36.572044911770725,1.4251698814809295,778.0248573371566,1207.5294017777464,True
44,213.77424013737559,0.018025062000185756,-36.904151994671395,1.1017410135805132,782.4745343192742,1203.7827656956674,True
45,213.45684756367606,0.01834476208825059,-37.225017715375934,0.7779765446945568,786.3289611487975,1200.4529330696557,True
46,213.13391133451557,0.01866030335903761,-37.53454433507753,0.4554930615577373,789.6197640292515,1197.4353529263667,True
47,212.80550480806107,0.018971597213890606,-37.83263756896936,0.149717504380952,792.3759607315918,1193.904880029552,True
48,212.4717028891384,0.019278555018535443,-38.119206614964696,-0.15610365819801153,794.6242132896363,1190.7585208604469,True
49,212.13258202979324,0.01958108811015734,-38.394164181356075,-0.4618772700904792,796.3890511920468,1187.97674262156,True
50,211.78822022972273,0.019879107805110773,-38.657426513405184,-0.7675101896921728,797.6930689680327,1185.5416460709137,True
51,211.43869703656688,0.020172525407290722,-38.90891341885541,-1.0729093182550482,798.5571014838506,1183.4368199445637,True
52,211.0840935460483,0.020461252217195063,-39.14854829235915,-1.377981628246074,799.0003797822446,1181.6472115977133,True
53,210.72449240194692,0.02074519954170888,-39.37625813881253,-1.68263419168433,799.0406698901805,1180.1590118456666,True
54,210.35997779589772,0.021024278704642296,-39.59197359559045,-1.9867742084477555,798.6943966778122,1178.959552271093,True
55,209.9906354669977,0.02129840105805461,-39.79562895367509,-2.290309034540975,797.9767545624135,1178.0372135049238,True
56,209.61655270120812,0.021567477994398277,-39.987162177671536,-2.5931462103155507,796.9018066060185,1177.3813431923247,True
57,209.23781833053727,0.021831420959517372,-40.204366232859094,-2.881145689210924,797.2163729118919,1176.3387155069845,True
58,208.8545227319887,0.022090141466536154,-40.484503190756605,-3.1577032566978875,800.5608844808193,1175.080897332442,True
59,208.46675782625923,0.022343551110674178,-40.77684400746646,-3.4332989571835046,804.565215189916,1174.088166524751,True
60,208.07461707616963,0.022591561585025503,-41.05676380247746,-3.707848841547645,808.1231451737581,1173.3517730406913,True
61,207.67819548481165,0.022834084697340412,-41.32417730950844,-3.9812692792359154,811.2511429751347,1172.8637094157423,True
62,207.27758959339255,0.023071032387848852,-41.579003071814654,-4.253476983734308,813.9645749752082,1172.6166618353388,True
63,206.8728974787599,0.023302316748165918,-41.82116346700034,-4.518274749770322,816.2777835597595,1172.3415763765418,True
64,206.46421875058613,0.02352785004132038,-42.05058473066326,-4.752553372562243,818.2041579173087,1171.0612454675436,True
65,206.05165454819348,0.023747544722948124,-42.26719697886408,-4.985384321557865,819.7561982082387,1170.0318767989445,True
66,205.63530753699885,0.02396131346369313,-42.470934229413594,-5.216696674194636,820.9455737566121,1169.2471164673982,True
67,205.2152819045565,0.02416906917285949,-42.66173442197165,-5.446419970489175,821.7831758401051,1168.7011927711442,True
68,204.79168335617692,0.024370725023358318,-42.83953943695127,-5.674484234500046,822.2791655867526,1168.388884910418,True
69,204.36461911009872,0.024566194477994435,-43.00429511322247,-5.900819995643123,822.4430174287186,1168.3054948275503,True
70,203.9341978921893,0.02475539131713794,-43.18952300195201,-6.125358309853002,823.6396969348864,1168.4468219182718,True
71,203.5005299301508,0.024938229667826335,-43.37080405159459,-6.348030780584022,824.8702624682974,1168.8091403773099,True
72,203.0637269472047,0.025114624034343374,-43.53887393418063,-6.5687695796445205,825.7688391361519,1169.3891789693428,True
73,202.62390215522976,0.0252844893303209,-43.69368145399578,-6.78750746785796,826.3438181818562,1170.1841030412636,True
74,202.18117024732618,0.02544774091241034,-43.83517945516985,-7.0041778155446295,826.6030186165336,1171.19149861392,True
75,201.73564738977768,0.025604294615570407,-43.963324836040954,-7.218714622817689,826.5537150619715,1172.4093584114128,True
76,201.28745121338363,0.025754066790017606,-44.0780785622847,-7.372630605199383,826.2026628948629,1171.5676149793335,True
77,200.83670080413114,0.02589697433988602,-44.17940567880445,-7.504168394919747,825.5561208892385,1170.1818134115326,True
78,200.38351669317746,0.02603293476364236,-44.26727532037892,-7.633420342252503,824.6198715313556,1169.035324621021,True
79,199.92802084611077,0.026161866196302026,-44.34166072106409,-7.760347075802409,823.3992391608897,1168.1256545881315,True
80,199.47033665145906,0.026283687453490905,-44.4025392223463,-7.884909932456854,821.8991060737609,1167.4507234479154,True
81,199.01058890841253,0.026398318077397277,-44.449892280044324,-8.007070969163035,820.1239267050637,1167.0088555960167,True
82,198.54890381372792,0.026505678384656752,-44.48370546995808,-8.126792974485772,818.077739995142,1166.7987714054605,True
83,198.08540894777963,0.026605689516212144,-44.50396849226234,-8.244039479942467,815.7641800276234,1166.8195804895724,True
84,197.62023325972285,0.026698273489188747,-44.51067517464425,-8.358774771111769,813.1864850150633,1167.0707764578585,True
85,197.15350705173415,0.026783353250823583,-44.50382347418336,-8.470963898512524,810.3475046955136,1167.5522331226748,True
86,196.68536196229175,0.026860852734485557,-44.48341547797402,-8.580572688249719,807.2497061917757,1168.2642021249565,True
87,196.2159309484601,0.026930696917821042,-44.44945740248957,-8.687567752424197,803.8951783740629,1169.207311957371,True
88,195.74534826714086,0.026992811883056834,-44.40195959168876,-8.79191649930293,800.2856347562712,1170.3825683730608,True
89,195.2737494552519,0.0270471248794901,-44.34127352899005,-8.89358714324677,796.4348752397283,1171.7913561777536,True
90,194.8012713087971,0.027093564388191188,-44.34630303639547,-8.992548714392662,795.2553871349054,1173.435442412647,True
91,194.32805186078662,0.02713206018894245,-44.35796755290408,-9.088771068087373,794.5569707120851,1175.3169809450555,True
92,193.85423035796958,0.02716254342943195,-44.37482646563135,-9.182224894069844,794.2859446017109,1177.4385184936523,True
93,193.37994723633955,0.027184946696717102,-44.378168376348576,-9.272881725399372,793.75430149195,1179.803002125163,True
94,192.90534409537227,0.027199204090968904,-44.36799226707742,-9.360713947126921,792.9640953809657,1182.4137882698344,True
95,192.43056367095693,0.027205251301502194,-44.34430123755931,-9.428993594306021,791.9170089184103,1184.6607567461224,True
96,191.95574980698,0.02720302568509279,-44.30710250431134,-9.27727645929014,790.6143512593598,1179.1804643579935,True
97,191.48104742552292,0.027192466346575964,-44.316394284694304,-9.122733375993766,791.26306567641,1173.9550568576296,True
98,191.00660249563225,0.027173514221715427,-44.3256263085195,-8.96541141973716,792.154674323188,1168.9842970090401,True
99,190.53256200062486,0.027146112162324987,-44.32135631717914,-8.805358512312212,792.7970012239091,1164.2683240724261,True
100,190.0590739038873,0.02711020502361839,-44.30358561135393,-8.642623407384988,793.1915525028314,1159.807658407312,True
101,189.58628711313162,0.027065739753755612,-44.27231960417305,-8.477255675644905,793.3394689939547,1155.603207605102,True
102,189.11435144306938,0.027012665485545824,-44.227567819565145,-8.309305689704999,793.241519650506,1151.6562742151914,True
103,188.64341757646673,0.026950933630259445,-44.16934388935733,-8.138824608757957,792.898093347114,1147.968565141694,True
104,188.17363702354416,0.026880497973492606,-44.09766554912277,-7.965864362992522,792.3091889936275,1144.5422028018736,True
105,187.7051620796856,0.026801314773018656,-44.012554632778276,-7.79047763777506,791.4744038651909,1141.3797381526604,True
106,187.23814578142287,0.02671334285855154,-43.91403706593344,-7.612717857601083,790.3929200374997,1138.484165708422,True
107,186.77274186066288,0.026616543733336055,-43.802142857993495,-7.432639169821624,789.0634887988567,1135.8589406917085,True
108,186.30910469712654,0.02651088167746952,-43.67690609301812,-7.250296428149445,787.4844128915003,1133.507998479278,True
109,185.8473892689701,0.026396323852848777,-43.53836491933912,-7.0657451759500525,785.6535264133366,1131.435776528664,True
110,185.3877511015612,0.02627284040962489,-43.386561537940075,-6.879041629322656,783.5681721873633,1129.6472389962803,True
