ref,MPN,side,head_x_mm,head_y_mm,mount_z_mm,projection_rotation_deg,native_rotation_deg,status
C1,C2012X5R1V226M125AC,B,-10.0,-4.799999999999997,-3,0,180.0,candidate-not-fabrication-release
C10,C2012X5R1V226M125AC,B,10.0,-4.799999999999997,-3,0,180.0,candidate-not-fabrication-release
C11,C2012X5R1V226M125AC,B,10.0,-7.5,-3,0,180.0,candidate-not-fabrication-release
C12,C1608X7R1E105K080AB,B,9.799999999999997,-1.7000000000000028,-3,0,180.0,candidate-not-fabrication-release
C13,C1608X7R1E105K080AB,B,14.0,6.700001,-3,180,0.0,candidate-not-fabrication-release
C14,C1608X7R1E105K080AB,B,8.600000000000001,8.0,-3,90,90.0,candidate-not-fabrication-release
C15,C1608X7R1H104K080AA,B,5.899999999999999,-0.7999999999999972,-3,0,180.0,candidate-not-fabrication-release
C16,C1608X7R1H104K080AA,B,16.799999999999997,6.5,-3,180,0.0,candidate-not-fabrication-release
C17,C1608C0G1H102J080AA,B,11.399999999999999,8.0,-3,90,90.0,candidate-not-fabrication-release
C2,C2012X5R1V226M125AC,B,-10.0,-7.5,-3,0,180.0,candidate-not-fabrication-release
C3,C1608X7R1E105K080AB,B,-10.2,-1.7000000000000028,-3,0,180.0,candidate-not-fabrication-release
C4,C1608X7R1E105K080AB,B,-6.0,6.700001,-3,180,0.0,candidate-not-fabrication-release
C5,C1608X7R1E105K080AB,B,-11.399999999999999,8.0,-3,90,90.0,candidate-not-fabrication-release
C6,C1608X7R1H104K080AA,B,-14.100000000000001,-0.7999999999999972,-3,0,180.0,candidate-not-fabrication-release
C7,C1608X7R1H104K080AA,B,-3.200000000000003,6.5,-3,180,0.0,candidate-not-fabrication-release
C8,C1608C0G1H102J080AA,B,-8.600000000000001,8.0,-3,90,90.0,candidate-not-fabrication-release
C9,C1608X7R1H104K080AA,B,0.0,16.0,-3,0,180.0,candidate-not-fabrication-release
D1,150060YS75000,F,-25.2,-5.600000000000001,-2,0,0.0,candidate-not-fabrication-release
D10,150060YS75000,F,-19.6,-5.600000000000001,-2,0,0.0,candidate-not-fabrication-release
D100,150060YS75000,F,8.399999999999999,-2.799999999999997,-2,0,0.0,candidate-not-fabrication-release
D101,150060YS75000,F,8.399999999999999,2.799999999999997,-2,0,0.0,candidate-not-fabrication-release
D102,150060YS75000,F,8.399999999999999,8.399999999999999,-2,0,0.0,candidate-not-fabrication-release
D103,150060YS75000,F,8.399999999999999,14.0,-2,0,0.0,candidate-not-fabrication-release
D104,150060YS75000,F,8.399999999999999,19.6,-2,0,0.0,candidate-not-fabrication-release
D105,150060YS75000,F,8.399999999999999,25.2,-2,0,0.0,candidate-not-fabrication-release
D106,150060YS75000,F,11.200000000000003,-19.6,-2,0,0.0,candidate-not-fabrication-release
D107,150060YS75000,F,11.200000000000003,-14.0,-2,0,0.0,candidate-not-fabrication-release
D108,150060YS75000,F,11.200000000000003,-8.399999999999999,-2,0,0.0,candidate-not-fabrication-release
D109,150060YS75000,F,11.200000000000003,-2.799999999999997,-2,0,0.0,candidate-not-fabrication-release
D11,150060YS75000,F,-19.6,0.0,-2,0,0.0,candidate-not-fabrication-release
D110,150060YS75000,F,11.200000000000003,2.799999999999997,-2,0,0.0,candidate-not-fabrication-release
D111,150060YS75000,F,11.200000000000003,8.399999999999999,-2,0,0.0,candidate-not-fabrication-release
D112,150060YS75000,F,11.200000000000003,14.0,-2,0,0.0,candidate-not-fabrication-release
D113,150060YS75000,F,11.200000000000003,19.6,-2,0,0.0,candidate-not-fabrication-release
D114,150060YS75000,F,14.0,-22.4,-2,0,0.0,candidate-not-fabrication-release
D115,150060YS75000,F,14.0,-16.799999999999997,-2,0,0.0,candidate-not-fabrication-release
D116,150060YS75000,F,14.0,-11.200000000000003,-2,0,0.0,candidate-not-fabrication-release
D117,150060YS75000,F,14.0,-5.600000000000001,-2,0,0.0,candidate-not-fabrication-release
D118,150060YS75000,F,14.0,0.0,-2,0,0.0,candidate-not-fabrication-release
D119,150060YS75000,F,14.0,5.600000000000001,-2,0,0.0,candidate-not-fabrication-release
D12,150060YS75000,F,-19.6,5.600000000000001,-2,0,0.0,candidate-not-fabrication-release
D120,150060YS75000,F,14.0,11.2,-2,0,0.0,candidate-not-fabrication-release
D121,150060YS75000,F,14.0,16.8,-2,0,0.0,candidate-not-fabrication-release
D122,150060YS75000,F,14.0,22.4,-2,0,0.0,candidate-not-fabrication-release
D123,150060YS75000,F,16.799999999999997,-16.799999999999997,-2,0,0.0,candidate-not-fabrication-release
D124,150060YS75000,F,16.799999999999997,-11.200000000000003,-2,0,0.0,candidate-not-fabrication-release
D125,150060YS75000,F,16.799999999999997,-5.600000000000001,-2,0,0.0,candidate-not-fabrication-release
D126,150060YS75000,F,16.799999999999997,0.0,-2,0,0.0,candidate-not-fabrication-release
D127,150060YS75000,F,16.799999999999997,5.600000000000001,-2,0,0.0,candidate-not-fabrication-release
D128,150060YS75000,F,16.799999999999997,11.2,-2,0,0.0,candidate-not-fabrication-release
D129,150060YS75000,F,16.799999999999997,16.8,-2,0,0.0,candidate-not-fabrication-release
D13,150060YS75000,F,-19.6,11.2,-2,0,0.0,candidate-not-fabrication-release
D130,150060YS75000,F,19.6,-16.799999999999997,-2,0,0.0,candidate-not-fabrication-release
D131,150060YS75000,F,19.6,-11.200000000000003,-2,0,0.0,candidate-not-fabrication-release
D132,150060YS75000,F,19.6,-5.600000000000001,-2,0,0.0,candidate-not-fabrication-release
D133,150060YS75000,F,19.6,0.0,-2,0,0.0,candidate-not-fabrication-release
D134,150060YS75000,F,19.6,5.600000000000001,-2,0,0.0,candidate-not-fabrication-release
D135,150060YS75000,F,19.6,11.2,-2,0,0.0,candidate-not-fabrication-release
D136,150060YS75000,F,19.6,16.8,-2,0,0.0,candidate-not-fabrication-release
D137,150060YS75000,F,22.4,-8.399999999999999,-2,0,0.0,candidate-not-fabrication-release
D138,150060YS75000,F,22.4,-2.799999999999997,-2,0,0.0,candidate-not-fabrication-release
D139,150060YS75000,F,22.4,2.799999999999997,-2,0,0.0,candidate-not-fabrication-release
D14,150060YS75000,F,-19.6,16.8,-2,0,0.0,candidate-not-fabrication-release
D140,150060YS75000,F,22.4,8.399999999999999,-2,0,0.0,candidate-not-fabrication-release
D141,150060YS75000,F,25.200000000000003,-5.600000000000001,-2,0,0.0,candidate-not-fabrication-release
D142,150060YS75000,F,25.200000000000003,0.0,-2,0,0.0,candidate-not-fabrication-release
D143,150060YS75000,F,25.200000000000003,5.600000000000001,-2,0,0.0,candidate-not-fabrication-release
D144,150060YS75000,F,-25.2,-2.799999999999997,-2,0,0.0,candidate-not-fabrication-release
D145,150060YS75000,F,-25.2,2.799999999999997,-2,0,0.0,candidate-not-fabrication-release
D146,150060YS75000,F,-22.4,-11.200000000000003,-2,0,0.0,candidate-not-fabrication-release
D147,150060YS75000,F,-22.4,-5.600000000000001,-2,0,0.0,candidate-not-fabrication-release
D148,150060YS75000,F,-22.4,0.0,-2,0,0.0,candidate-not-fabrication-release
D149,150060YS75000,F,-22.4,5.600000000000001,-2,0,0.0,candidate-not-fabrication-release
D15,150060YS75000,F,-16.8,-16.799999999999997,-2,0,0.0,candidate-not-fabrication-release
D150,150060YS75000,F,-22.4,11.2,-2,0,0.0,candidate-not-fabrication-release
D151,150060YS75000,F,-19.6,-14.0,-2,0,0.0,candidate-not-fabrication-release
D152,150060YS75000,F,-19.6,-8.399999999999999,-2,0,0.0,candidate-not-fabrication-release
D153,150060YS75000,F,-19.6,-2.799999999999997,-2,0,0.0,candidate-not-fabrication-release
D154,150060YS75000,F,-19.6,2.799999999999997,-2,0,0.0,candidate-not-fabrication-release
D155,150060YS75000,F,-19.6,8.399999999999999,-2,0,0.0,candidate-not-fabrication-release
D156,150060YS75000,F,-19.6,14.0,-2,0,0.0,candidate-not-fabrication-release
D157,150060YS75000,F,-16.8,-19.6,-2,0,0.0,candidate-not-fabrication-release
D158,150060YS75000,F,-16.8,-14.0,-2,0,0.0,candidate-not-fabrication-release
D159,150060YS75000,F,-16.8,-8.399999999999999,-2,0,0.0,candidate-not-fabrication-release
D16,150060YS75000,F,-16.8,-11.200000000000003,-2,0,0.0,candidate-not-fabrication-release
D160,150060YS75000,F,-16.8,-2.799999999999997,-2,0,0.0,candidate-not-fabrication-release
D161,150060YS75000,F,-16.8,2.799999999999997,-2,0,0.0,candidate-not-fabrication-release
D162,150060YS75000,F,-16.8,8.399999999999999,-2,0,0.0,candidate-not-fabrication-release
D163,150060YS75000,F,-16.8,14.0,-2,0,0.0,candidate-not-fabrication-release
D164,150060YS75000,F,-16.8,19.6,-2,0,0.0,candidate-not-fabrication-release
D165,150060YS75000,F,-14.0,-19.6,-2,0,0.0,candidate-not-fabrication-release
D166,150060YS75000,F,-14.0,-14.0,-2,0,0.0,candidate-not-fabrication-release
D167,150060YS75000,F,-14.0,-8.399999999999999,-2,0,0.0,candidate-not-fabrication-release
D168,150060YS75000,F,-14.0,-2.799999999999997,-2,0,0.0,candidate-not-fabrication-release
D169,150060YS75000,F,-14.0,2.799999999999997,-2,0,0.0,candidate-not-fabrication-release
D17,150060YS75000,F,-16.8,-5.600000000000001,-2,0,0.0,candidate-not-fabrication-release
D170,150060YS75000,F,-14.0,8.399999999999999,-2,0,0.0,candidate-not-fabrication-release
D171,150060YS75000,F,-14.0,14.0,-2,0,0.0,candidate-not-fabrication-release
D172,150060YS75000,F,-14.0,19.6,-2,0,0.0,candidate-not-fabrication-release
D173,150060YS75000,F,-11.2,-22.4,-2,0,0.0,candidate-not-fabrication-release
D174,150060YS75000,F,-11.2,-16.799999999999997,-2,0,0.0,candidate-not-fabrication-release
D175,150060YS75000,F,-11.2,-11.200000000000003,-2,0,0.0,candidate-not-fabrication-release
D176,150060YS75000,F,-11.2,-5.600000000000001,-2,0,0.0,candidate-not-fabrication-release
D177,150060YS75000,F,-11.2,0.0,-2,0,0.0,candidate-not-fabrication-release
D178,150060YS75000,F,-11.2,5.600000000000001,-2,0,0.0,candidate-not-fabrication-release
D179,150060YS75000,F,-11.2,11.2,-2,0,0.0,candidate-not-fabrication-release
D18,150060YS75000,F,-16.8,0.0,-2,0,0.0,candidate-not-fabrication-release
D180,150060YS75000,F,-11.2,16.8,-2,0,0.0,candidate-not-fabrication-release
D181,150060YS75000,F,-11.2,22.4,-2,0,0.0,candidate-not-fabrication-release
D182,150060YS75000,F,-8.399999999999999,-22.4,-2,0,0.0,candidate-not-fabrication-release
D183,150060YS75000,F,-8.399999999999999,-16.799999999999997,-2,0,0.0,candidate-not-fabrication-release
D184,150060YS75000,F,-8.399999999999999,-11.200000000000003,-2,0,0.0,candidate-not-fabrication-release
D185,150060YS75000,F,-8.399999999999999,-5.600000000000001,-2,0,0.0,candidate-not-fabrication-release
D186,150060YS75000,F,-8.399999999999999,0.0,-2,0,0.0,candidate-not-fabrication-release
D187,150060YS75000,F,-8.399999999999999,5.600000000000001,-2,0,0.0,candidate-not-fabrication-release
D188,150060YS75000,F,-8.399999999999999,11.2,-2,0,0.0,candidate-not-fabrication-release
D189,150060YS75000,F,-8.399999999999999,16.8,-2,0,0.0,candidate-not-fabrication-release
D19,150060YS75000,F,-16.8,5.600000000000001,-2,0,0.0,candidate-not-fabrication-release
D190,150060YS75000,F,-8.399999999999999,22.4,-2,0,0.0,candidate-not-fabrication-release
D191,150060YS75000,F,-5.600000000000001,-25.200000000000003,-2,0,0.0,candidate-not-fabrication-release
D192,150060YS75000,F,-5.600000000000001,-19.6,-2,0,0.0,candidate-not-fabrication-release
D193,150060YS75000,F,-5.600000000000001,-14.0,-2,0,0.0,candidate-not-fabrication-release
D194,150060YS75000,F,-5.600000000000001,-8.399999999999999,-2,0,0.0,candidate-not-fabrication-release
D195,150060YS75000,F,-5.600000000000001,-2.799999999999997,-2,0,0.0,candidate-not-fabrication-release
D196,150060YS75000,F,-5.600000000000001,2.799999999999997,-2,0,0.0,candidate-not-fabrication-release
D197,150060YS75000,F,-5.600000000000001,8.399999999999999,-2,0,0.0,candidate-not-fabrication-release
D198,150060YS75000,F,-5.600000000000001,14.0,-2,0,0.0,candidate-not-fabrication-release
D199,150060YS75000,F,-5.600000000000001,19.6,-2,0,0.0,candidate-not-fabrication-release
D2,150060YS75000,F,-25.2,0.0,-2,0,0.0,candidate-not-fabrication-release
D20,150060YS75000,F,-16.8,11.2,-2,0,0.0,candidate-not-fabrication-release
D200,150060YS75000,F,-5.600000000000001,25.2,-2,0,0.0,candidate-not-fabrication-release
D201,150060YS75000,F,-2.799999999999997,-22.4,-2,0,0.0,candidate-not-fabrication-release
D202,150060YS75000,F,-2.799999999999997,-16.799999999999997,-2,0,0.0,candidate-not-fabrication-release
D203,150060YS75000,F,-2.799999999999997,-11.200000000000003,-2,0,0.0,candidate-not-fabrication-release
D204,150060YS75000,F,-2.799999999999997,-5.600000000000001,-2,0,0.0,candidate-not-fabrication-release
D205,150060YS75000,F,-2.799999999999997,0.0,-2,0,0.0,candidate-not-fabrication-release
D206,150060YS75000,F,-2.799999999999997,5.600000000000001,-2,0,0.0,candidate-not-fabrication-release
D207,150060YS75000,F,-2.799999999999997,11.2,-2,0,0.0,candidate-not-fabrication-release
D208,150060YS75000,F,-2.799999999999997,16.8,-2,0,0.0,candidate-not-fabrication-release
D209,150060YS75000,F,-2.799999999999997,22.4,-2,0,0.0,candidate-not-fabrication-release
D21,150060YS75000,F,-16.8,16.8,-2,0,0.0,candidate-not-fabrication-release
D210,150060YS75000,F,0.0,-25.200000000000003,-2,0,0.0,candidate-not-fabrication-release
D211,150060YS75000,F,0.0,-19.6,-2,0,0.0,candidate-not-fabrication-release
D212,150060YS75000,F,0.0,-14.0,-2,0,0.0,candidate-not-fabrication-release
D213,150060YS75000,F,0.0,-8.399999999999999,-2,0,0.0,candidate-not-fabrication-release
D214,150060YS75000,F,0.0,-2.799999999999997,-2,0,0.0,candidate-not-fabrication-release
D215,150060YS75000,F,0.0,2.799999999999997,-2,0,0.0,candidate-not-fabrication-release
D216,150060YS75000,F,0.0,8.399999999999999,-2,0,0.0,candidate-not-fabrication-release
D217,150060YS75000,F,0.0,14.0,-2,0,0.0,candidate-not-fabrication-release
D218,150060YS75000,F,0.0,19.6,-2,0,0.0,candidate-not-fabrication-release
D219,150060YS75000,F,0.0,25.2,-2,0,0.0,candidate-not-fabrication-release
D22,150060YS75000,F,-14.0,-22.4,-2,0,0.0,candidate-not-fabrication-release
D220,150060YS75000,F,2.799999999999997,-22.4,-2,0,0.0,candidate-not-fabrication-release
D221,150060YS75000,F,2.799999999999997,-16.799999999999997,-2,0,0.0,candidate-not-fabrication-release
D222,150060YS75000,F,2.799999999999997,-11.200000000000003,-2,0,0.0,candidate-not-fabrication-release
D223,150060YS75000,F,2.799999999999997,-5.600000000000001,-2,0,0.0,candidate-not-fabrication-release
D224,150060YS75000,F,2.799999999999997,0.0,-2,0,0.0,candidate-not-fabrication-release
D225,150060YS75000,F,2.799999999999997,5.600000000000001,-2,0,0.0,candidate-not-fabrication-release
D226,150060YS75000,F,2.799999999999997,11.2,-2,0,0.0,candidate-not-fabrication-release
D227,150060YS75000,F,2.799999999999997,16.8,-2,0,0.0,candidate-not-fabrication-release
D228,150060YS75000,F,2.799999999999997,22.4,-2,0,0.0,candidate-not-fabrication-release
D229,150060YS75000,F,5.600000000000001,-25.200000000000003,-2,0,0.0,candidate-not-fabrication-release
D23,150060YS75000,F,-14.0,-16.799999999999997,-2,0,0.0,candidate-not-fabrication-release
D230,150060YS75000,F,5.600000000000001,-19.6,-2,0,0.0,candidate-not-fabrication-release
D231,150060YS75000,F,5.600000000000001,-14.0,-2,0,0.0,candidate-not-fabrication-release
D232,150060YS75000,F,5.600000000000001,-8.399999999999999,-2,0,0.0,candidate-not-fabrication-release
D233,150060YS75000,F,5.600000000000001,-2.799999999999997,-2,0,0.0,candidate-not-fabrication-release
D234,150060YS75000,F,5.600000000000001,2.799999999999997,-2,0,0.0,candidate-not-fabrication-release
D235,150060YS75000,F,5.600000000000001,8.399999999999999,-2,0,0.0,candidate-not-fabrication-release
D236,150060YS75000,F,5.600000000000001,14.0,-2,0,0.0,candidate-not-fabrication-release
D237,150060YS75000,F,5.600000000000001,19.6,-2,0,0.0,candidate-not-fabrication-release
D238,150060YS75000,F,5.600000000000001,25.2,-2,0,0.0,candidate-not-fabrication-release
D239,150060YS75000,F,8.399999999999999,-22.4,-2,0,0.0,candidate-not-fabrication-release
D24,150060YS75000,F,-14.0,-11.200000000000003,-2,0,0.0,candidate-not-fabrication-release
D240,150060YS75000,F,8.399999999999999,-16.799999999999997,-2,0,0.0,candidate-not-fabrication-release
D241,150060YS75000,F,8.399999999999999,-11.200000000000003,-2,0,0.0,candidate-not-fabrication-release
D242,150060YS75000,F,8.399999999999999,-5.600000000000001,-2,0,0.0,candidate-not-fabrication-release
D243,150060YS75000,F,8.399999999999999,0.0,-2,0,0.0,candidate-not-fabrication-release
D244,150060YS75000,F,8.399999999999999,5.600000000000001,-2,0,0.0,candidate-not-fabrication-release
D245,150060YS75000,F,8.399999999999999,11.2,-2,0,0.0,candidate-not-fabrication-release
D246,150060YS75000,F,8.399999999999999,16.8,-2,0,0.0,candidate-not-fabrication-release
D247,150060YS75000,F,8.399999999999999,22.4,-2,0,0.0,candidate-not-fabrication-release
D248,150060YS75000,F,11.200000000000003,-22.4,-2,0,0.0,candidate-not-fabrication-release
D249,150060YS75000,F,11.200000000000003,-16.799999999999997,-2,0,0.0,candidate-not-fabrication-release
D25,150060YS75000,F,-14.0,-5.600000000000001,-2,0,0.0,candidate-not-fabrication-release
D250,150060YS75000,F,11.200000000000003,-11.200000000000003,-2,0,0.0,candidate-not-fabrication-release
D251,150060YS75000,F,11.200000000000003,-5.600000000000001,-2,0,0.0,candidate-not-fabrication-release
D252,150060YS75000,F,11.200000000000003,0.0,-2,0,0.0,candidate-not-fabrication-release
D253,150060YS75000,F,11.200000000000003,5.600000000000001,-2,0,0.0,candidate-not-fabrication-release
D254,150060YS75000,F,11.200000000000003,11.2,-2,0,0.0,candidate-not-fabrication-release
D255,150060YS75000,F,11.200000000000003,16.8,-2,0,0.0,candidate-not-fabrication-release
D256,150060YS75000,F,11.200000000000003,22.4,-2,0,0.0,candidate-not-fabrication-release
D257,150060YS75000,F,14.0,-19.6,-2,0,0.0,candidate-not-fabrication-release
D258,150060YS75000,F,14.0,-14.0,-2,0,0.0,candidate-not-fabrication-release
D259,150060YS75000,F,14.0,-8.399999999999999,-2,0,0.0,candidate-not-fabrication-release
D26,150060YS75000,F,-14.0,0.0,-2,0,0.0,candidate-not-fabrication-release
D260,150060YS75000,F,14.0,-2.799999999999997,-2,0,0.0,candidate-not-fabrication-release
D261,150060YS75000,F,14.0,2.799999999999997,-2,0,0.0,candidate-not-fabrication-release
D262,150060YS75000,F,14.0,8.399999999999999,-2,0,0.0,candidate-not-fabrication-release
D263,150060YS75000,F,14.0,14.0,-2,0,0.0,candidate-not-fabrication-release
D264,150060YS75000,F,14.0,19.6,-2,0,0.0,candidate-not-fabrication-release
D265,150060YS75000,F,16.799999999999997,-19.6,-2,0,0.0,candidate-not-fabrication-release
D266,150060YS75000,F,16.799999999999997,-14.0,-2,0,0.0,candidate-not-fabrication-release
D267,150060YS75000,F,16.799999999999997,-8.399999999999999,-2,0,0.0,candidate-not-fabrication-release
D268,150060YS75000,F,16.799999999999997,-2.799999999999997,-2,0,0.0,candidate-not-fabrication-release
D269,150060YS75000,F,16.799999999999997,2.799999999999997,-2,0,0.0,candidate-not-fabrication-release
D27,150060YS75000,F,-14.0,5.600000000000001,-2,0,0.0,candidate-not-fabrication-release
D270,150060YS75000,F,16.799999999999997,8.399999999999999,-2,0,0.0,candidate-not-fabrication-release
D271,150060YS75000,F,16.799999999999997,14.0,-2,0,0.0,candidate-not-fabrication-release
D272,150060YS75000,F,16.799999999999997,19.6,-2,0,0.0,candidate-not-fabrication-release
D273,150060YS75000,F,19.6,-14.0,-2,0,0.0,candidate-not-fabrication-release
D274,150060YS75000,F,19.6,-8.399999999999999,-2,0,0.0,candidate-not-fabrication-release
D275,150060YS75000,F,19.6,-2.799999999999997,-2,0,0.0,candidate-not-fabrication-release
D276,150060YS75000,F,19.6,2.799999999999997,-2,0,0.0,candidate-not-fabrication-release
D277,150060YS75000,F,19.6,8.399999999999999,-2,0,0.0,candidate-not-fabrication-release
D278,150060YS75000,F,19.6,14.0,-2,0,0.0,candidate-not-fabrication-release
D279,150060YS75000,F,22.4,-11.200000000000003,-2,0,0.0,candidate-not-fabrication-release
D28,150060YS75000,F,-14.0,11.2,-2,0,0.0,candidate-not-fabrication-release
D280,150060YS75000,F,22.4,-5.600000000000001,-2,0,0.0,candidate-not-fabrication-release
D281,150060YS75000,F,22.4,0.0,-2,0,0.0,candidate-not-fabrication-release
D282,150060YS75000,F,22.4,5.600000000000001,-2,0,0.0,candidate-not-fabrication-release
D283,150060YS75000,F,22.4,11.2,-2,0,0.0,candidate-not-fabrication-release
D284,150060YS75000,F,25.200000000000003,-2.799999999999997,-2,0,0.0,candidate-not-fabrication-release
D285,150060YS75000,F,25.200000000000003,2.799999999999997,-2,0,0.0,candidate-not-fabrication-release
D29,150060YS75000,F,-14.0,16.8,-2,0,0.0,candidate-not-fabrication-release
D3,150060YS75000,F,-25.2,5.600000000000001,-2,0,0.0,candidate-not-fabrication-release
D30,150060YS75000,F,-14.0,22.4,-2,0,0.0,candidate-not-fabrication-release
D31,150060YS75000,F,-11.2,-19.6,-2,0,0.0,candidate-not-fabrication-release
D32,150060YS75000,F,-11.2,-14.0,-2,0,0.0,candidate-not-fabrication-release
D33,150060YS75000,F,-11.2,-8.399999999999999,-2,0,0.0,candidate-not-fabrication-release
D34,150060YS75000,F,-11.2,-2.799999999999997,-2,0,0.0,candidate-not-fabrication-release
D35,150060YS75000,F,-11.2,2.799999999999997,-2,0,0.0,candidate-not-fabrication-release
D36,150060YS75000,F,-11.2,8.399999999999999,-2,0,0.0,candidate-not-fabrication-release
D37,150060YS75000,F,-11.2,14.0,-2,0,0.0,candidate-not-fabrication-release
D38,150060YS75000,F,-11.2,19.6,-2,0,0.0,candidate-not-fabrication-release
D39,150060YS75000,F,-8.399999999999999,-25.200000000000003,-2,0,0.0,candidate-not-fabrication-release
D4,150060YS75000,F,-22.4,-8.399999999999999,-2,0,0.0,candidate-not-fabrication-release
D40,150060YS75000,F,-8.399999999999999,-19.6,-2,0,0.0,candidate-not-fabrication-release
D41,150060YS75000,F,-8.399999999999999,-14.0,-2,0,0.0,candidate-not-fabrication-release
D42,150060YS75000,F,-8.399999999999999,-8.399999999999999,-2,0,0.0,candidate-not-fabrication-release
D43,150060YS75000,F,-8.399999999999999,-2.799999999999997,-2,0,0.0,candidate-not-fabrication-release
D44,150060YS75000,F,-8.399999999999999,2.799999999999997,-2,0,0.0,candidate-not-fabrication-release
D45,150060YS75000,F,-8.399999999999999,8.399999999999999,-2,0,0.0,candidate-not-fabrication-release
D46,150060YS75000,F,-8.399999999999999,14.0,-2,0,0.0,candidate-not-fabrication-release
D47,150060YS75000,F,-8.399999999999999,19.6,-2,0,0.0,candidate-not-fabrication-release
D48,150060YS75000,F,-8.399999999999999,25.2,-2,0,0.0,candidate-not-fabrication-release
D49,150060YS75000,F,-5.600000000000001,-22.4,-2,0,0.0,candidate-not-fabrication-release
D5,150060YS75000,F,-22.4,-2.799999999999997,-2,0,0.0,candidate-not-fabrication-release
D50,150060YS75000,F,-5.600000000000001,-16.799999999999997,-2,0,0.0,candidate-not-fabrication-release
D51,150060YS75000,F,-5.600000000000001,-11.200000000000003,-2,0,0.0,candidate-not-fabrication-release
D52,150060YS75000,F,-5.600000000000001,-5.600000000000001,-2,0,0.0,candidate-not-fabrication-release
D53,150060YS75000,F,-5.600000000000001,0.0,-2,0,0.0,candidate-not-fabrication-release
D54,150060YS75000,F,-5.600000000000001,5.600000000000001,-2,0,0.0,candidate-not-fabrication-release
D55,150060YS75000,F,-5.600000000000001,11.2,-2,0,0.0,candidate-not-fabrication-release
D56,150060YS75000,F,-5.600000000000001,16.8,-2,0,0.0,candidate-not-fabrication-release
D57,150060YS75000,F,-5.600000000000001,22.4,-2,0,0.0,candidate-not-fabrication-release
D58,150060YS75000,F,-2.799999999999997,-25.200000000000003,-2,0,0.0,candidate-not-fabrication-release
D59,150060YS75000,F,-2.799999999999997,-19.6,-2,0,0.0,candidate-not-fabrication-release
D6,150060YS75000,F,-22.4,2.799999999999997,-2,0,0.0,candidate-not-fabrication-release
D60,150060YS75000,F,-2.799999999999997,-14.0,-2,0,0.0,candidate-not-fabrication-release
D61,150060YS75000,F,-2.799999999999997,-8.399999999999999,-2,0,0.0,candidate-not-fabrication-release
D62,150060YS75000,F,-2.799999999999997,-2.799999999999997,-2,0,0.0,candidate-not-fabrication-release
D63,150060YS75000,F,-2.799999999999997,2.799999999999997,-2,0,0.0,candidate-not-fabrication-release
D64,150060YS75000,F,-2.799999999999997,8.399999999999999,-2,0,0.0,candidate-not-fabrication-release
D65,150060YS75000,F,-2.799999999999997,14.0,-2,0,0.0,candidate-not-fabrication-release
D66,150060YS75000,F,-2.799999999999997,19.6,-2,0,0.0,candidate-not-fabrication-release
D67,150060YS75000,F,-2.799999999999997,25.2,-2,0,0.0,candidate-not-fabrication-release
D68,150060YS75000,F,0.0,-22.4,-2,0,0.0,candidate-not-fabrication-release
D69,150060YS75000,F,0.0,-16.799999999999997,-2,0,0.0,candidate-not-fabrication-release
D7,150060YS75000,F,-22.4,8.399999999999999,-2,0,0.0,candidate-not-fabrication-release
D70,150060YS75000,F,0.0,-11.200000000000003,-2,0,0.0,candidate-not-fabrication-release
D71,150060YS75000,F,0.0,-5.600000000000001,-2,0,0.0,candidate-not-fabrication-release
D72,150060YS75000,F,0.0,0.0,-2,0,0.0,candidate-not-fabrication-release
D73,150060YS75000,F,0.0,5.600000000000001,-2,0,0.0,candidate-not-fabrication-release
D74,150060YS75000,F,0.0,11.2,-2,0,0.0,candidate-not-fabrication-release
D75,150060YS75000,F,0.0,16.8,-2,0,0.0,candidate-not-fabrication-release
D76,150060YS75000,F,0.0,22.4,-2,0,0.0,candidate-not-fabrication-release
D77,150060YS75000,F,2.799999999999997,-25.200000000000003,-2,0,0.0,candidate-not-fabrication-release
D78,150060YS75000,F,2.799999999999997,-19.6,-2,0,0.0,candidate-not-fabrication-release
D79,150060YS75000,F,2.799999999999997,-14.0,-2,0,0.0,candidate-not-fabrication-release
D8,150060YS75000,F,-19.6,-16.799999999999997,-2,0,0.0,candidate-not-fabrication-release
D80,150060YS75000,F,2.799999999999997,-8.399999999999999,-2,0,0.0,candidate-not-fabrication-release
D81,150060YS75000,F,2.799999999999997,-2.799999999999997,-2,0,0.0,candidate-not-fabrication-release
D82,150060YS75000,F,2.799999999999997,2.799999999999997,-2,0,0.0,candidate-not-fabrication-release
D83,150060YS75000,F,2.799999999999997,8.399999999999999,-2,0,0.0,candidate-not-fabrication-release
D84,150060YS75000,F,2.799999999999997,14.0,-2,0,0.0,candidate-not-fabrication-release
D85,150060YS75000,F,2.799999999999997,19.6,-2,0,0.0,candidate-not-fabrication-release
D86,150060YS75000,F,2.799999999999997,25.2,-2,0,0.0,candidate-not-fabrication-release
D87,150060YS75000,F,5.600000000000001,-22.4,-2,0,0.0,candidate-not-fabrication-release
D88,150060YS75000,F,5.600000000000001,-16.799999999999997,-2,0,0.0,candidate-not-fabrication-release
D89,150060YS75000,F,5.600000000000001,-11.200000000000003,-2,0,0.0,candidate-not-fabrication-release
D9,150060YS75000,F,-19.6,-11.200000000000003,-2,0,0.0,candidate-not-fabrication-release
D90,150060YS75000,F,5.600000000000001,-5.600000000000001,-2,0,0.0,candidate-not-fabrication-release
D91,150060YS75000,F,5.600000000000001,0.0,-2,0,0.0,candidate-not-fabrication-release
D92,150060YS75000,F,5.600000000000001,5.600000000000001,-2,0,0.0,candidate-not-fabrication-release
D93,150060YS75000,F,5.600000000000001,11.2,-2,0,0.0,candidate-not-fabrication-release
D94,150060YS75000,F,5.600000000000001,16.8,-2,0,0.0,candidate-not-fabrication-release
D95,150060YS75000,F,5.600000000000001,22.4,-2,0,0.0,candidate-not-fabrication-release
D96,150060YS75000,F,8.399999999999999,-25.200000000000003,-2,0,0.0,candidate-not-fabrication-release
D97,150060YS75000,F,8.399999999999999,-19.6,-2,0,0.0,candidate-not-fabrication-release
D98,150060YS75000,F,8.399999999999999,-14.0,-2,0,0.0,candidate-not-fabrication-release
D99,150060YS75000,F,8.399999999999999,-8.399999999999999,-2,0,0.0,candidate-not-fabrication-release
J1,SM12B-GHS-TB(LF)(SN),B,0.0,-14.0,-3,0,180.0,candidate-not-fabrication-release
R1,CRCW06034K70FKEA,B,-15.0,7.700001,-3,0,180.0,candidate-not-fabrication-release
R10,CRCW06034K70FKEA,B,5.0,7.700001,-3,0,180.0,candidate-not-fabrication-release
R11,CRCW060310K0FKEA,B,5.0,10.399999999999999,-3,0,180.0,candidate-not-fabrication-release
R12,CRCW060333R0FKEA,B,10.5,10.399999999999999,-3,0,180.0,candidate-not-fabrication-release
R2,CRCW060310K0FKEA,B,-15.0,10.399999999999999,-3,0,180.0,candidate-not-fabrication-release
R3,CRCW0603100KFKEA,B,0.0,-3.0,-3,0,180.0,candidate-not-fabrication-release
R4,CRCW0603100KFKEA,B,0.0,0.0,-3,0,180.0,candidate-not-fabrication-release
R5,CRCW0603100KFKEA,B,0.0,3.0,-3,0,180.0,candidate-not-fabrication-release
R6,CRCW0603100KFKEA,B,0.0,6.0,-3,0,180.0,candidate-not-fabrication-release
R7,CRCW060333R0FKEA,B,-9.5,10.399999999999999,-3,0,180.0,candidate-not-fabrication-release
R8,CRCW060347K0FKEA,B,-2.0,13.0,-3,0,180.0,candidate-not-fabrication-release
R9,CRCW06031K00FKEA,B,2.0,13.0,-3,0,180.0,candidate-not-fabrication-release
TH1,NCU18XH103F6SRB,B,0.0,10.0,-3,0,180.0,candidate-not-fabrication-release
U1,LP5860RKPR,B,-10.0,3.0,-3,0,180.0,candidate-not-fabrication-release
U2,LP5860RKPR,B,10.0,3.0,-3,0,180.0,candidate-not-fabrication-release
