item,description_or_part_number,quantity,mass_each_g_nominal,mass_total_g,mass_basis,status,open_items
output_tenon_D10,output_tenon_D10,4,5.347353,21.389411,nominal volume*density,candidate-only,custom nominal geometry; material stock/tolerances/finishing/strength not released
shoulder_spacer,shoulder_spacer,4,0.949406,3.797625,nominal volume*density,candidate-only,custom nominal geometry; material stock/tolerances/finishing/strength not released
M2x6_keeper_screw_0,M2x6_keeper_screw_0,4,0.326025,1.304100,nominal volume*density,candidate-only,custom nominal geometry; material stock/tolerances/finishing/strength not released
M2x6_keeper_screw_1,M2x6_keeper_screw_1,4,0.326025,1.304100,nominal volume*density,candidate-only,custom nominal geometry; material stock/tolerances/finishing/strength not released
nut_keeper_sheet,nut_keeper_sheet,4,0.458416,1.833663,nominal volume*density,candidate-only,custom nominal geometry; material stock/tolerances/finishing/strength not released
keyed_hub_lower_fork,keyed_hub_lower_fork,4,20.066531,80.266124,nominal volume*density,candidate-only,custom nominal geometry; material stock/tolerances/finishing/strength not released
removable_upper_fork,removable_upper_fork,4,1.747889,6.991557,nominal volume*density,candidate-only,custom nominal geometry; material stock/tolerances/finishing/strength not released
metal_blade_with_narrow_tongue_upper,metal_blade_with_narrow_tongue_upper,2,64.078946,128.157892,nominal volume*density,candidate-only,custom nominal geometry; material stock/tolerances/finishing/strength not released
parallel_key_3x3x8,parallel_key_3x3x8,4,0.565200,2.260800,nominal volume*density,candidate-only,custom nominal geometry; material stock/tolerances/finishing/strength not released
end_washer_D18,end_washer_D18,4,2.825376,11.301503,nominal volume*density,candidate-only,custom nominal geometry; material stock/tolerances/finishing/strength not released
M4x10_end_screw_envelope,M4x10_end_screw_envelope,4,2.194874,8.779495,nominal volume*density,candidate-only,custom nominal geometry; material stock/tolerances/finishing/strength not released
M3x20_fork_screw_0,M3x20_fork_screw_0,4,1.669275,6.677102,nominal volume*density,candidate-only,custom nominal geometry; material stock/tolerances/finishing/strength not released
M3_washer_0,M3_washer_0,4,0.115416,0.461663,nominal volume*density,candidate-only,custom nominal geometry; material stock/tolerances/finishing/strength not released
M3_hexnut_0,M3_hexnut_0,4,0.360384,1.441538,nominal volume*density,candidate-only,custom nominal geometry; material stock/tolerances/finishing/strength not released
M3x20_fork_screw_1,M3x20_fork_screw_1,4,1.669275,6.677102,nominal volume*density,candidate-only,custom nominal geometry; material stock/tolerances/finishing/strength not released
M3_washer_1,M3_washer_1,4,0.115416,0.461663,nominal volume*density,candidate-only,custom nominal geometry; material stock/tolerances/finishing/strength not released
M3_hexnut_1,M3_hexnut_1,4,0.360384,1.441538,nominal volume*density,candidate-only,custom nominal geometry; material stock/tolerances/finishing/strength not released
tip_SBSM_pin,NBK SBSM-M3-4-25,4,3.500000,14.000000,NBK catalog,candidate-only,shoulder through both 4.1mm cheek bores; M3 thread external; +0.25/0 length tolerance and retention stack unresolved
tip_outer_stack_spacer,tip_outer_stack_spacer,4,0.555698,2.222791,nominal volume*density,candidate-only,custom nominal geometry; material stock/tolerances/finishing/strength not released
tip_M3_retention_washer,tip_M3_retention_washer,4,0.119485,0.477940,nominal volume*density,candidate-only,custom nominal geometry; material stock/tolerances/finishing/strength not released
tip_M3_retention_nut,M3 DIN934 nominal envelope (Böllhoff reference),4,0.360384,1.441538,nominal volume*density,candidate-only,locking method and actual procurement SKU pending; no thread segment used as a bearing
tip_lug_spacer_-1,tip_lug_spacer_-1,4,0.329793,1.319173,nominal volume*density,candidate-only,custom nominal geometry; material stock/tolerances/finishing/strength not released
tip_lug_spacer_1,tip_lug_spacer_1,4,0.329793,1.319173,nominal volume*density,candidate-only,custom nominal geometry; material stock/tolerances/finishing/strength not released
base_bracket,base_bracket,4,17.955213,71.820850,nominal volume*density; rings modeled simply,candidate-only,custom nominal geometry; material stock/tolerances/finishing/strength not released
base_SBSM_pin,NBK SBSM-M3-4-30,4,4.000000,16.000000,catalog 7201/shoulder pin,candidate-only,22mm gap + 2x4mm cheeks = 30mm nominal shoulder span; axial float and shim selection pending
base_M3_retention_washer,base_M3_retention_washer,4,0.119485,0.477940,nominal volume*density; rings modeled simply,candidate-only,custom nominal geometry; material stock/tolerances/finishing/strength not released
base_M3_retention_nut,M3 DIN934 nominal envelope (Böllhoff reference),4,0.360384,1.441538,nominal volume*density; rings modeled simply,candidate-only,locking method and actual procurement SKU pending; no thread segment used as a bearing
base_lug_spacer_-1,base_lug_spacer_-1,4,0.813997,3.255989,nominal volume*density; rings modeled simply,candidate-only,custom nominal geometry; material stock/tolerances/finishing/strength not released
base_lug_spacer_1,base_lug_spacer_1,4,0.813997,3.255989,nominal volume*density; rings modeled simply,candidate-only,custom nominal geometry; material stock/tolerances/finishing/strength not released
output_shaft_shoulder,output_shaft_shoulder,4,3.690471,14.761882,nominal volume*density; rings modeled simply,candidate-only,custom nominal geometry; material stock/tolerances/finishing/strength not released
output_bearing_journal,output_bearing_journal,4,19.531910,78.127639,nominal volume*density; rings modeled simply,candidate-only,custom nominal geometry; material stock/tolerances/finishing/strength not released
output_thread_bay,output_thread_bay,4,5.326885,21.307538,nominal volume*density; rings modeled simply,candidate-only,custom nominal geometry; material stock/tolerances/finishing/strength not released
output_rear_spacer,output_rear_spacer,4,1.914842,7.659369,nominal volume*density; rings modeled simply,candidate-only,custom nominal geometry; material stock/tolerances/finishing/strength not released
output_MB1,SKF MB1,4,2.965546,11.862183,nominal volume*density; rings modeled simply,candidate-only,nominal annulus; tab/slot detail pending
output_KM1,SKF KM1,4,8.384911,33.539643,nominal volume*density; rings modeled simply,candidate-only,M12x1 nominal locknut envelope; detailed spindle thread/fit pending
output_bearing_A,SKF 7201 BECBP,4,36.000000,144.000000,catalog 7201/shoulder pin,candidate-only,adjacent DB pair dimensions reused; load vector/preload/fits and carrier not released
output_bearing_B,SKF 7201 BECBP,4,36.000000,144.000000,catalog 7201/shoulder pin,candidate-only,adjacent DB pair dimensions reused; load vector/preload/fits and carrier not released
output_housing,output_housing,4,24.429024,97.716098,nominal volume*density; rings modeled simply,candidate-only,custom nominal geometry; material stock/tolerances/finishing/strength not released
output_housing_front_lip,output_housing_front_lip,4,2.683853,10.735411,nominal volume*density; rings modeled simply,candidate-only,custom nominal geometry; material stock/tolerances/finishing/strength not released
output_housing_rear_cap,output_housing_rear_cap,4,3.460778,13.843114,nominal volume*density; rings modeled simply,candidate-only,custom nominal geometry; material stock/tolerances/finishing/strength not released
P16,Actuonix P16-50-256-12-P,4,95.000000,380.000000,"catalog mass; envelope uniform-volume centroid PROXY only, not vendor internal COM",candidate-only,300N maximum not continuous qualification; 20% duty; P controller external; vendor internal COM unknown
metal_blade_with_narrow_tongue_lower,metal_blade_with_narrow_tongue_lower,2,31.982819,63.965638,nominal volume*density,candidate-only,custom nominal geometry; material stock/tolerances/finishing/strength not released
NOT_MODELED,ground carrier / carrier screws / optics / real light PCBs / pad retention / armor / wiring / controls,,,,,TBD,No complete-head mass or procurement claim
