item_id,qty,unit,scope,manufacturer,model,specification,selection_status,unit_price,source_ids,source_url,unclosed_items
HL-01,609,each,COMMON,Würth Elektronik,150060YS75000,609 yellow 0603 dots; pulse target 20 mA,selected-for-electronics-prototype,not-quoted,HL01,https://www.we-online.com/components/products/datasheet/150060YS75000.pdf,Color/diffusion/camera glare and junction derating require samples; no lux claim
HL-02,6,each,COMMON,Texas Instruments,LP5860RKPR,"Circle 2, each petal 1; 11-row scan; individual SPI CS",selected-for-electronics-prototype,not-quoted,HL02,https://www.ti.com/lit/ds/symlink/lp5860.pdf,Custom LED PCB/row assignment and current register verification; no firmware yet
HL-03,1,each,EVAL-ONLY,STMicroelectronics,NUCLEO-G474RE,SPI MCU evaluation board,selected-for-electronics-prototype,not-quoted,HL04,https://www.st.com/resource/en/user_manual/um2505-stm32g4-nucleo64-boards-mb1367-stmicroelectronics.pdf,Board revision/power jumpers/IO map; bench board not in-head mass
HL-04,1,each,EVAL-ONLY,Microchip,EVB-LAN9252-SPI,EtherCAT SPI PDI evaluation board,selected-for-electronics-prototype,not-quoted,HL06,https://www.microchip.com/en-us/development-tool/EVB-LAN9252-SPI,No demonstrated ST example compatibility; protocol porting and ESI required
HL-05,1,each,CUSTOM-ALTERNATIVE,STMicroelectronics,STM32G474RET6,LQFP64 MCU for IO/LED; not finger servo control,candidate,not-quoted,HL03,https://www.st.com/resource/en/datasheet/stm32g474re.pdf,Final pin mux/clock/reset/debug/ESD board not routed
HL-06,1,each,CUSTOM-ALTERNATIVE,Microchip,LAN9252I/PT,Industrial 64-pin TQFP-EP; SPI PDI; 2 internal PHYs,candidate,not-quoted,HL05,https://ww1.microchip.com/downloads/aemDocuments/documents/UNG/ProductDocuments/DataSheets/LAN9252-Data-Sheet-DS00001909.pdf,Final package quotation; SII/ESI/SPI driver/DC/EMC untested
HL-07,1,each,CUSTOM-ALTERNATIVE,Microchip,24FC512-I/SN,SII EEPROM 512 Kbit SOIC8,candidate,not-quoted,HL07;HL08,https://ww1.microchip.com/downloads/aemDocuments/documents/OTH/ProductDocuments/BoardDesignFiles/lan9252-hbispigpio-evb-rev-b.pdf,"SII size, addresses, WP and vendor identity/license management"
HL-08,2,each,CUSTOM-ALTERNATIVE,Pulse Electronics,J0011D01BNL,100BASE-TX magnetic RJ45 from Microchip reference,candidate,not-quoted,HL07;HL09,https://ww1.microchip.com/downloads/aemDocuments/documents/OTH/ProductDocuments/BoardDesignFiles/lan9252-hbispigpio-evb-rev-b.pdf,Height/temperature/availability and actual port schematic must be confirmed
HL-09,1,each,CUSTOM-ALTERNATIVE,TBD,TBD 25 MHz crystal and load capacitors,LAN9252 reference clock,blocked,not-quoted,HL05,https://ww1.microchip.com/downloads/aemDocuments/documents/UNG/ProductDocuments/DataSheets/LAN9252-Data-Sheet-DS00001909.pdf,Total tolerance/ESR/load/drive/aging not selected; cannot substitute generic crystal
HL-10,1,each,POWER-CUSTOM,Texas Instruments,TPS54360BDDAR,"Protected 24 V AUX to 5 V, 3.5 A family",candidate,not-quoted,HL10,https://www.ti.com/lit/ds/symlink/tps54360b.pdf,Inductor/Schottky/compensation/capacitor exact BOM and layout missing
HL-11,1,each,POWER-CUSTOM,Texas Instruments,TPS62130ARGTR,"5 V to 3.3 V_LED, 3 A",candidate,not-quoted,HL11,https://www.ti.com/lit/ds/symlink/tps62130a.pdf,Feedback/inductor/output capacitor/transient/thermal validation
HL-12,1,each,POWER-CUSTOM,Texas Instruments,TPS62162DSGR,"5 V to fixed 3.3 V_LOGIC, 1 A",candidate,not-quoted,HL12,https://www.ti.com/lit/ds/symlink/tps62162.pdf,500 mA design allocation only; actual MCU/ESC worst case must be measured
HL-13,1,each,POWER-CUSTOM,Texas Instruments,TPS26600PWPR,24 V AUX input eFuse; reverse polarity/OVP/current limit,candidate,not-quoted,HL13,https://www.ti.com/lit/ds/symlink/tps2660.pdf,UVLO/OVLO/current limit/timing resistor values and short-circuit response not frozen
HL-14,5,each,POWER-CUSTOM,Texas Instruments,TPS2553DBVR,One VLED protected branch per physical panel,candidate,not-quoted,HL14,https://www.ti.com/lit/ds/symlink/tps2553.pdf,Current limit resistors/starts/FAULT aggregation; does not limit individual dot current
HL-15,1,each,POWER-CUSTOM,Littelfuse,SMBJ33A,33 V TVS at protected 24 V input,candidate,not-quoted,HL17,https://www.littelfuse.com/ja-jp/products/overvoltage-protection/tvs-diodes/surface-mount/smbj/smbj33a,Clamp margin/source pulse/fuse coordination; not a 48 V regenerative bus part
HL-16,1,each,BENCH-ENTRY,Phoenix Contact,"1803277 / MC 1,5/2-G-3,81",24 V fixed bench PCB entry header,selected-for-electronics-prototype,not-quoted,HL16,https://www.phoenixcontact.com/en-au/products/pcb-header-mc-15-2-g-381-1803277,Without latch; do not reuse as arm/head moving quick disconnect
HL-17,1,each,BENCH-ENTRY,Phoenix Contact,"1803578 / MC 1,5/2-ST-3,81",Mating 24 V bench plug,selected-for-electronics-prototype,not-quoted,HL16,https://www.phoenixcontact.com/en-au/products/pcb-header-mc-15-2-g-381-1803277,Wire section/ferrule/torque by actual source and harness; cold mating only
HL-18,8,each,FOUR-PETAL-HARNESS,JST,BM10B-GHS-TBT(LF)(SN),Header at both ends of four local light harnesses,selected-for-electronics-prototype,not-quoted,HL15,https://www.jst-mfg.com/product/pdf/eng/eGH.pdf,Housing placement and strain relief require CAD; positive latch does not prove flex lifetime
HL-19,8,each,FOUR-PETAL-HARNESS,JST,GHR-10V-S,10-way 1.25 mm plug housing,selected-for-electronics-prototype,not-quoted,HL15,https://www.jst-mfg.com/product/pdf/eng/eGH.pdf,Keyed internal light interface only; not mechanically load bearing
HL-20,80,each,FOUR-PETAL-HARNESS,JST,SSHL-002T-P0.2,"Crimp contacts, AWG26–30, wire OD0.76–1.0 mm",selected-for-electronics-prototype,not-quoted,HL15,https://www.jst-mfg.com/product/pdf/eng/eGH.pdf,Use real matched crimp tooling/pull test; incompatible contact substitutions prohibited
HL-21,5,each,COMMON,Murata,NCP18XH103F03RB,"10k 1% NTC, one per panel",selected-for-electronics-prototype,not-quoted,HL18,https://www.murata.com/en-us/api/pdfdownloadapi?cate=luNTCforTempeSenso&partno=NCP18XH103F03RB,ADC divider/filter/calibration and threshold; surface temperature not LED junction
HL-22,4,each,SIGNAL-PROTECTION,Texas Instruments,TPD4E05U06DQAR,4-line low-C ESD array; provisional minimum for SCLK/MOSI/MISO/CS per petal,candidate,not-quoted,HL19,https://www.ti.com/lit/ds/symlink/tpd4e05u06.pdf,Other exposed lines/PCB returns also need protection; exact total after schematic
HL-23,1,each,CUSTOM-ALTERNATIVE,Project,TBD head IO PCB,ESC/MCU/power carrier,blocked,not-quoted,HL03;HL05,https://www.st.com/resource/en/datasheet/stm32g474re.pdf,"No schematic, netlist, ERC/DRC, Gerber or assembly BOM"
HL-24,1,each,COMMON,Project,TBD circular LED PCB,285 pixels in Ø62 visible aperture; 2 LP5860,blocked,not-quoted,HL01;HL02,https://www.we-online.com/components/products/datasheet/150060YS75000.pdf,Actual PCB OD/mounts/backside height not equivalent to visible aperture; routing not done
HL-25,2,each,COMMON,Project,TBD upper shaped LED PCB,"113 dots per upper panel, contact keepout",blocked,not-quoted,HL01;HL02,https://www.we-online.com/components/products/datasheet/150060YS75000.pdf,Rear-side driver/copper heat path and electrical insulation from metal frame
HL-26,2,each,COMMON,Project,TBD lower shaped LED PCB,"49 dots per lower panel, contact keepout",blocked,not-quoted,HL01;HL02,https://www.we-online.com/components/products/datasheet/150060YS75000.pdf,No rectangular module substituted; trace passage across reserved pad belt still to design
HL-27,1,each,COMMON,Project,TBD detailed passive/power magnetics BOM,"Resistors, capacitors, inductors, Schottky, filters, enable supervisor",blocked,not-quoted,HL02;HL05;HL10,https://www.ti.com/lit/ds/symlink/lp5860.pdf,Cannot order as a finished kit; needed before PCB manufacture
HL-28,4,each,FOUR-PETAL-HARNESS,TBD,TBD qualified AWG26 flex wire harness,10 conductors per local petal branch; assumed ≤0.30 m loop for voltage screen,blocked,not-quoted,HL15,https://www.jst-mfg.com/product/pdf/eng/eGH.pdf,Actual wire OD/strand/bend radius and compound-flex lifetime not established
HL-29,1,each,COMMON,Project,TBD circular-panel internal harness,Circle requires two CS signals plus NTC/power/control,blocked,not-quoted,HL02,https://www.ti.com/lit/ds/symlink/lp5860.pdf,Separate 12-way or board-to-board connector to be selected; 10-way petal pinout does not fit two CS without reassignment
HL-30,5,each,COMMON,TBD,TBD diffuser/window/heat spreader set,4 shape-matched petals plus circular window,blocked,not-quoted,HL01,https://www.we-online.com/components/products/datasheet/150060YS75000.pdf,"Materials/transmission/thickness/mounts/flame behavior, touch temperature and optical screening"
