line_id,assembly,manufacturer,part_number,description,installed_quantity,purchase_quantity,unit,status,included_with,procurement_action,compatibility_notes,source_ids,source_urls
OB-01,camera,Stereolabs,ZED-414012,ZED X One S Fisheye complete camera,2,2,ea,selected-for-optical-bench,,buy camera only; F-F cable=None; mount=None,Includes fisheye lens; male FAKRA Z; PoC. No separate serializer purchase.,OB-S01;OB-S02,https://www.stereolabs.com/store/products/zed-x-one-s;https://docs.stereolabs.com/docs/products/cameras/zedxone/specifications
OB-02,capture,Stereolabs,ACC-210000,ZED Link Duo complete capture-card kit,1,1,ea,selected-for-optical-bench,,buy complete kit,Direct AGX connector J501 to J509; card receives power from devkit; no external PSU/FPC.,OB-S03;OB-S04,https://www.stereolabs.com/store/products/zed-link-capture-card;https://docs.stereolabs.com/docs/products/embedded/zed-link-capture-card/gmsl2/zed-link-duo/jetson-orin-agx-devkit-setup
OB-03,host,NVIDIA,945-13730-0050-000,Jetson AGX Orin64GB Developer Kit complete regional kit,1,1,ea,selected-for-optical-bench,,buy complete developer kit for matching destination region,US/CA/CN/TW/JP PN; module/carrier/eMMC/cooling/power/data cable remain kit assembly; not bare900-series module.,OB-S05;OB-S06;OB-S07,https://developer.nvidia.com/embedded/faq;https://docs.nvidia.com/jetson/agx-orin-devkit/user-guide/latest/quick_start.html;https://docs.nvidia.com/jetson/agx-orin-devkit/user-guide/latest/hardware_layout.html
OB-04,camera_cable,Stereolabs,CBL-310100,GMSL2 FAKRA Z M-F extension RTK031 1.5 m,2,2,ea,selected-for-optical-bench,,buy1.5 m M-F variant,Stationary bench only; with0.5 m included fanout nominal2.0 m each path. Not CBL-320200 F-F.,OB-S09;OB-S11,https://support.stereolabs.com/articles/6548481498-what-type-of-gmsl2-cable-should-i-use-with-my-zed-x-camera;https://www.stereolabs.com/store/products/gmsl2-cable-extender
OB-05,camera_mount,Stereolabs,ACC-151200,ZED X One S adapter Plate including screw kit,2,2,ea,selected-for-optical-bench,,buy plate variant; do not also bundle with camera,Bottom1/4-20 UNC; manufacturer screw kit prevents guessing camera blind-hole screw lengths.,OB-S12,https://www.stereolabs.com/store/products/camera-mount-for-zed-x-one-s
OB-06,camera_mount,Manfrotto,MTPIXI-B,PIXI tabletop tripod black,2,2,ea,selected-for-optical-bench,,buy or reuse exact equivalent already in lab,1/4-20 male screw mates to ACC-151200; static independent views; not final optical baseline fixture. Verify plate clamping before use.,OB-S12;OB-S13,https://www.stereolabs.com/store/products/camera-mount-for-zed-x-one-s;https://www.manfrotto.com/global-uk/pixi-mini-tripod-black-mtpixi-b/
OB-I01,capture,Stereolabs,CBL-320500,0.5 m four-wire1-to4 M-F fanout,1,0,ea,selected-for-optical-bench,OB-02,included; do not buy again,Use branches0 and1. Other two branches remain unused.,OB-S03;OB-S10,https://www.stereolabs.com/store/products/zed-link-capture-card;https://www.stereolabs.com/store/products/gmsl2-1-to-4-fakra-cable
OB-I02,capture,Stereolabs,bundled M2.5x20,Capture card mounting screws,3,0,ea,selected-for-optical-bench,OB-02,included; use supplied hardware,Used with matching16 mm spacers.,OB-S03;OB-S04,https://www.stereolabs.com/store/products/zed-link-capture-card;https://docs.stereolabs.com/docs/products/embedded/zed-link-capture-card/gmsl2/zed-link-duo/jetson-orin-agx-devkit-setup
OB-I03,capture,Stereolabs,bundled16mm spacer,Capture card spacers,3,0,ea,selected-for-optical-bench,OB-02,included; use supplied hardware,Maintains intended board-to-board mating distance.,OB-S03;OB-S04,https://www.stereolabs.com/store/products/zed-link-capture-card;https://docs.stereolabs.com/docs/products/embedded/zed-link-capture-card/gmsl2/zed-link-duo/jetson-orin-agx-devkit-setup
OB-I04,host_power,NVIDIA,bundled with945-13730-0050-000,Original USB-C PD supply and region mains connection,1,0,ea,selected-for-optical-bench,OB-03,included; no standalone PSU required,Connect J24 above DC jack; guide lists20 V4.5 A input profile. Kit supplier confirms region plug.,OB-S06;OB-S08,https://docs.nvidia.com/jetson/agx-orin-devkit/user-guide/latest/quick_start.html;https://docs.nvidia.com/jetson/agx-orin-devkit/user-guide/latest/howto.html
OB-I05,host_setup,NVIDIA,bundled with945-13730-0050-000,USB Type-A to Type-C data cable,1,0,ea,selected-for-optical-bench,OB-03,included; do not buy again,"Host USB-A to J40 next to40-pin header; data/flash, not the PSU port.",OB-S06;OB-S07,https://docs.nvidia.com/jetson/agx-orin-devkit/user-guide/latest/quick_start.html;https://docs.nvidia.com/jetson/agx-orin-devkit/user-guide/latest/hardware_layout.html
OB-I06,camera_mount,Stereolabs,bundled withACC-151200,Camera adapter screw kit,2,0,ea,selected-for-optical-bench,OB-05,included; one kit per plate,Do not substitute guessed M2 lengths; follow included drawing/hardware.,OB-S12,https://www.stereolabs.com/store/products/camera-mount-for-zed-x-one-s
OB-O01,host_enclosure,Stereolabs,ACC-221000,Enclosure for Orin AGX Developer Kit,1,0,ea,optional-for-optical-bench,,optional purchase quantity1 if protection/moving needed,Recommended by Stereolabs for installed Duo; not required for initial stationary open bench.,OB-S04;OB-S14,https://docs.stereolabs.com/docs/products/embedded/zed-link-capture-card/gmsl2/zed-link-duo/jetson-orin-agx-devkit-setup;https://www.stereolabs.com/store/products/enclosure-for-orin-agx-devkit
OB-L01,setup_workstation,existing laboratory equipment,Ubuntu22.04 x86_64 workstation,Flashing and headless terminal workstation,1,0,ea,required-lab-resource,,reuse available workstation; if absent acquire before build,8 GB RAM; at least27 GB free system volume; USB-A data and Internet. User inventory not verified.,OB-S16;OB-S17,https://developer.nvidia.com/sdk-manager;https://docs.nvidia.com/sdk-manager/system-requirements/index.html
OB-L02,network,existing laboratory infrastructure,Wi-Fi Internet access,Internet for installers and setup,1,0,ea,required-lab-resource,,use lab network; Jetson Wi-Fi included in kit,No Ethernet cable or monitor required by the chosen headless setup.,OB-S06,https://docs.nvidia.com/jetson/agx-orin-devkit/user-guide/latest/quick_start.html
OB-L03,bench_support,existing laboratory equipment,nonconductive stable tabletop and loose cable restraints,Stable base and cable strain relief,1,0,ea,required-lab-resource,,provide existing workbench and reusable soft ties,Do not cover ventilation or tightly kink coax; not a robot cable qualification.,OB-S04;OB-S09,https://docs.stereolabs.com/docs/products/embedded/zed-link-capture-card/gmsl2/zed-link-duo/jetson-orin-agx-devkit-setup;https://support.stereolabs.com/articles/6548481498-what-type-of-gmsl2-cable-should-i-use-with-my-zed-x-camera
