item_id,qty,unit,subsystem,manufacturer,model,configuration_or_specification,selection_status,energization_gate,unit_mass_g,unit_price,currency,source_ids,source_url,unresolved
SB01,1,pc,DUT,MYACTUATOR,EPS-RH-17-100-E-B-D,Single RH17; EtherCAT; 100:1; holding brake; dual encoder,selected-for-single-axis-bench,NO-POWER: Gates G1–G7,TBD,not-quoted,TBD,SA01,https://www.myactuator.com/_files/archives/cab28a_be98b58973d34f7aaa50bdf3f2aa12ed.zip,"Confirm as-shipped exact nameplate/product prefix, firmware, original ESI and torque scaling; no arm or workpiece attached"
SB02,1,pc,IPC,Beckhoff,C6015-0040,External control cabinet IPC; 2×100/1000/2500BASE-T,selected-for-single-axis-bench,Aux-only after G2,TBD,not-quoted,TBD,SA02;SA05,https://www.beckhoff.com/en-us/products/ipc/pcs/c60xx-ultra-compact-industrial-pcs/c6015-0040.html,Complete order combines SB03–SB06; X101 supplied-generation drawing and max/boot current required
SB03,1,pc,IPC option,Beckhoff,C9900-C657,"X7213RE 2.0 GHz, 2 cores, 8 GB LPDDR5; TC3 platform 40",selected-for-single-axis-bench,Included in SB02 configuration,TBD,not-quoted,TBD,SA02,https://www.beckhoff.com/en-us/products/ipc/pcs/c60xx-ultra-compact-industrial-pcs/c6015-0040.html,Not a separately installed extra CPU
SB04,1,pc,IPC option,Beckhoff,C9900-H855,80 GB M.2 3D-flash SSD,selected-for-single-axis-bench,Included in SB02 configuration,TBD,not-quoted,TBD,SA02,https://www.beckhoff.com/en-us/products/ipc/pcs/c60xx-ultra-compact-industrial-pcs/c6015-0040.html,Do not substitute future C9900-H851 without requalification
SB05,1,pc,IPC option,Beckhoff,C9900-M602,DIN-rail mounting adapter plate,selected-for-single-axis-bench,Enclosed installation,TBD,not-quoted,TBD,SA02,https://www.beckhoff.com/en-us/products/ipc/pcs/c60xx-ultra-compact-industrial-pcs/c6015-0040.html,Provide 50 mm above/below air clearance
SB06,1,license,IPC OS,Beckhoff,C9900-S602,TwinCAT/BSD platform 40 for two-core C601x,selected-for-single-axis-bench,Matched factory image required,TBD,not-quoted,TBD,SA03,https://www.beckhoff.com/en-us/products/ipc/software-and-tools/operating-systems/c9900-s6xx-cxxxxx-0185.html,Record BIOS/OS/runtime build in test report
SB07,1,license,EtherCAT master runtime,Beckhoff,TC1250-0v40; v field to confirm,TwinCAT 3 PLC/NC PTP 10 = TC1200 + TF5000,candidate,G6,TBD,not-quoted,TBD,SA04,https://www.beckhoff.com/en-us/products/automation/twincat/tcxxxx-twincat-3-base/tc1250.html,Catalog template is not a complete frozen order code; runtime build and RH PDO/DC/watchdog integration untested
SB08,1,pc,Engineering workstation,TBD,TBD existing Windows XAE workstation,TwinCAT XAE engineering via separate ADS/Ethernet port,TBD,G6,TBD,not-quoted,TBD,SA04,https://www.beckhoff.com/en-us/products/automation/twincat/tcxxxx-twincat-3-base/tc1250.html,No native macOS XAE claim; OS/build/secure ADS and install rights required
SB09,1,pc,48 V DUT source,Keysight,E36232A,"200 W autoranging, 0–60 V/0–10 A, nominal bench target 48 V",selected-for-single-axis-bench,NO-POWER: G3–G5,5800,not-quoted,TBD,SA06;SA07;SA08,https://www.keysight.com/us/en/product/E36232A/200w-autoranging-power-supply-60v-10a.html,I-limit/OCP/OVP/slew TBD; output is not a validated regenerative sink
SB10,1,set-included,PSU included connectors,Keysight,E36232A supplied connector set,20 A 7.62 mm output/sense 4-pin; 10 A 3.5 mm digital 4-pin,selected-for-single-axis-bench,Use shipped manual terminal labels,TBD,not-quoted,TBD,SA07,https://www.keysight.com/content/dam/keysight/en/doc/ungate/data-sheets/5992-3747.pdf,"Included accessories, no fabricated independent order code"
SB11,1,pc,24 V auxiliary source,PULS,ML60.242,24 V 2.5 A 60 W NEC Class 2; IPC and control only,selected-for-single-axis-bench,Aux-only after G2,250,not-quoted,TBD,SA09;SA10,https://products.pulspower.com/uk/ml60-242.html,Actual IPC boot and continuous power plus coils must fit derated 60 W; enclosed mains installation
SB12,1,pc,IPC power mating plug,Beckhoff,TBD supplied X101 mating plug for C6015-0040,Manufacturer-supplied power plug and pin drawing,blocked,G2,TBD,not-quoted,TBD,SA02;SA05,https://www.beckhoff.com/en-us/products/ipc/pcs/c60xx-ultra-compact-industrial-pcs/c6015-0040.html,Do not copy power-pin numbering from older C6015 generations
SB13,3,pc,DC fuse holders,Phoenix Contact,UK 5-HESI / 3004100,5×20 mm fuse holder; 6.3 A holder rating; F48/FIPC/FCTRL,selected-for-single-axis-bench,G3,TBD,not-quoted,TBD,SA11,https://www.phoenixcontact.com/en-gb/products/fuse-terminal-block-uk-5-hesi-3004100,Fuses separate; allocation final circuit dependent
SB14,1,pc,48 V DC fuse candidate,Littelfuse,0477004.MXP,477 time-lag 4 A 5×20 mm; 400 V DC,candidate,G3,TBD,not-quoted,TBD,SA12,https://www.littelfuse.com/assetdocs/littelfuse-fuse-477-datasheet-pdf?assetguid=624AC410-146D-47DC-9971-CDAAA78F2C78,"4 A is not frozen; verify time-current, I²t, breaking capacity and current-limited source behavior"
SB15,2,pc,Aux DC branch fuses,TBD,TBD,Separate IPC/control fuses compatible with UK 5-HESI,blocked,G2/G3,TBD,not-quoted,TBD,SA11,https://www.phoenixcontact.com/en-gb/products/fuse-terminal-block-uk-5-hesi-3004100,Fuse current and DC interruption rating require branch current/inrush/wire section
SB16,1,pc,48 V manual disconnect/MCB,Schneider Electric,A9N61524,Acti9 C60H-DC 2P 4 A C-curve,candidate,G3,TBD,not-quoted,TBD,SA13,https://www.se.com/in/en/product/A9N61524/miniature-circuit-breaker-c60h-2-poles-4-a-c-curve/,Polarity/source-load/backfeed; no assured magnetic trip under CC-limited PSU; not E-stop actuator
SB17,12,pc,DC terminal strip,Phoenix Contact,"UT 2,5 / 3044076",Feed-through terminals; preliminary role count,selected-for-single-axis-bench,G3,TBD,not-quoted,TBD,SA14,https://www.phoenixcontact.com/en-nl/products/feed-through-terminal-block-ut-25-3044076,Final terminal schedule/conductor sizing not released
SB18,3,pc,PE terminals,Phoenix Contact,"UT 2,5-PE / 3044092",Protective conductor terminals,selected-for-single-axis-bench,G2/G3,TBD,not-quoted,TBD,SA15,https://www.phoenixcontact.com/gb/products/3044092/pdf,PE continuity; no floating DC return used as PE
SB19,4,pc,Terminal end covers,Phoenix Contact,"D-UT 2,5/10 / 3047028",Preliminary four separated terminal groups,selected-for-single-axis-bench,Mechanical enclosure layout,TBD,not-quoted,TBD,SA14,https://www.phoenixcontact.com/en-nl/products/feed-through-terminal-block-ut-25-3044076,Quantity to be finalized with terminal plan
SB20,4,pc,Terminal end clamps,Phoenix Contact,CLIPFIX 35-5 / 3022276,35 mm rail end bracket,selected-for-single-axis-bench,Mechanical enclosure layout,TBD,not-quoted,TBD,SA14,https://www.phoenixcontact.com/en-nl/products/feed-through-terminal-block-ut-25-3044076,Quantity preliminary
SB21,1,pc,Emergency stop control,Schneider Electric,XALK178G,Red mushroom/yellow enclosure; twist release; 2 NC + 1 NO,candidate,G4,TBD,not-quoted,TBD,SA16,https://iportal.se.com/Contents/docs/SQD-XALK178G.PDF,Two NC channels for relay inputs; NO indication only; never switch motor load directly
SB22,1,pc,Stop logic,Pilz,PNOZ s5 / 750105,"24 V DC, immediate and delayed safety relay outputs",candidate,G4,TBD,not-quoted,TBD,SA17;SA18,https://www.pilz.com/en-INT/eshop/product/750105,Stop category/delay/reset/EDM validation required; not a certified bench by component choice
SB23,1,pc,DC power removal relay K1,Omron,G9EJ-1-E-UVD DC24,24 V coil; SPST-NO polarized DC power contacts; #250 tabs,candidate,G3/G4/G5,45,not-quoted,TBD,SA19,https://omronfs.omron.com/en_US/ecb/products/pdf/en-g9ej-1-e.pdf,No verified mirror contact; actual capacitor/inrush/regen interruption and coil suppression not closed
SB24,1,pc,PSU inhibit interface K2,Phoenix Contact,PLC-RSC-24DC/21AU / 2966265,24 V coil; gold signal contact for dry-contact INH concept,candidate,G4,TBD,not-quoted,TBD,SA20;SA07;SA08,https://www.phoenixcontact.com/en-us/products/relay-module-plc-rsc-24dc21au-2966265,"Verify low-current wetting at PSU pull-up; pin 3/4 only, never apply 24 V to INH"
SB25,1,pc,Manual reset/enable control,TBD,TBD,Separate monitored reset and deliberate torque enable,blocked,G4,TBD,not-quoted,TBD,SA18,https://www.pilz.com/download/open/PNOZ_s5_Operat_Man_21397-EN-17.pdf,Exact button/contact diagram and reset edge behavior pending
SB26,1,pc,K1 coil suppression,TBD,TBD varistor or diode plus Zener,Manufacturer-approved transient suppression; not diode alone,blocked,G4,TBD,not-quoted,TBD,SA19,https://omronfs.omron.com/en_US/ecb/products/pdf/en-g9ej-1-e.pdf,Clamp voltage/energy and actual dropout time need qualification
SB27,1,included-cable,RH DC factory harness,MYACTUATOR,RH17 supplied accessory A Power Supply Cable; standalone SKU TBD,XT30(2+2); 18 AWG power tail; 20 cm,blocked,G1/G3,TBD,not-quoted,TBD,SA01,https://www.myactuator.com/_files/archives/cab28a_be98b58973d34f7aaa50bdf3f2aa12ed.zip,"Manual lists 2 included; use 1 and insulate spare. Actual cavity/mating orientation, polarity and terminal ends to verify"
SB28,1,included-cable,RH EtherCAT factory harness,MYACTUATOR,RH17 supplied accessory D EtherCAT Communication Cable; standalone SKU TBD,"SH1.0 4-pin, 480 mm; connects original F adapter to RH IN",blocked,G1/G6,TBD,not-quoted,TBD,SA01,https://www.myactuator.com/_files/archives/cab28a_be98b58973d34f7aaa50bdf3f2aa12ed.zip,Manual lists 2 included; use 1. Actual labels/pairing/shield not qualified; do not infer from pitch or photo
SB29,1,included-set,RH optional debug set,MYACTUATOR,RH17 accessories B + C + E; standalone SKUs TBD,GH1.25-2P 300 mm CAN lead; 120 ohm CAN termination; original USB-CAN adapter,candidate,G1,TBD,not-quoted,TBD,SA01,https://www.myactuator.com/_files/archives/cab28a_be98b58973d34f7aaa50bdf3f2aa12ed.zip,E provided one per order in product manual; do not attach CAN termination to EtherCAT
SB30,1,included-cable,RH resistor harness,MYACTUATOR,RH17 supplied accessory B Bleeder Resistor Cable; standalone SKU TBD,"GH1.25-2P, 300 mm; for RH17 RES interface only",blocked,G5,TBD,not-quoted,TBD,SA01,https://www.myactuator.com/_files/archives/cab28a_be98b58973d34f7aaa50bdf3f2aa12ed.zip,"As-shipped cavity/polarity; R/power, chopper behavior and thermal supervision required"
SB31,1,pc,Regeneration dissipation,TBD,TBD compatible braking resistor/chopper,No resistance or pulse energy frozen,blocked,G5,TBD,not-quoted,TBD,SA01,https://www.myactuator.com/_files/archives/cab28a_be98b58973d34f7aaa50bdf3f2aa12ed.zip,Do not bypass unknown internal chopper or attach generic resistor directly across 48 V
SB32,1,pc,Input transient capacitor,TBD,TBD exact qualified 1000 uF 100 V part,RH manual reference value downstream of switch near DC input,candidate,G3/G5,TBD,not-quoted,TBD,SA01,https://www.myactuator.com/_files/archives/cab28a_be98b58973d34f7aaa50bdf3f2aa12ed.zip,"Tolerance, ESR/ripple/temperature/inrush, discharge, mount and fault energy unqualified"
SB33,1,pc,Discharge/precharge network,TBD,TBD,Measured residual voltage and controlled charging/discharge,blocked,G3/G5,TBD,not-quoted,TBD,SA01,https://www.myactuator.com/_files/archives/cab28a_be98b58973d34f7aaa50bdf3f2aa12ed.zip,"Capacitance, allowable current and contact stress needed; no invented resistor value"
SB34,1,set,Fixture and shaft guarding,Project/custom,TBD released metal single-RH17 fixture + guard,"Fixed housing, output free inside guard; no arm/tool/workpiece",blocked,G7,TBD,not-quoted,TBD,SA01,https://www.myactuator.com/_files/archives/cab28a_be98b58973d34f7aaa50bdf3f2aa12ed.zip,"Fixture stress/fasteners/anchoring, torque reaction and containment verification; printed concept fixture excluded"
SB35,1,set,Enclosure and mains integration,TBD,TBD complete touch-safe bonded enclosure,"DIN rail, mains disconnect/protection, strain relief, AC power cords",blocked,G2/G3,TBD,not-quoted,TBD,SA07;SA10,https://www.keysight.com/content/dam/keysight/en/doc/ungate/data-sheets/5992-3747.pdf,Regional mains hardware and qualified wiring release; no exposed DIN PSU terminals
SB36,1,set,Panel wiring and crimp consumables,TBD,TBD qualified copper wire/ferrules/#250 receptacles,"Wire section, insulation, terminals and strain relief by branch calculation",blocked,G3,TBD,not-quoted,TBD,SA11;SA14;SA19,https://www.phoenixcontact.com/en-gb/products/fuse-terminal-block-uk-5-hesi-3004100,"Do not use breadboard jumpers, unspecified banana leads, or chassis as DC return"
SB37,1,set,Voltage/current transient measurement,TBD,TBD isolated/differential probe + scope and current probe,"Measure at RH DC pins; log peak V, peak I, stop time and residual charge",blocked,G3/G4/G5,TBD,not-quoted,TBD,SA07;SA01,https://www.keysight.com/content/dam/keysight/en/doc/ungate/data-sheets/5992-3747.pdf,Instrument common-mode/voltage/current bandwidth and calibration required; earth clip not across floating rail
SB38,1,pc,EtherCAT IPC-to-adapter patch,Beckhoff,ZK1090-9191-0010,"1 m shielded Cat.5 PUR, 8-pin RJ45 male to male; fixed bench routing",selected-for-single-axis-bench,G1/G6,TBD,not-quoted,TBD,SA22,https://www.beckhoff.com/en-au/products/i-o/accessories/pre-assembled-cables/ethercat-and-fieldbus-cables/zk1090-9191-0xxx.html,"5.9±0.2 mm OD, fixed Rmin 5D; no robotic twist claim; strain relief original adapter"
SB39,1,included-board,RH factory EtherCAT adapter,MYACTUATOR,RJ45 Adapter Plate V1.0; RH17 accessory F,Original RJ45-to-T+/T-/R+/R- adapter; one per EtherCAT order in manual,selected-for-single-axis-bench,NO-POWER/NO-LINK until G1,TBD,not-quoted,TBD,SA01,https://www.myactuator.com/_files/archives/cab28a_be98b58973d34f7aaa50bdf3f2aa12ed.zip,"Confirm included revision and labels; enclose exposed board, strain-relieve both cables; separate order SKU TBD"
