id,category,quantity,material,volume_mm3,nominal_mass_kg,note
A16-S101-root-to-shoulder-L,printed_structure,1,PA12 fit prototype,177970.14661519835,0.2046656686074781,Conventional L bracket; flat8mm foot and8mm annular face. Supported print; metal welded/bent/milled redesign requires strength validation.
A16-S102-shoulder-cross-adapter,printed_structure,1,PA12 fit prototype,107645.4170475442,0.12379222960467583,Native J2 output to native J3 front ring; no gear/cam. Bolt access recut after unions.
A16-S103-upper-proximal-socket,printed_structure,1,PA12 fit prototype,55786.214290246025,0.06415414643378294,220mm stock20x40x2 tube beginsX50. Fit gap0.2 per side;2xM4 transverse clamp through tube; output bolts before tube.
A16-S104-upper-distal-socket,printed_structure,1,PA12 fit prototype,123277.12016274607,0.141768688187158,Tube endsX270; offset end socket joins native J4 front annulus. Tool channels open with tube removed.
A16-S105-upper-stock-tube,purchased_structure,1,"6061-T6 stock rectangular tube20x40x2, saw cut220mm; drill4xD4.5 on side centreline",49025.530995059205,0.13236893368665986,"Catalogue material assumption only, not strength certification. Tube is purchased metal in supported fit."
A16-S106-fore-proximal-socket,printed_structure,1,PA12 fit prototype,67289.99730992841,0.07738349690641767,Ordinary elbow L/socket; tube centreY62. Bolt J4 output before installing tube.
A16-S107-fore-distal-socket,printed_structure,1,PA12 fit prototype,58083.41258425943,0.06679592447189835,Offset tube socket to native RS10P J5 fixed ring. No redundant gears.
A16-S108-fore-stock-tube,purchased_structure,1,"6061-T6 stock rectangular tube20x40x2, saw cut55mm; drill4xD4.5",12065.530995059227,0.03257693368665991,Fore axis spacing185 unchanged; fixed rear spine completes span outside wrist pitch sweep.
A16-S109-wrist-pitch-yaw-L,printed_structure,1,PA12 fit prototype,29208.505115334126,0.03358978088263424,"One L bracket, native J5 output/J6 front ring; open screw access; not a new joint module."
A16-S110-wrist-yaw-roll-L,printed_structure,1,PA12 fit prototype,83147.04393283208,0.09561910052275689,"J7 front ring/cartridge planes retained;6x cage through boltsPCD70; annular screw-head sweep relief, no extra mechanism."
A13-J7-101-bearing-housing,printed_structure,1,PA12/PETG supported fit only,66391.67659795734,0.08431742927940582,"Unchanged valid A13 STEP, no topology cleanup; new arm context, qualification pending."
A13-J7-102-bearing-retainer,printed_structure,1,PA12/PETG supported fit only,7146.613517852218,0.009076199167672317,"Unchanged valid A13 STEP, no topology cleanup; new arm context, qualification pending."
A13-J7-103-output-journal,printed_structure,1,PA12/PETG supported fit only,29605.391346717322,0.037598847010331,"Unchanged valid A13 STEP, no topology cleanup; new arm context, qualification pending."
A13-J7-104-inner-spacer,printed_structure,1,PA12/PETG supported fit only,376.5709304133361,0.0004782450816249368,"Unchanged valid A13 STEP, no topology cleanup; new arm context, qualification pending."
A13-IF-107-piloted-flange,printed_structure,1,PA12/PETG supported fit only,20217.50899493181,0.025676236423563398,"Unchanged valid A13 STEP, no topology cleanup; new arm context, qualification pending."
A13-IF-301-recessed-carrier,printed_structure,1,PA12/PETG supported fit only,102185.71845797198,0.1297758624416244,"Unchanged valid A13 STEP, no topology cleanup; new arm context, qualification pending."
A13-IF-302-dorsal-cover,printed_structure,1,PA12/PETG supported fit only,6645.147577232143,0.00843933742308482,"Unchanged valid A13 STEP, no topology cleanup; new arm context, qualification pending."
A13-IF-303-face-insert,printed_structure,1,PA12/PETG supported fit only,4515.209487060808,0.0057343160485672255,"Unchanged valid A13 STEP, no topology cleanup; new arm context, qualification pending."
