wire,area_mm2,one_way_m,conductor_C,other_loop_ohm,copper_loop_ohm,loop_ohm,rail_A,nominal_source_V,head_V,voltage_drop_V,drop_percent_of3p3,loss_W,passes_3percent_drop_only
LAPP0028170_2x1,1,1,20,0.04,0.039,0.079,1.0,3.3,3.2209999999999996,0.079,2.393939393939394,0.079,True
LAPP0028170_2x1,1,1,20,0.04,0.039,0.079,3.0,3.3,3.0629999999999997,0.237,7.181818181818182,0.711,False
LAPP0028170_2x1,1,1,20,0.1,0.039,0.139,1.0,3.3,3.1609999999999996,0.139,4.212121212121213,0.139,False
LAPP0028170_2x1,1,1,20,0.1,0.039,0.139,3.0,3.3,2.883,0.41700000000000004,12.636363636363638,1.2510000000000001,False
LAPP0028170_2x1,1,1,70,0.04,0.0466635,0.0866635,1.0,3.3,3.2133364999999996,0.0866635,2.626166666666667,0.0866635,True
LAPP0028170_2x1,1,1,70,0.04,0.0466635,0.0866635,3.0,3.3,3.0400095,0.2599905,7.878500000000001,0.7799715,False
LAPP0028170_2x1,1,1,70,0.1,0.0466635,0.1466635,1.0,3.3,3.1533365,0.1466635,4.444348484848485,0.1466635,False
LAPP0028170_2x1,1,1,70,0.1,0.0466635,0.1466635,3.0,3.3,2.8600095,0.4399905,13.333045454545456,1.3199715,False
LAPP0028170_2x1,1,2,20,0.04,0.078,0.118,1.0,3.3,3.182,0.118,3.5757575757575757,0.118,False
LAPP0028170_2x1,1,2,20,0.04,0.078,0.118,3.0,3.3,2.9459999999999997,0.354,10.727272727272727,1.0619999999999998,False
LAPP0028170_2x1,1,2,20,0.1,0.078,0.178,1.0,3.3,3.122,0.178,5.3939393939393945,0.178,False
LAPP0028170_2x1,1,2,20,0.1,0.078,0.178,3.0,3.3,2.766,0.534,16.181818181818183,1.602,False
LAPP0028170_2x1,1,2,70,0.04,0.093327,0.133327,1.0,3.3,3.166673,0.133327,4.040212121212122,0.133327,False
LAPP0028170_2x1,1,2,70,0.04,0.093327,0.133327,3.0,3.3,2.900019,0.39998100000000003,12.120636363636365,1.1999430000000002,False
LAPP0028170_2x1,1,2,70,0.1,0.093327,0.193327,1.0,3.3,3.106673,0.193327,5.858393939393939,0.193327,False
LAPP0028170_2x1,1,2,70,0.1,0.093327,0.193327,3.0,3.3,2.7200189999999997,0.579981,17.575181818181818,1.7399429999999998,False
LAPP0028170_2x1,1,3,20,0.04,0.11699999999999999,0.157,1.0,3.3,3.143,0.157,4.757575757575758,0.157,False
LAPP0028170_2x1,1,3,20,0.04,0.11699999999999999,0.157,3.0,3.3,2.8289999999999997,0.471,14.272727272727272,1.4129999999999998,False
LAPP0028170_2x1,1,3,20,0.1,0.11699999999999999,0.217,1.0,3.3,3.0829999999999997,0.217,6.575757575757576,0.217,False
LAPP0028170_2x1,1,3,20,0.1,0.11699999999999999,0.217,3.0,3.3,2.649,0.651,19.72727272727273,1.953,False
LAPP0028170_2x1,1,3,70,0.04,0.1399905,0.1799905,1.0,3.3,3.1200094999999997,0.1799905,5.454257575757576,0.1799905,False
LAPP0028170_2x1,1,3,70,0.04,0.1399905,0.1799905,3.0,3.3,2.7600284999999998,0.5399715,16.36277272727273,1.6199145000000001,False
LAPP0028170_2x1,1,3,70,0.1,0.1399905,0.2399905,1.0,3.3,3.0600094999999996,0.2399905,7.272439393939394,0.2399905,False
LAPP0028170_2x1,1,3,70,0.1,0.1399905,0.2399905,3.0,3.3,2.5800285,0.7199715,21.817318181818184,2.1599145,False
LAPP0028181_3G2p5,2.5,1,20,0.04,0.01596,0.055959999999999996,1.0,3.3,3.24404,0.055959999999999996,1.6957575757575756,0.055959999999999996,True
LAPP0028181_3G2p5,2.5,1,20,0.04,0.01596,0.055959999999999996,3.0,3.3,3.13212,0.16787999999999997,5.087272727272727,0.5036399999999999,False
LAPP0028181_3G2p5,2.5,1,20,0.1,0.01596,0.11596000000000001,1.0,3.3,3.18404,0.11596000000000001,3.513939393939394,0.11596000000000001,False
LAPP0028181_3G2p5,2.5,1,20,0.1,0.01596,0.11596000000000001,3.0,3.3,2.95212,0.34788,10.541818181818183,1.0436400000000001,False
LAPP0028181_3G2p5,2.5,1,70,0.04,0.019096139999999998,0.05909614,1.0,3.3,3.24090386,0.05909614,1.7907921212121212,0.05909614,True
LAPP0028181_3G2p5,2.5,1,70,0.04,0.019096139999999998,0.05909614,3.0,3.3,3.12271158,0.17728842,5.372376363636364,0.53186526,False
LAPP0028181_3G2p5,2.5,1,70,0.1,0.019096139999999998,0.11909614,1.0,3.3,3.18090386,0.11909614,3.6089739393939393,0.11909614,False
LAPP0028181_3G2p5,2.5,1,70,0.1,0.019096139999999998,0.11909614,3.0,3.3,2.9427115799999997,0.35728842,10.82692181818182,1.07186526,False
LAPP0028181_3G2p5,2.5,2,20,0.04,0.03192,0.07192,1.0,3.3,3.22808,0.07192,2.1793939393939397,0.07192,True
LAPP0028181_3G2p5,2.5,2,20,0.04,0.03192,0.07192,3.0,3.3,3.08424,0.21576,6.538181818181819,0.6472800000000001,False
LAPP0028181_3G2p5,2.5,2,20,0.1,0.03192,0.13192,1.0,3.3,3.16808,0.13192,3.997575757575758,0.13192,False
LAPP0028181_3G2p5,2.5,2,20,0.1,0.03192,0.13192,3.0,3.3,2.9042399999999997,0.39576,11.992727272727274,1.18728,False
LAPP0028181_3G2p5,2.5,2,70,0.04,0.038192279999999995,0.07819228,1.0,3.3,3.2218077199999997,0.07819228,2.369463030303031,0.07819228,True
LAPP0028181_3G2p5,2.5,2,70,0.04,0.038192279999999995,0.07819228,3.0,3.3,3.06542316,0.23457684,7.108389090909092,0.70373052,False
LAPP0028181_3G2p5,2.5,2,70,0.1,0.038192279999999995,0.13819228,1.0,3.3,3.1618077199999997,0.13819228,4.187644848484849,0.13819228,False
LAPP0028181_3G2p5,2.5,2,70,0.1,0.038192279999999995,0.13819228,3.0,3.3,2.8854231599999998,0.41457684,12.562934545454546,1.24373052,False
LAPP0028181_3G2p5,2.5,3,20,0.04,0.04787999999999999,0.08787999999999999,1.0,3.3,3.2121199999999996,0.08787999999999999,2.6630303030303026,0.08787999999999999,True
LAPP0028181_3G2p5,2.5,3,20,0.04,0.04787999999999999,0.08787999999999999,3.0,3.3,3.0363599999999997,0.26364,7.989090909090908,0.79092,False
LAPP0028181_3G2p5,2.5,3,20,0.1,0.04787999999999999,0.14788,1.0,3.3,3.15212,0.14788,4.481212121212121,0.14788,False
LAPP0028181_3G2p5,2.5,3,20,0.1,0.04787999999999999,0.14788,3.0,3.3,2.8563599999999996,0.44364000000000003,13.443636363636365,1.33092,False
LAPP0028181_3G2p5,2.5,3,70,0.04,0.057288419999999986,0.09728841999999999,1.0,3.3,3.20271158,0.09728841999999999,2.948133939393939,0.09728841999999999,True
LAPP0028181_3G2p5,2.5,3,70,0.04,0.057288419999999986,0.09728841999999999,3.0,3.3,3.00813474,0.29186525999999996,8.844401818181817,0.8755957799999998,False
LAPP0028181_3G2p5,2.5,3,70,0.1,0.057288419999999986,0.15728841999999998,1.0,3.3,3.14271158,0.15728841999999998,4.766315757575757,0.15728841999999998,False
LAPP0028181_3G2p5,2.5,3,70,0.1,0.057288419999999986,0.15728841999999998,3.0,3.3,2.82813474,0.47186525999999995,14.298947272727272,1.4155957799999999,False
