id,frame,size_x_mm,size_y_mm,size_z_mm,source_step_sha256,print_stl_sha256
A16-R101-base-adapter,world,134.0,133.8650665283203,8.0,55756b0e5229b30a81daa8d13c3cfab6d4c4c5d63874ef3b0b123c052104cdae,ace27d7747939b55dab1dfa3faa448c6525800be36790c7122e8e9b9d5f7846e
A16-R103-J1-output-pedestal,J1.rotor,120.0,119.87916564941406,30.0,094bb4641d5956545241361e55f84fa74694b7d9a8b077dd74b77f7e17daf29e,d6c43ddb88da5646e825cdb65f910b425d1651f288e40f807525fb1e24919c54
A16-S103-upper-proximal-socket,J3.rotor,69.98433685302734,69.9921646118164,47.150001525878906,cea16da70ff1cd11f5655e13ccb67dc1fd141ef2f6576ff5ec5aa0dbb0037d76,ba12ce685c31925762007fbd4a3a3b915650c83b4032ecf186edcfa5db666348
A16-S106-fore-proximal-socket,J4.rotor,74.99607849121094,69.98433685302734,48.150001525878906,b4e20cb545aac369fff7964df6e96fa39fb23414bad48b38a25d09499bb42a11,75ca95c1ea1e6b80d324d502e17d335a3bacee150beb8be84dda1b32afcbb987
A16-S110-wrist-yaw-roll-L,J6.rotor,128.3000030517578,83.9933090209961,90.28125762939453,382752ba1eca9eb44c4cce83b8f8ded68df8b33f440254adc58cd8691ebb8cab,bbadfa48ba5ce61185cf6792566209172927e726be21da524884ea99701c1474
A13-J7-102-bearing-retainer,J7.fixed,84.0,80.44444274902344,2.5,eb87eaca2be00607076e04015d35d6885c50d7e17df72ffeb6c0dbd7a8d1582e,789afee07262bf227ec02718be358980925646e2abc08611d3fb6b112484a591
A13-J7-103-output-journal,J7.rotor,36.991722106933594,36.9958610534668,34.0,06e985a75ede4e12223c240463832fc74690ee422381150be507a8501d16fbb0,f956526eda7c9f305fec1708f580f115eeea908ced05b371c643f2cbf5fe84c9
A13-J7-104-inner-spacer,J7.rotor,36.9958610534668,36.991722106933594,3.5,edbd983066063fcb01777220aa2220f82d81b8a3a3a2f2444c0a51733275517a,e63f8a57c6e49d862c5ff502cb0567bd1710f8218ffb20287d7f638c7b3de6e9
A13-IF-107-piloted-flange,J7.rotor,59.986572265625,59.9932861328125,9.999996185302734,300de7429924e9a09948397a48a4307fc51d02958c383513c5c4d26cc7d3ff99,830522613b80e7a8edd1acff9ae30b0e3bfc8f9f39202142596fb3f24407015f
A13-IF-301-recessed-carrier,J7.rotor,88.0,88.0,46.30000305175781,2186ae8a5f4f2f30a31f84847edb8c4b7fc932960e4cd4213049e352db1861a8,abb6f7d2366e4756cea64355d821f2943ec2ee26016959ed06a779afdf145677
A13-IF-302-dorsal-cover,J7.rotor,24.0,77.07593536376953,29.100006103515625,990caf7c49523f9747d3f504afed467b664fe3c44e83c9e2c8b54a334ed9a913,61a115a090dee7cbe0201b5fde1ce8c3f708113a6e01d86909420a7d8a96c058
A16-C03-root-front-holder,J1.fixed,134.0,133.8650665283203,6.0,b5aadc6397d775ce98224c32503ce323182debb5145f8ed02fd409380d452adc,d1669ad0cf0ee01380701771909fb33f6cba5371df07cd7883126ba397d1e7d9
A16-C04-J2-mount-plate,J1.rotor,133.9856414794922,150.9337921142578,104.5,258675ac6fa79152e2fb32389eed6d5d6496adf6d68bd68913e6c83b6a48ebac,2f9d3a5f0fe1b6a63f92f7feb1831d7ff9eadc2f4628cbc348c1d05a259d74da
A16-C04-J3-mount-plate,J2.rotor,150.0,133.86688232421875,70.33238220214844,049545b5ae969f50ade082aac84896924340255cf66a86604292388a540c02dd,943b4037144eb324a98c799e0c80358e68ea63f0bca0db3b729452a2ac63cdd1
A16-C04-J4-mount-plate,J3.rotor,162.0,133.88938903808594,49.349998474121094,6d7207dc2bbdd49d464f581db9250ec23221f8c746a710b14e544dddabf43c01,05790537ef11eedea1a50268be94f1b35ae82687a3187d4362a5014e17f39a18
A16-C05-J6-mount-plate,J5.rotor,107.99540710449219,67.5,56.79999923706055,99e124e9541c43dd755599a2ae9e7fbf2419bb2459a2438ed42b54c923768abe,a780c789c449b2dcc9f5918afa2fa0e05204d547b3d74ac52211dfc8aafb6252
A16-C05-J7-bearing-housing,J7.fixed,84.0,84.0,20.900001525878906,7025082a70d267536bc92edf7aae39549d51ad11ef0d03e0b0b7ccc1e2154223,fcb21fa3d9ec639ffc4ac1780d955e7ecc54b62a0ccc1a6d62a4b7d2d2ad21f6
A16-C06-upper-saddle-115-dorsal,J3.rotor,8.0,38.0,26.84847068786621,a4cff578d59c92f4978b6c883bcab5f7cf6ea56d50560f240a0d11a9b2583d63,a2602d922818281a7cf53d53aba55be79f65e353a146c6dbed3e98ecaea3af17
A16-C06-upper-saddle-115-ventral,J3.rotor,8.0,38.0,25.152191162109375,b39f681903deddc94776441967cb0265567671d88031300e128b359c21e56810,662e86867aa83c005ed328cb9bfb512f0aea3692cb40efebe8152e316a7e5fbe
A16-C06-upper-saddle-200-dorsal,J3.rotor,8.0,38.0,26.311431884765625,912a160ba42ca7dd4f94532a600655916531277459378160d83f898d9da905f4,c6cd86e2a6d8ace479782b30e30033df838ac23713f3782a2814e0ced7630e2f
A16-C06-upper-saddle-200-ventral,J3.rotor,8.0,38.0,24.644445419311523,60bf126522a8e17dd46b8e9ea3d6e4ea7d07cb51fbe434c20dc338e2726e197d,d17911fa02dd98fc32000ed234c645ae0dad050581db26c1b5866740b5f603d7
A16-C06-fore-spine-and-J5-ring,J4.rotor,167.49107360839844,66.43434143066406,55.5,bddeef6fdda4ee263ca667200620ec377c63f5ca9533ce047ec558a5d4d911b5,148a3c7de7969cf47e875a17f871a44628f1be5ba4cb1cad042444744f92c10d
A17-C03-root-cowl-a,J1.fixed,146.29026794433594,118.30000305175781,77.72541809082031,2b9b4a3449a5936c92469d2f5a08b806c369f66a1c37c32221ef2df158456928,ea818804aa7472efa709fde069933eb43af2fbe763f9e93d2833e2f44108df3f
A17-C03-root-cowl-b,J1.fixed,146.2899169921875,118.30000305175781,73.58343505859375,e166c0f8bdb77ddedd0bc2b170c99ab9aa646e9e1eb2423cd074c31fee8e9ece,b2e89705f81892e3f712273807ce3483f4869f142e825cb073569c20f56022be
A17-C04-J2-cowl-a,J2.fixed,142.0,77.89999389648438,75.6500015258789,7b445d6b00c36575b659d2ea1605f84416e442b0276832bbda2aafceed7402bd,f9848c8df002f3805b28ab86a070d8afa0b9e8d60905a8024b8b982784e0a4af
A17-C04-J2-cowl-b,J2.fixed,142.0,77.89999389648438,71.51000213623047,0ce428170d0500b55e5ee7be668daed6324d41be826c1cdac2d58a4e892bb750,2304eedf1869f8f52dffee000b9300f2c63181cb800533f45c3cd4ad4a68b5db
A17-C05-J5-cowl-a,J5.fixed,74.0,82.75126647949219,39.200260162353516,40a8985df08be49d19d6cae5f74c9db767245c4988d1fcec61488094bfe34309,eeafa173fc64f9af81a5fad69bdb5e1df650b799e736dec82d6af4a4f6311b88
A17-C05-J5-cowl-b,J5.fixed,74.0,79.71942138671875,37.14370346069336,dfe0e885b667f693cdb8dc14db34e39c9138ea73621fa0bf653cb5e78bebae86,e8f68c46899790bdbfac4e6325f8d3188826b41a6b85ebe4ea95eb669300724a
A17-C05-J6-cowl-a,J6.fixed,74.0,82.55818176269531,34.133846282958984,026f97d54fc3aec5f19169988831445ba28d177bc3a8a9358c08086e06ef833f,46bdf12352d535846cd5403a2e91546b0418214c210c3f38bfbd2e2ae88d6ef1
A17-C05-J6-cowl-b,J6.fixed,74.0,82.52787780761719,32.32339859008789,490ce3eb02a27a9b3192b4c271077d9371b13a0dd2fbd476b96ba5019d9c5500,b76d2e616ae0d29c0ac09ca03793e3b27b3a23cb99035ef52753ec32dcd8b4b5
A17-C05-J7-cowl-a,J7.fixed,98.0,94.0,50.349998474121094,7a44288ee767a0279a52e60c81ab16eb71285025d0c170182613471e75d39398,a1faf06ecea876a143582743696309db1ca421663534b1b9e6156077c77cc60e
A17-C05-J7-cowl-b,J7.fixed,98.0,94.0,47.59000015258789,e020223c848b455d407c1c91a8a094b1ee228734d691a382f6d498fe8f439174,bba293419f4b35b072485e436110c37620ce5b633b46d7c61a312754e0ee4ffb
A17-C06-upper-dorsal,J3.rotor,228.75,85.48169708251953,50.630859375,893c862ce6a4c5197d1a80b377cab00955d633a12d042e38b9618fc57ffed17a,25a7d42a0995d4f64f6595cff92dedb6b2f6f61ddaa6bd0aeb7197c0729de78d
A17-C06-upper-ventral,J3.rotor,228.75,85.5037612915039,50.38759994506836,4d49fef437cd6b60ec419638466feba50a409b8f1c9e16f2a254647e64db0d9f,b853a52bfeb9ae21f594871df48983e1f13cbbb3ede507d13ba8941d7a43ecc6
A17-C06-fore-dorsal,J4.rotor,87.0,70.5,39.187522888183594,dd97f08c4244a2884c9c41a520ec776d27f34a06c6f5599138ac84523f9731eb,e734367c63e23f2d18917864e9b1618d850793d8c79350f2aec90451e9297b27
A17-C06-fore-ventral,J4.rotor,54.0,70.0,37.13772201538086,75304ef6e6f6fc7fa9c8e6edf4231f0dc1838a0d2d4bdc1f1113ec21c72dd0b9,095559ad1477e214dd5fc497c868e77f68776b6360de9f965a822f8539b26748
A18-IF09-101-contact-insert,J7.rotor,65.99646759033203,52.0,6.0,c1f514e61a613d494367078c09b2f5ac94912ca8fbb5a0c150d8d7bcbb8eee6f,ebe4d33bfe2a0521ed7ff223f3078b6272920f87b8bc19b74c9ebe7c7489e7e8
A18-C04-J3-cowl-a,J3.fixed,81.80000305175781,140.0,75.46031951904297,d4945b6a8a31a57de2d43c03af223f3bf0cee53bee2dae3058be1cb7e3856f20,93df1ba9245c4363b10e30f01efadf8e838ece85ea2d406ce1c11682cb595906
A18-C04-J3-cowl-b,J3.fixed,81.80000305175781,140.0,71.44925689697266,f427dd686954d577d0ea0327ec8ef64108de2b222c899ab370a2b76fc728ddb0,72c962b55b9ba622e676149d8227b9e2a13d4a3b400f49f0ec1e111d9617f88c
A18-C04-J4-cowl-a,J3.rotor,142.0,90.0,75.6500015258789,2ddf0ee1ea34688de17879e5eeed1091adbafd3c41b10502bb24f7abca7d1862,fc405c38106ecc6a562a9fc8e107ad2855cf61f34d7448d2b27a705ba01cc572
A18-C04-J4-cowl-b,J3.rotor,142.0,90.0,71.51000213623047,ccfd0e63d1cefee628603e5b221d3b58d598b83950e93710822284173b264dc3,cb38a3628bcf57fa948f564810d7fcf511c5459c4f87aed78aa364818386c327
