nominal_description,quantity
"6807 ID35 OD47 width7 nominal closed envelope, not internal rolling geometry. Uniform steel envelope mass is conservative, not catalogue mass. Shim after physical endplay measurement.",2
"ISO4032 nut M3; AF5.5, envelope height2.4; thread helix omitted",32
"ISO4032 nut M4; AF7, envelope height3.2; thread helix omitted",11
"ISO4032 nut M5; AF8, envelope height4.7; thread helix omitted",8
ISO4762 M3x10,4
ISO4762 M3x12,10
ISO4762 M3x16,16
ISO4762 M3x20,4
ISO4762 M3x40,12
ISO4762 M3x8,10
ISO4762 M4x12,50
ISO4762 M4x14,12
ISO4762 M4x20,3
ISO4762 M4x25,6
ISO4762 M4x35,8
ISO4762 M5x110,4
ISO4762 M5x16,27
ISO4762 M5x30,4
ISO4762 M6x20,8
ISO7380-1 M3x10; hexsocketAF2,2
ISO7380-1 M3x12; hexsocketAF2,6
Purchased steel D3x6 clock dowel; actual retention trial required.,1
Purchased washer OD10 /hole5.4 /th1,12
Purchased washer OD12 /hole6.4 /th1.6,8
Purchased washer OD7 /hole3.2 /th0.5,62
Purchased washer OD7 /hole3.4 /th0.5,30
Purchased washer OD8.8 /hole4.4 /th0.8,3
Purchased washer OD9 /hole4.4 /th0.8,84
Purchased washer OD9 /hole5.4 /th1,27
"Ruthex manufacturer datasheet15.08.2022: maximumOD4.6, recommended pilotD4.0,minwall1.6; length4. Brass density8.5 is assumed; pull-out and insertion process unqualified.",10
"Ruthex manufacturer datasheet15.08.2022: maximumOD4.6, recommended pilotD4.0,minwall1.6; length5.7. Brass density8.5 is assumed; pull-out and insertion process unqualified.",10
Stock spacer OD8 ID4.5 length16 nominal; match measured tube internal width before cutting; bolt captures sleeve. No tube wall crushing used as a clamp strategy.,8
"ISO4762 nominal M2.5x6; head D4.5 h2.5, verify sample",2
M2.5 nut AF5 thickness2 nominal; verify sample,2
